Y;Fieldvalue
-----------;-----------
-1.2500E+01;6.5703E+00
-1.2499E+01;6.5717E+00
-1.2498E+01;6.5731E+00
-1.2497E+01;6.5744E+00
-1.2496E+01;6.5758E+00
-1.2495E+01;6.5772E+00
-1.2494E+01;6.5786E+00
-1.2493E+01;6.5800E+00
-1.2492E+01;6.5813E+00
-1.2491E+01;6.5827E+00
-1.2490E+01;6.5841E+00
-1.2489E+01;6.5855E+00
-1.2488E+01;6.5869E+00
-1.2487E+01;6.5883E+00
-1.2486E+01;6.5896E+00
-1.2485E+01;6.5910E+00
-1.2484E+01;6.5924E+00
-1.2483E+01;6.5938E+00
-1.2482E+01;6.5952E+00
-1.2481E+01;6.5965E+00
-1.2480E+01;6.5979E+00
-1.2479E+01;6.5993E+00
-1.2478E+01;6.6007E+00
-1.2477E+01;6.6021E+00
-1.2476E+01;6.6034E+00
-1.2475E+01;6.6048E+00
-1.2474E+01;6.6062E+00
-1.2473E+01;6.6076E+00
-1.2472E+01;6.6090E+00
-1.2471E+01;6.6104E+00
-1.2470E+01;6.6117E+00
-1.2469E+01;6.6131E+00
-1.2468E+01;6.6145E+00
-1.2467E+01;6.6159E+00
-1.2466E+01;6.6173E+00
-1.2465E+01;6.6186E+00
-1.2464E+01;6.6200E+00
-1.2463E+01;6.6214E+00
-1.2462E+01;6.6228E+00
-1.2461E+01;6.6242E+00
-1.2460E+01;6.6256E+00
-1.2459E+01;6.6269E+00
-1.2458E+01;6.6283E+00
-1.2457E+01;6.6297E+00
-1.2456E+01;6.6311E+00
-1.2455E+01;6.6325E+00
-1.2454E+01;6.6338E+00
-1.2453E+01;6.6352E+00
-1.2452E+01;6.6366E+00
-1.2451E+01;6.6380E+00
-1.2450E+01;6.6394E+00
-1.2449E+01;6.6407E+00
-1.2448E+01;6.6421E+00
-1.2447E+01;6.6435E+00
-1.2446E+01;6.6449E+00
-1.2445E+01;6.6463E+00
-1.2444E+01;6.6477E+00
-1.2443E+01;6.6490E+00
-1.2442E+01;6.6504E+00
-1.2441E+01;6.6518E+00
-1.2440E+01;6.6532E+00
-1.2439E+01;6.6546E+00
-1.2438E+01;6.6559E+00
-1.2437E+01;6.6573E+00
-1.2436E+01;6.6587E+00
-1.2435E+01;6.6601E+00
-1.2434E+01;6.6615E+00
-1.2433E+01;6.6628E+00
-1.2432E+01;6.6642E+00
-1.2431E+01;6.6656E+00
-1.2430E+01;6.6670E+00
-1.2429E+01;6.6684E+00
-1.2428E+01;6.6698E+00
-1.2427E+01;6.6711E+00
-1.2426E+01;6.6725E+00
-1.2425E+01;6.6739E+00
-1.2424E+01;6.6753E+00
-1.2423E+01;6.6767E+00
-1.2422E+01;6.6780E+00
-1.2421E+01;6.6794E+00
-1.2420E+01;6.6808E+00
-1.2419E+01;6.6822E+00
-1.2418E+01;6.6836E+00
-1.2417E+01;6.6850E+00
-1.2416E+01;6.6863E+00
-1.2415E+01;6.6877E+00
-1.2414E+01;6.6891E+00
-1.2413E+01;6.6905E+00
-1.2412E+01;6.6919E+00
-1.2411E+01;6.6932E+00
-1.2410E+01;6.6946E+00
-1.2409E+01;6.6960E+00
-1.2408E+01;6.6974E+00
-1.2407E+01;6.6988E+00
-1.2406E+01;6.7002E+00
-1.2405E+01;6.7015E+00
-1.2404E+01;6.7029E+00
-1.2403E+01;6.7043E+00
-1.2402E+01;6.7057E+00
-1.2401E+01;6.7071E+00
-1.2400E+01;6.7084E+00
-1.2399E+01;6.7098E+00
-1.2398E+01;6.7112E+00
-1.2397E+01;6.7125E+00
-1.2396E+01;6.7139E+00
-1.2395E+01;6.7153E+00
-1.2394E+01;6.7167E+00
-1.2393E+01;6.7180E+00
-1.2392E+01;6.7194E+00
-1.2391E+01;6.7208E+00
-1.2390E+01;6.7222E+00
-1.2389E+01;6.7235E+00
-1.2388E+01;6.7249E+00
-1.2387E+01;6.7263E+00
-1.2386E+01;6.7277E+00
-1.2385E+01;6.7290E+00
-1.2384E+01;6.7304E+00
-1.2383E+01;6.7318E+00
-1.2382E+01;6.7332E+00
-1.2381E+01;6.7345E+00
-1.2380E+01;6.7359E+00
-1.2379E+01;6.7373E+00
-1.2378E+01;6.7386E+00
-1.2377E+01;6.7400E+00
-1.2376E+01;6.7414E+00
-1.2375E+01;6.7428E+00
-1.2374E+01;6.7441E+00
-1.2373E+01;6.7455E+00
-1.2372E+01;6.7469E+00
-1.2371E+01;6.7483E+00
-1.2370E+01;6.7496E+00
-1.2369E+01;6.7510E+00
-1.2368E+01;6.7524E+00
-1.2367E+01;6.7538E+00
-1.2366E+01;6.7551E+00
-1.2365E+01;6.7565E+00
-1.2364E+01;6.7579E+00
-1.2363E+01;6.7593E+00
-1.2362E+01;6.7606E+00
-1.2361E+01;6.7620E+00
-1.2360E+01;6.7634E+00
-1.2359E+01;6.7647E+00
-1.2358E+01;6.7661E+00
-1.2357E+01;6.7675E+00
-1.2356E+01;6.7689E+00
-1.2355E+01;6.7702E+00
-1.2354E+01;6.7716E+00
-1.2353E+01;6.7730E+00
-1.2352E+01;6.7744E+00
-1.2351E+01;6.7757E+00
-1.2350E+01;6.7771E+00
-1.2349E+01;6.7785E+00
-1.2348E+01;6.7799E+00
-1.2347E+01;6.7812E+00
-1.2346E+01;6.7826E+00
-1.2345E+01;6.7840E+00
-1.2344E+01;6.7854E+00
-1.2343E+01;6.7867E+00
-1.2342E+01;6.7881E+00
-1.2341E+01;6.7895E+00
-1.2340E+01;6.7909E+00
-1.2339E+01;6.7922E+00
-1.2338E+01;6.7936E+00
-1.2337E+01;6.7950E+00
-1.2336E+01;6.7963E+00
-1.2335E+01;6.7977E+00
-1.2334E+01;6.7991E+00
-1.2333E+01;6.8005E+00
-1.2332E+01;6.8018E+00
-1.2331E+01;6.8032E+00
-1.2330E+01;6.8046E+00
-1.2329E+01;6.8060E+00
-1.2328E+01;6.8073E+00
-1.2327E+01;6.8087E+00
-1.2326E+01;6.8101E+00
-1.2325E+01;6.8115E+00
-1.2324E+01;6.8128E+00
-1.2323E+01;6.8142E+00
-1.2322E+01;6.8156E+00
-1.2321E+01;6.8170E+00
-1.2320E+01;6.8183E+00
-1.2319E+01;6.8197E+00
-1.2318E+01;6.8211E+00
-1.2317E+01;6.8224E+00
-1.2316E+01;6.8238E+00
-1.2315E+01;6.8252E+00
-1.2314E+01;6.8266E+00
-1.2313E+01;6.8279E+00
-1.2312E+01;6.8293E+00
-1.2311E+01;6.8307E+00
-1.2310E+01;6.8321E+00
-1.2309E+01;6.8334E+00
-1.2308E+01;6.8348E+00
-1.2307E+01;6.8362E+00
-1.2306E+01;6.8376E+00
-1.2305E+01;6.8389E+00
-1.2304E+01;6.8403E+00
-1.2303E+01;6.8417E+00
-1.2302E+01;6.8431E+00
-1.2301E+01;6.8444E+00
-1.2300E+01;6.8458E+00
-1.2299E+01;6.8472E+00
-1.2298E+01;6.8486E+00
-1.2297E+01;6.8499E+00
-1.2296E+01;6.8513E+00
-1.2295E+01;6.8527E+00
-1.2294E+01;6.8541E+00
-1.2293E+01;6.8554E+00
-1.2292E+01;6.8568E+00
-1.2291E+01;6.8582E+00
-1.2290E+01;6.8595E+00
-1.2289E+01;6.8609E+00
-1.2288E+01;6.8623E+00
-1.2287E+01;6.8637E+00
-1.2286E+01;6.8650E+00
-1.2285E+01;6.8664E+00
-1.2284E+01;6.8678E+00
-1.2283E+01;6.8692E+00
-1.2282E+01;6.8705E+00
-1.2281E+01;6.8719E+00
-1.2280E+01;6.8733E+00
-1.2279E+01;6.8747E+00
-1.2278E+01;6.8760E+00
-1.2277E+01;6.8774E+00
-1.2276E+01;6.8788E+00
-1.2275E+01;6.8802E+00
-1.2274E+01;6.8815E+00
-1.2273E+01;6.8829E+00
-1.2272E+01;6.8843E+00
-1.2271E+01;6.8857E+00
-1.2270E+01;6.8870E+00
-1.2269E+01;6.8884E+00
-1.2268E+01;6.8898E+00
-1.2267E+01;6.8911E+00
-1.2266E+01;6.8925E+00
-1.2265E+01;6.8939E+00
-1.2264E+01;6.8953E+00
-1.2263E+01;6.8966E+00
-1.2262E+01;6.8980E+00
-1.2261E+01;6.8994E+00
-1.2260E+01;6.9008E+00
-1.2259E+01;6.9021E+00
-1.2258E+01;6.9035E+00
-1.2257E+01;6.9049E+00
-1.2256E+01;6.9063E+00
-1.2255E+01;6.9076E+00
-1.2254E+01;6.9090E+00
-1.2253E+01;6.9104E+00
-1.2252E+01;6.9118E+00
-1.2251E+01;6.9131E+00
-1.2250E+01;6.9145E+00
-1.2249E+01;6.9159E+00
-1.2248E+01;6.9173E+00
-1.2247E+01;6.9186E+00
-1.2246E+01;6.9200E+00
-1.2245E+01;6.9214E+00
-1.2244E+01;6.9227E+00
-1.2243E+01;6.9241E+00
-1.2242E+01;6.9255E+00
-1.2241E+01;6.9269E+00
-1.2240E+01;6.9282E+00
-1.2239E+01;6.9296E+00
-1.2238E+01;6.9310E+00
-1.2237E+01;6.9324E+00
-1.2236E+01;6.9337E+00
-1.2235E+01;6.9351E+00
-1.2234E+01;6.9365E+00
-1.2233E+01;6.9379E+00
-1.2232E+01;6.9392E+00
-1.2231E+01;6.9406E+00
-1.2230E+01;6.9420E+00
-1.2229E+01;6.9434E+00
-1.2228E+01;6.9447E+00
-1.2227E+01;6.9461E+00
-1.2226E+01;6.9475E+00
-1.2225E+01;6.9489E+00
-1.2224E+01;6.9502E+00
-1.2223E+01;6.9516E+00
-1.2222E+01;6.9530E+00
-1.2221E+01;6.9544E+00
-1.2220E+01;6.9557E+00
-1.2219E+01;6.9571E+00
-1.2218E+01;6.9585E+00
-1.2217E+01;6.9598E+00
-1.2216E+01;6.9612E+00
-1.2215E+01;6.9626E+00
-1.2214E+01;6.9640E+00
-1.2213E+01;6.9653E+00
-1.2212E+01;6.9667E+00
-1.2211E+01;6.9681E+00
-1.2210E+01;6.9695E+00
-1.2209E+01;6.9708E+00
-1.2208E+01;6.9722E+00
-1.2207E+01;6.9736E+00
-1.2206E+01;6.9750E+00
-1.2205E+01;6.9763E+00
-1.2204E+01;6.9777E+00
-1.2203E+01;6.9791E+00
-1.2202E+01;6.9805E+00
-1.2201E+01;6.9818E+00
-1.2200E+01;6.9832E+00
-1.2199E+01;6.9846E+00
-1.2198E+01;6.9860E+00
-1.2197E+01;6.9873E+00
-1.2196E+01;6.9887E+00
-1.2195E+01;6.9901E+00
-1.2194E+01;6.9915E+00
-1.2193E+01;6.9928E+00
-1.2192E+01;6.9942E+00
-1.2191E+01;6.9956E+00
-1.2190E+01;6.9970E+00
-1.2189E+01;6.9983E+00
-1.2188E+01;6.9997E+00
-1.2187E+01;7.0011E+00
-1.2186E+01;7.0024E+00
-1.2185E+01;7.0038E+00
-1.2184E+01;7.0052E+00
-1.2183E+01;7.0066E+00
-1.2182E+01;7.0079E+00
-1.2181E+01;7.0093E+00
-1.2180E+01;7.0107E+00
-1.2179E+01;7.0121E+00
-1.2178E+01;7.0134E+00
-1.2177E+01;7.0148E+00
-1.2176E+01;7.0162E+00
-1.2175E+01;7.0176E+00
-1.2174E+01;7.0189E+00
-1.2173E+01;7.0203E+00
-1.2172E+01;7.0217E+00
-1.2171E+01;7.0231E+00
-1.2170E+01;7.0244E+00
-1.2169E+01;7.0258E+00
-1.2168E+01;7.0272E+00
-1.2167E+01;7.0286E+00
-1.2166E+01;7.0299E+00
-1.2165E+01;7.0313E+00
-1.2164E+01;7.0327E+00
-1.2163E+01;7.0341E+00
-1.2162E+01;7.0354E+00
-1.2161E+01;7.0368E+00
-1.2160E+01;7.0382E+00
-1.2159E+01;7.0396E+00
-1.2158E+01;7.0409E+00
-1.2157E+01;7.0423E+00
-1.2156E+01;7.0437E+00
-1.2155E+01;7.0450E+00
-1.2154E+01;7.0464E+00
-1.2153E+01;7.0478E+00
-1.2152E+01;7.0492E+00
-1.2151E+01;7.0505E+00
-1.2150E+01;7.0519E+00
-1.2149E+01;7.0533E+00
-1.2148E+01;7.0547E+00
-1.2147E+01;7.0560E+00
-1.2146E+01;7.0574E+00
-1.2145E+01;7.0588E+00
-1.2144E+01;7.0602E+00
-1.2143E+01;7.0615E+00
-1.2142E+01;7.0629E+00
-1.2141E+01;7.0643E+00
-1.2140E+01;7.0657E+00
-1.2139E+01;7.0670E+00
-1.2138E+01;7.0684E+00
-1.2137E+01;7.0698E+00
-1.2136E+01;7.0712E+00
-1.2135E+01;7.0725E+00
-1.2134E+01;7.0739E+00
-1.2133E+01;7.0753E+00
-1.2132E+01;7.0767E+00
-1.2131E+01;7.0780E+00
-1.2130E+01;7.0794E+00
-1.2129E+01;7.0808E+00
-1.2128E+01;7.0822E+00
-1.2127E+01;7.0835E+00
-1.2126E+01;7.0849E+00
-1.2125E+01;7.0863E+00
-1.2124E+01;7.0877E+00
-1.2123E+01;7.0890E+00
-1.2122E+01;7.0904E+00
-1.2121E+01;7.0918E+00
-1.2120E+01;7.0931E+00
-1.2119E+01;7.0945E+00
-1.2118E+01;7.0959E+00
-1.2117E+01;7.0973E+00
-1.2116E+01;7.0986E+00
-1.2115E+01;7.1000E+00
-1.2114E+01;7.1014E+00
-1.2113E+01;7.1028E+00
-1.2112E+01;7.1041E+00
-1.2111E+01;7.1055E+00
-1.2110E+01;7.1069E+00
-1.2109E+01;7.1083E+00
-1.2108E+01;7.1096E+00
-1.2107E+01;7.1110E+00
-1.2106E+01;7.1124E+00
-1.2105E+01;7.1138E+00
-1.2104E+01;7.1151E+00
-1.2103E+01;7.1165E+00
-1.2102E+01;7.1179E+00
-1.2101E+01;7.1193E+00
-1.2100E+01;7.1206E+00
-1.2099E+01;7.1220E+00
-1.2098E+01;7.1234E+00
-1.2097E+01;7.1248E+00
-1.2096E+01;7.1261E+00
-1.2095E+01;7.1275E+00
-1.2094E+01;7.1289E+00
-1.2093E+01;7.1303E+00
-1.2092E+01;7.1316E+00
-1.2091E+01;7.1330E+00
-1.2090E+01;7.1344E+00
-1.2089E+01;7.1358E+00
-1.2088E+01;7.1371E+00
-1.2087E+01;7.1385E+00
-1.2086E+01;7.1399E+00
-1.2085E+01;7.1412E+00
-1.2084E+01;7.1426E+00
-1.2083E+01;7.1440E+00
-1.2082E+01;7.1454E+00
-1.2081E+01;7.1467E+00
-1.2080E+01;7.1481E+00
-1.2079E+01;7.1495E+00
-1.2078E+01;7.1509E+00
-1.2077E+01;7.1522E+00
-1.2076E+01;7.1536E+00
-1.2075E+01;7.1550E+00
-1.2074E+01;7.1564E+00
-1.2073E+01;7.1577E+00
-1.2072E+01;7.1591E+00
-1.2071E+01;7.1605E+00
-1.2070E+01;7.1619E+00
-1.2069E+01;7.1632E+00
-1.2068E+01;7.1646E+00
-1.2067E+01;7.1660E+00
-1.2066E+01;7.1674E+00
-1.2065E+01;7.1687E+00
-1.2064E+01;7.1701E+00
-1.2063E+01;7.1715E+00
-1.2062E+01;7.1729E+00
-1.2061E+01;7.1742E+00
-1.2060E+01;7.1756E+00
-1.2059E+01;7.1770E+00
-1.2058E+01;7.1784E+00
-1.2057E+01;7.1797E+00
-1.2056E+01;7.1811E+00
-1.2055E+01;7.1825E+00
-1.2054E+01;7.1839E+00
-1.2053E+01;7.1852E+00
-1.2052E+01;7.1866E+00
-1.2051E+01;7.1880E+00
-1.2050E+01;7.1894E+00
-1.2049E+01;7.1907E+00
-1.2048E+01;7.1921E+00
-1.2047E+01;7.1935E+00
-1.2046E+01;7.1949E+00
-1.2045E+01;7.1962E+00
-1.2044E+01;7.1976E+00
-1.2043E+01;7.1990E+00
-1.2042E+01;7.2004E+00
-1.2041E+01;7.2017E+00
-1.2040E+01;7.2031E+00
-1.2039E+01;7.2045E+00
-1.2038E+01;7.2058E+00
-1.2037E+01;7.2072E+00
-1.2036E+01;7.2086E+00
-1.2035E+01;7.2100E+00
-1.2034E+01;7.2113E+00
-1.2033E+01;7.2127E+00
-1.2032E+01;7.2141E+00
-1.2031E+01;7.2155E+00
-1.2030E+01;7.2168E+00
-1.2029E+01;7.2182E+00
-1.2028E+01;7.2196E+00
-1.2027E+01;7.2210E+00
-1.2026E+01;7.2223E+00
-1.2025E+01;7.2237E+00
-1.2024E+01;7.2251E+00
-1.2023E+01;7.2265E+00
-1.2022E+01;7.2278E+00
-1.2021E+01;7.2292E+00
-1.2020E+01;7.2306E+00
-1.2019E+01;7.2320E+00
-1.2018E+01;7.2333E+00
-1.2017E+01;7.2347E+00
-1.2016E+01;7.2361E+00
-1.2015E+01;7.2375E+00
-1.2014E+01;7.2388E+00
-1.2013E+01;7.2402E+00
-1.2012E+01;7.2416E+00
-1.2011E+01;7.2430E+00
-1.2010E+01;7.2443E+00
-1.2009E+01;7.2457E+00
-1.2008E+01;7.2471E+00
-1.2007E+01;7.2485E+00
-1.2006E+01;7.2498E+00
-1.2005E+01;7.2512E+00
-1.2004E+01;7.2526E+00
-1.2003E+01;7.2540E+00
-1.2002E+01;7.2553E+00
-1.2001E+01;7.2567E+00
-1.2000E+01;7.2581E+00
-1.1999E+01;7.2595E+00
-1.1998E+01;7.2608E+00
-1.1997E+01;7.2622E+00
-1.1996E+01;7.2636E+00
-1.1995E+01;7.2650E+00
-1.1994E+01;7.2663E+00
-1.1993E+01;7.2677E+00
-1.1992E+01;7.2691E+00
-1.1991E+01;7.2705E+00
-1.1990E+01;7.2718E+00
-1.1989E+01;7.2732E+00
-1.1988E+01;7.2746E+00
-1.1987E+01;7.2759E+00
-1.1986E+01;7.2773E+00
-1.1985E+01;7.2787E+00
-1.1984E+01;7.2801E+00
-1.1983E+01;7.2814E+00
-1.1982E+01;7.2828E+00
-1.1981E+01;7.2842E+00
-1.1980E+01;7.2856E+00
-1.1979E+01;7.2869E+00
-1.1978E+01;7.2883E+00
-1.1977E+01;7.2897E+00
-1.1976E+01;7.2911E+00
-1.1975E+01;7.2924E+00
-1.1974E+01;7.2938E+00
-1.1973E+01;7.2952E+00
-1.1972E+01;7.2966E+00
-1.1971E+01;7.2979E+00
-1.1970E+01;7.2993E+00
-1.1969E+01;7.3007E+00
-1.1968E+01;7.3021E+00
-1.1967E+01;7.3034E+00
-1.1966E+01;7.3048E+00
-1.1965E+01;7.3062E+00
-1.1964E+01;7.3076E+00
-1.1963E+01;7.3089E+00
-1.1962E+01;7.3103E+00
-1.1961E+01;7.3117E+00
-1.1960E+01;7.3131E+00
-1.1959E+01;7.3144E+00
-1.1958E+01;7.3158E+00
-1.1957E+01;7.3172E+00
-1.1956E+01;7.3186E+00
-1.1955E+01;7.3199E+00
-1.1954E+01;7.3213E+00
-1.1953E+01;7.3227E+00
-1.1952E+01;7.3241E+00
-1.1951E+01;7.3254E+00
-1.1950E+01;7.3268E+00
-1.1949E+01;7.3282E+00
-1.1948E+01;7.3296E+00
-1.1947E+01;7.3309E+00
-1.1946E+01;7.3323E+00
-1.1945E+01;7.3337E+00
-1.1944E+01;7.3351E+00
-1.1943E+01;7.3364E+00
-1.1942E+01;7.3378E+00
-1.1941E+01;7.3392E+00
-1.1940E+01;7.3406E+00
-1.1939E+01;7.3419E+00
-1.1938E+01;7.3433E+00
-1.1937E+01;7.3447E+00
-1.1936E+01;7.3461E+00
-1.1935E+01;7.3474E+00
-1.1934E+01;7.3488E+00
-1.1933E+01;7.3502E+00
-1.1932E+01;7.3516E+00
-1.1931E+01;7.3529E+00
-1.1930E+01;7.3543E+00
-1.1929E+01;7.3557E+00
-1.1928E+01;7.3571E+00
-1.1927E+01;7.3584E+00
-1.1926E+01;7.3598E+00
-1.1925E+01;7.3612E+00
-1.1924E+01;7.3626E+00
-1.1923E+01;7.3639E+00
-1.1922E+01;7.3653E+00
-1.1921E+01;7.3667E+00
-1.1920E+01;7.3681E+00
-1.1919E+01;7.3694E+00
-1.1918E+01;7.3708E+00
-1.1917E+01;7.3722E+00
-1.1916E+01;7.3735E+00
-1.1915E+01;7.3749E+00
-1.1914E+01;7.3763E+00
-1.1913E+01;7.3777E+00
-1.1912E+01;7.3790E+00
-1.1911E+01;7.3804E+00
-1.1910E+01;7.3818E+00
-1.1909E+01;7.3832E+00
-1.1908E+01;7.3845E+00
-1.1907E+01;7.3859E+00
-1.1906E+01;7.3873E+00
-1.1905E+01;7.3887E+00
-1.1904E+01;7.3900E+00
-1.1903E+01;7.3914E+00
-1.1902E+01;7.3928E+00
-1.1901E+01;7.3942E+00
-1.1900E+01;7.3955E+00
-1.1899E+01;7.3969E+00
-1.1898E+01;7.3983E+00
-1.1897E+01;7.3997E+00
-1.1896E+01;7.4010E+00
-1.1895E+01;7.4024E+00
-1.1894E+01;7.4038E+00
-1.1893E+01;7.4052E+00
-1.1892E+01;7.4065E+00
-1.1891E+01;7.4079E+00
-1.1890E+01;7.4093E+00
-1.1889E+01;7.4107E+00
-1.1888E+01;7.4120E+00
-1.1887E+01;7.4134E+00
-1.1886E+01;7.4148E+00
-1.1885E+01;7.4162E+00
-1.1884E+01;7.4175E+00
-1.1883E+01;7.4189E+00
-1.1882E+01;7.4203E+00
-1.1881E+01;7.4217E+00
-1.1880E+01;7.4230E+00
-1.1879E+01;7.4244E+00
-1.1878E+01;7.4258E+00
-1.1877E+01;7.4272E+00
-1.1876E+01;7.4285E+00
-1.1875E+01;7.4299E+00
-1.1874E+01;7.4313E+00
-1.1873E+01;7.4327E+00
-1.1872E+01;7.4340E+00
-1.1871E+01;7.4354E+00
-1.1870E+01;7.4368E+00
-1.1869E+01;7.4382E+00
-1.1868E+01;7.4395E+00
-1.1867E+01;7.4409E+00
-1.1866E+01;7.4423E+00
-1.1865E+01;7.4437E+00
-1.1864E+01;7.4450E+00
-1.1863E+01;7.4464E+00
-1.1862E+01;7.4478E+00
-1.1861E+01;7.4492E+00
-1.1860E+01;7.4505E+00
-1.1859E+01;7.4519E+00
-1.1858E+01;7.4533E+00
-1.1857E+01;7.4547E+00
-1.1856E+01;7.4560E+00
-1.1855E+01;7.4574E+00
-1.1854E+01;7.4588E+00
-1.1853E+01;7.4602E+00
-1.1852E+01;7.4615E+00
-1.1851E+01;7.4629E+00
-1.1850E+01;7.4643E+00
-1.1849E+01;7.4657E+00
-1.1848E+01;7.4670E+00
-1.1847E+01;7.4684E+00
-1.1846E+01;7.4698E+00
-1.1845E+01;7.4712E+00
-1.1844E+01;7.4725E+00
-1.1843E+01;7.4739E+00
-1.1842E+01;7.4753E+00
-1.1841E+01;7.4767E+00
-1.1840E+01;7.4780E+00
-1.1839E+01;7.4794E+00
-1.1838E+01;7.4808E+00
-1.1837E+01;7.4822E+00
-1.1836E+01;7.4835E+00
-1.1835E+01;7.4849E+00
-1.1834E+01;7.4863E+00
-1.1833E+01;7.4877E+00
-1.1832E+01;7.4890E+00
-1.1831E+01;7.4904E+00
-1.1830E+01;7.4918E+00
-1.1829E+01;7.4932E+00
-1.1828E+01;7.4945E+00
-1.1827E+01;7.4959E+00
-1.1826E+01;7.4973E+00
-1.1825E+01;7.4987E+00
-1.1824E+01;7.5000E+00
-1.1823E+01;7.5014E+00
-1.1822E+01;7.5028E+00
-1.1821E+01;7.5042E+00
-1.1820E+01;7.5055E+00
-1.1819E+01;7.5069E+00
-1.1818E+01;7.5083E+00
-1.1817E+01;7.5097E+00
-1.1816E+01;7.5110E+00
-1.1815E+01;7.5124E+00
-1.1814E+01;7.5138E+00
-1.1813E+01;7.5152E+00
-1.1812E+01;7.5165E+00
-1.1811E+01;7.5179E+00
-1.1810E+01;7.5193E+00
-1.1809E+01;7.5207E+00
-1.1808E+01;7.5220E+00
-1.1807E+01;7.5234E+00
-1.1806E+01;7.5248E+00
-1.1805E+01;7.5262E+00
-1.1804E+01;7.5275E+00
-1.1803E+01;7.5289E+00
-1.1802E+01;7.5303E+00
-1.1801E+01;7.5317E+00
-1.1800E+01;7.5330E+00
-1.1799E+01;7.5344E+00
-1.1798E+01;7.5358E+00
-1.1797E+01;7.5372E+00
-1.1796E+01;7.5385E+00
-1.1795E+01;7.5399E+00
-1.1794E+01;7.5413E+00
-1.1793E+01;7.5427E+00
-1.1792E+01;7.5440E+00
-1.1791E+01;7.5454E+00
-1.1790E+01;7.5468E+00
-1.1789E+01;7.5482E+00
-1.1788E+01;7.5495E+00
-1.1787E+01;7.5509E+00
-1.1786E+01;7.5523E+00
-1.1785E+01;7.5537E+00
-1.1784E+01;7.5550E+00
-1.1783E+01;7.5564E+00
-1.1782E+01;7.5578E+00
-1.1781E+01;7.5592E+00
-1.1780E+01;7.5605E+00
-1.1779E+01;7.5619E+00
-1.1778E+01;7.5633E+00
-1.1777E+01;7.5647E+00
-1.1776E+01;7.5660E+00
-1.1775E+01;7.5674E+00
-1.1774E+01;7.5688E+00
-1.1773E+01;7.5702E+00
-1.1772E+01;7.5715E+00
-1.1771E+01;7.5729E+00
-1.1770E+01;7.5743E+00
-1.1769E+01;7.5757E+00
-1.1768E+01;7.5770E+00
-1.1767E+01;7.5784E+00
-1.1766E+01;7.5798E+00
-1.1765E+01;7.5812E+00
-1.1764E+01;7.5825E+00
-1.1763E+01;7.5839E+00
-1.1762E+01;7.5853E+00
-1.1761E+01;7.5867E+00
-1.1760E+01;7.5880E+00
-1.1759E+01;7.5894E+00
-1.1758E+01;7.5908E+00
-1.1757E+01;7.5922E+00
-1.1756E+01;7.5935E+00
-1.1755E+01;7.5949E+00
-1.1754E+01;7.5963E+00
-1.1753E+01;7.5977E+00
-1.1752E+01;7.5990E+00
-1.1751E+01;7.6004E+00
-1.1750E+01;7.6018E+00
-1.1749E+01;7.6032E+00
-1.1748E+01;7.6045E+00
-1.1747E+01;7.6059E+00
-1.1746E+01;7.6073E+00
-1.1745E+01;7.6087E+00
-1.1744E+01;7.6100E+00
-1.1743E+01;7.6114E+00
-1.1742E+01;7.6128E+00
-1.1741E+01;7.6142E+00
-1.1740E+01;7.6155E+00
-1.1739E+01;7.6169E+00
-1.1738E+01;7.6183E+00
-1.1737E+01;7.6197E+00
-1.1736E+01;7.6210E+00
-1.1735E+01;7.6224E+00
-1.1734E+01;7.6238E+00
-1.1733E+01;7.6252E+00
-1.1732E+01;7.6265E+00
-1.1731E+01;7.6279E+00
-1.1730E+01;7.6293E+00
-1.1729E+01;7.6307E+00
-1.1728E+01;7.6320E+00
-1.1727E+01;7.6334E+00
-1.1726E+01;7.6348E+00
-1.1725E+01;7.6362E+00
-1.1724E+01;7.6375E+00
-1.1723E+01;7.6389E+00
-1.1722E+01;7.6403E+00
-1.1721E+01;7.6417E+00
-1.1720E+01;7.6430E+00
-1.1719E+01;7.6444E+00
-1.1718E+01;7.6458E+00
-1.1717E+01;7.6472E+00
-1.1716E+01;7.6485E+00
-1.1715E+01;7.6499E+00
-1.1714E+01;7.6513E+00
-1.1713E+01;7.6527E+00
-1.1712E+01;7.6540E+00
-1.1711E+01;7.6554E+00
-1.1710E+01;7.6568E+00
-1.1709E+01;7.6582E+00
-1.1708E+01;7.6595E+00
-1.1707E+01;7.6609E+00
-1.1706E+01;7.6623E+00
-1.1705E+01;7.6637E+00
-1.1704E+01;7.6650E+00
-1.1703E+01;7.6664E+00
-1.1702E+01;7.6678E+00
-1.1701E+01;7.6692E+00
-1.1700E+01;7.6705E+00
-1.1699E+01;7.6719E+00
-1.1698E+01;7.6733E+00
-1.1697E+01;7.6747E+00
-1.1696E+01;7.6760E+00
-1.1695E+01;7.6774E+00
-1.1694E+01;7.6788E+00
-1.1693E+01;7.6802E+00
-1.1692E+01;7.6815E+00
-1.1691E+01;7.6829E+00
-1.1690E+01;7.6843E+00
-1.1689E+01;7.6857E+00
-1.1688E+01;7.6870E+00
-1.1687E+01;7.6884E+00
-1.1686E+01;7.6898E+00
-1.1685E+01;7.6912E+00
-1.1684E+01;7.6925E+00
-1.1683E+01;7.6939E+00
-1.1682E+01;7.6953E+00
-1.1681E+01;7.6967E+00
-1.1680E+01;7.6980E+00
-1.1679E+01;7.6994E+00
-1.1678E+01;7.7008E+00
-1.1677E+01;7.7022E+00
-1.1676E+01;7.7035E+00
-1.1675E+01;7.7049E+00
-1.1674E+01;7.7063E+00
-1.1673E+01;7.7077E+00
-1.1672E+01;7.7090E+00
-1.1671E+01;7.7104E+00
-1.1670E+01;7.7118E+00
-1.1669E+01;7.7132E+00
-1.1668E+01;7.7145E+00
-1.1667E+01;7.7159E+00
-1.1666E+01;7.7173E+00
-1.1665E+01;7.7187E+00
-1.1664E+01;7.7200E+00
-1.1663E+01;7.7214E+00
-1.1662E+01;7.7228E+00
-1.1661E+01;7.7242E+00
-1.1660E+01;7.7255E+00
-1.1659E+01;7.7269E+00
-1.1658E+01;7.7283E+00
-1.1657E+01;7.7297E+00
-1.1656E+01;7.7310E+00
-1.1655E+01;7.7324E+00
-1.1654E+01;7.7338E+00
-1.1653E+01;7.7352E+00
-1.1652E+01;7.7365E+00
-1.1651E+01;7.7379E+00
-1.1650E+01;7.7393E+00
-1.1649E+01;7.7407E+00
-1.1648E+01;7.7420E+00
-1.1647E+01;7.7434E+00
-1.1646E+01;7.7448E+00
-1.1645E+01;7.7462E+00
-1.1644E+01;7.7475E+00
-1.1643E+01;7.7489E+00
-1.1642E+01;7.7503E+00
-1.1641E+01;7.7517E+00
-1.1640E+01;7.7530E+00
-1.1639E+01;7.7544E+00
-1.1638E+01;7.7558E+00
-1.1637E+01;7.7572E+00
-1.1636E+01;7.7585E+00
-1.1635E+01;7.7599E+00
-1.1634E+01;7.7613E+00
-1.1633E+01;7.7627E+00
-1.1632E+01;7.7640E+00
-1.1631E+01;7.7654E+00
-1.1630E+01;7.7668E+00
-1.1629E+01;7.7682E+00
-1.1628E+01;7.7695E+00
-1.1627E+01;7.7709E+00
-1.1626E+01;7.7723E+00
-1.1625E+01;7.7737E+00
-1.1624E+01;7.7750E+00
-1.1623E+01;7.7764E+00
-1.1622E+01;7.7778E+00
-1.1621E+01;7.7792E+00
-1.1620E+01;7.7805E+00
-1.1619E+01;7.7819E+00
-1.1618E+01;7.7833E+00
-1.1617E+01;7.7847E+00
-1.1616E+01;7.7860E+00
-1.1615E+01;7.7874E+00
-1.1614E+01;7.7888E+00
-1.1613E+01;7.7902E+00
-1.1612E+01;7.7915E+00
-1.1611E+01;7.7929E+00
-1.1610E+01;7.7943E+00
-1.1609E+01;7.7957E+00
-1.1608E+01;7.7970E+00
-1.1607E+01;7.7984E+00
-1.1606E+01;7.7998E+00
-1.1605E+01;7.8012E+00
-1.1604E+01;7.8025E+00
-1.1603E+01;7.8039E+00
-1.1602E+01;7.8053E+00
-1.1601E+01;7.8067E+00
-1.1600E+01;7.8081E+00
-1.1599E+01;7.8094E+00
-1.1598E+01;7.8108E+00
-1.1597E+01;7.8122E+00
-1.1596E+01;7.8136E+00
-1.1595E+01;7.8149E+00
-1.1594E+01;7.8163E+00
-1.1593E+01;7.8177E+00
-1.1592E+01;7.8191E+00
-1.1591E+01;7.8204E+00
-1.1590E+01;7.8218E+00
-1.1589E+01;7.8232E+00
-1.1588E+01;7.8246E+00
-1.1587E+01;7.8259E+00
-1.1586E+01;7.8273E+00
-1.1585E+01;7.8287E+00
-1.1584E+01;7.8301E+00
-1.1583E+01;7.8314E+00
-1.1582E+01;7.8328E+00
-1.1581E+01;7.8342E+00
-1.1580E+01;7.8356E+00
-1.1579E+01;7.8369E+00
-1.1578E+01;7.8383E+00
-1.1577E+01;7.8397E+00
-1.1576E+01;7.8411E+00
-1.1575E+01;7.8424E+00
-1.1574E+01;7.8438E+00
-1.1573E+01;7.8452E+00
-1.1572E+01;7.8466E+00
-1.1571E+01;7.8479E+00
-1.1570E+01;7.8493E+00
-1.1569E+01;7.8507E+00
-1.1568E+01;7.8521E+00
-1.1567E+01;7.8534E+00
-1.1566E+01;7.8548E+00
-1.1565E+01;7.8562E+00
-1.1564E+01;7.8576E+00
-1.1563E+01;7.8589E+00
-1.1562E+01;7.8603E+00
-1.1561E+01;7.8617E+00
-1.1560E+01;7.8631E+00
-1.1559E+01;7.8644E+00
-1.1558E+01;7.8658E+00
-1.1557E+01;7.8672E+00
-1.1556E+01;7.8686E+00
-1.1555E+01;7.8699E+00
-1.1554E+01;7.8713E+00
-1.1553E+01;7.8727E+00
-1.1552E+01;7.8741E+00
-1.1551E+01;7.8754E+00
-1.1550E+01;7.8768E+00
-1.1549E+01;7.8782E+00
-1.1548E+01;7.8796E+00
-1.1547E+01;7.8809E+00
-1.1546E+01;7.8823E+00
-1.1545E+01;7.8837E+00
-1.1544E+01;7.8851E+00
-1.1543E+01;7.8864E+00
-1.1542E+01;7.8878E+00
-1.1541E+01;7.8892E+00
-1.1540E+01;7.8906E+00
-1.1539E+01;7.8919E+00
-1.1538E+01;7.8933E+00
-1.1537E+01;7.8947E+00
-1.1536E+01;7.8961E+00
-1.1535E+01;7.8974E+00
-1.1534E+01;7.8988E+00
-1.1533E+01;7.9002E+00
-1.1532E+01;7.9016E+00
-1.1531E+01;7.9029E+00
-1.1530E+01;7.9043E+00
-1.1529E+01;7.9057E+00
-1.1528E+01;7.9071E+00
-1.1527E+01;7.9084E+00
-1.1526E+01;7.9098E+00
-1.1525E+01;7.9112E+00
-1.1524E+01;7.9126E+00
-1.1523E+01;7.9140E+00
-1.1522E+01;7.9153E+00
-1.1521E+01;7.9167E+00
-1.1520E+01;7.9181E+00
-1.1519E+01;7.9195E+00
-1.1518E+01;7.9208E+00
-1.1517E+01;7.9222E+00
-1.1516E+01;7.9236E+00
-1.1515E+01;7.9250E+00
-1.1514E+01;7.9263E+00
-1.1513E+01;7.9277E+00
-1.1512E+01;7.9291E+00
-1.1511E+01;7.9305E+00
-1.1510E+01;7.9318E+00
-1.1509E+01;7.9332E+00
-1.1508E+01;7.9346E+00
-1.1507E+01;7.9360E+00
-1.1506E+01;7.9373E+00
-1.1505E+01;7.9387E+00
-1.1504E+01;7.9401E+00
-1.1503E+01;7.9415E+00
-1.1502E+01;7.9428E+00
-1.1501E+01;7.9442E+00
-1.1500E+01;7.9456E+00
-1.1499E+01;7.9470E+00
-1.1498E+01;7.9483E+00
-1.1497E+01;7.9497E+00
-1.1496E+01;7.9511E+00
-1.1495E+01;7.9525E+00
-1.1494E+01;7.9538E+00
-1.1493E+01;7.9552E+00
-1.1492E+01;7.9566E+00
-1.1491E+01;7.9580E+00
-1.1490E+01;7.9593E+00
-1.1489E+01;7.9607E+00
-1.1488E+01;7.9621E+00
-1.1487E+01;7.9635E+00
-1.1486E+01;7.9648E+00
-1.1485E+01;7.9662E+00
-1.1484E+01;7.9676E+00
-1.1483E+01;7.9690E+00
-1.1482E+01;7.9703E+00
-1.1481E+01;7.9717E+00
-1.1480E+01;7.9731E+00
-1.1479E+01;7.9745E+00
-1.1478E+01;7.9758E+00
-1.1477E+01;7.9772E+00
-1.1476E+01;7.9786E+00
-1.1475E+01;7.9800E+00
-1.1474E+01;7.9813E+00
-1.1473E+01;7.9827E+00
-1.1472E+01;7.9841E+00
-1.1471E+01;7.9855E+00
-1.1470E+01;7.9868E+00
-1.1469E+01;7.9882E+00
-1.1468E+01;7.9896E+00
-1.1467E+01;7.9910E+00
-1.1466E+01;7.9924E+00
-1.1465E+01;7.9937E+00
-1.1464E+01;7.9951E+00
-1.1463E+01;7.9965E+00
-1.1462E+01;7.9979E+00
-1.1461E+01;7.9992E+00
-1.1460E+01;8.0006E+00
-1.1459E+01;8.0020E+00
-1.1458E+01;8.0034E+00
-1.1457E+01;8.0047E+00
-1.1456E+01;8.0061E+00
-1.1455E+01;8.0075E+00
-1.1454E+01;8.0089E+00
-1.1453E+01;8.0102E+00
-1.1452E+01;8.0116E+00
-1.1451E+01;8.0130E+00
-1.1450E+01;8.0144E+00
-1.1449E+01;8.0157E+00
-1.1448E+01;8.0171E+00
-1.1447E+01;8.0185E+00
-1.1446E+01;8.0199E+00
-1.1445E+01;8.0212E+00
-1.1444E+01;8.0226E+00
-1.1443E+01;8.0240E+00
-1.1442E+01;8.0254E+00
-1.1441E+01;8.0267E+00
-1.1440E+01;8.0281E+00
-1.1439E+01;8.0295E+00
-1.1438E+01;8.0309E+00
-1.1437E+01;8.0322E+00
-1.1436E+01;8.0336E+00
-1.1435E+01;8.0350E+00
-1.1434E+01;8.0364E+00
-1.1433E+01;8.0377E+00
-1.1432E+01;8.0391E+00
-1.1431E+01;8.0405E+00
-1.1430E+01;8.0419E+00
-1.1429E+01;8.0432E+00
-1.1428E+01;8.0446E+00
-1.1427E+01;8.0460E+00
-1.1426E+01;8.0474E+00
-1.1425E+01;8.0487E+00
-1.1424E+01;8.0501E+00
-1.1423E+01;8.0515E+00
-1.1422E+01;8.0529E+00
-1.1421E+01;8.0542E+00
-1.1420E+01;8.0556E+00
-1.1419E+01;8.0570E+00
-1.1418E+01;8.0584E+00
-1.1417E+01;8.0598E+00
-1.1416E+01;8.0611E+00
-1.1415E+01;8.0625E+00
-1.1414E+01;8.0639E+00
-1.1413E+01;8.0653E+00
-1.1412E+01;8.0666E+00
-1.1411E+01;8.0680E+00
-1.1410E+01;8.0694E+00
-1.1409E+01;8.0708E+00
-1.1408E+01;8.0721E+00
-1.1407E+01;8.0735E+00
-1.1406E+01;8.0749E+00
-1.1405E+01;8.0763E+00
-1.1404E+01;8.0776E+00
-1.1403E+01;8.0790E+00
-1.1402E+01;8.0804E+00
-1.1401E+01;8.0818E+00
-1.1400E+01;8.0831E+00
-1.1399E+01;8.0845E+00
-1.1398E+01;8.0859E+00
-1.1397E+01;8.0873E+00
-1.1396E+01;8.0886E+00
-1.1395E+01;8.0900E+00
-1.1394E+01;8.0914E+00
-1.1393E+01;8.0928E+00
-1.1392E+01;8.0941E+00
-1.1391E+01;8.0955E+00
-1.1390E+01;8.0969E+00
-1.1389E+01;8.0983E+00
-1.1388E+01;8.0996E+00
-1.1387E+01;8.1010E+00
-1.1386E+01;8.1024E+00
-1.1385E+01;8.1038E+00
-1.1384E+01;8.1051E+00
-1.1383E+01;8.1065E+00
-1.1382E+01;8.1079E+00
-1.1381E+01;8.1093E+00
-1.1380E+01;8.1106E+00
-1.1379E+01;8.1120E+00
-1.1378E+01;8.1134E+00
-1.1377E+01;8.1148E+00
-1.1376E+01;8.1161E+00
-1.1375E+01;8.1175E+00
-1.1374E+01;8.1189E+00
-1.1373E+01;8.1203E+00
-1.1372E+01;8.1217E+00
-1.1371E+01;8.1230E+00
-1.1370E+01;8.1244E+00
-1.1369E+01;8.1258E+00
-1.1368E+01;8.1272E+00
-1.1367E+01;8.1285E+00
-1.1366E+01;8.1299E+00
-1.1365E+01;8.1313E+00
-1.1364E+01;8.1327E+00
-1.1363E+01;8.1340E+00
-1.1362E+01;8.1354E+00
-1.1361E+01;8.1368E+00
-1.1360E+01;8.1382E+00
-1.1359E+01;8.1395E+00
-1.1358E+01;8.1409E+00
-1.1357E+01;8.1423E+00
-1.1356E+01;8.1437E+00
-1.1355E+01;8.1450E+00
-1.1354E+01;8.1464E+00
-1.1353E+01;8.1478E+00
-1.1352E+01;8.1492E+00
-1.1351E+01;8.1505E+00
-1.1350E+01;8.1519E+00
-1.1349E+01;8.1533E+00
-1.1348E+01;8.1547E+00
-1.1347E+01;8.1560E+00
-1.1346E+01;8.1574E+00
-1.1345E+01;8.1588E+00
-1.1344E+01;8.1602E+00
-1.1343E+01;8.1615E+00
-1.1342E+01;8.1629E+00
-1.1341E+01;8.1643E+00
-1.1340E+01;8.1657E+00
-1.1339E+01;8.1670E+00
-1.1338E+01;8.1684E+00
-1.1337E+01;8.1698E+00
-1.1336E+01;8.1712E+00
-1.1335E+01;8.1726E+00
-1.1334E+01;8.1739E+00
-1.1333E+01;8.1753E+00
-1.1332E+01;8.1767E+00
-1.1331E+01;8.1781E+00
-1.1330E+01;8.1794E+00
-1.1329E+01;8.1808E+00
-1.1328E+01;8.1822E+00
-1.1327E+01;8.1836E+00
-1.1326E+01;8.1849E+00
-1.1325E+01;8.1863E+00
-1.1324E+01;8.1877E+00
-1.1323E+01;8.1891E+00
-1.1322E+01;8.1904E+00
-1.1321E+01;8.1918E+00
-1.1320E+01;8.1932E+00
-1.1319E+01;8.1946E+00
-1.1318E+01;8.1959E+00
-1.1317E+01;8.1973E+00
-1.1316E+01;8.1987E+00
-1.1315E+01;8.2001E+00
-1.1314E+01;8.2014E+00
-1.1313E+01;8.2028E+00
-1.1312E+01;8.2042E+00
-1.1311E+01;8.2056E+00
-1.1310E+01;8.2069E+00
-1.1309E+01;8.2083E+00
-1.1308E+01;8.2097E+00
-1.1307E+01;8.2111E+00
-1.1306E+01;8.2124E+00
-1.1305E+01;8.2138E+00
-1.1304E+01;8.2152E+00
-1.1303E+01;8.2166E+00
-1.1302E+01;8.2179E+00
-1.1301E+01;8.2193E+00
-1.1300E+01;8.2207E+00
-1.1299E+01;8.2221E+00
-1.1298E+01;8.2235E+00
-1.1297E+01;8.2248E+00
-1.1296E+01;8.2262E+00
-1.1295E+01;8.2276E+00
-1.1294E+01;8.2290E+00
-1.1293E+01;8.2303E+00
-1.1292E+01;8.2317E+00
-1.1291E+01;8.2331E+00
-1.1290E+01;8.2345E+00
-1.1289E+01;8.2358E+00
-1.1288E+01;8.2372E+00
-1.1287E+01;8.2386E+00
-1.1286E+01;8.2400E+00
-1.1285E+01;8.2413E+00
-1.1284E+01;8.2427E+00
-1.1283E+01;8.2441E+00
-1.1282E+01;8.2455E+00
-1.1281E+01;8.2468E+00
-1.1280E+01;8.2482E+00
-1.1279E+01;8.2496E+00
-1.1278E+01;8.2510E+00
-1.1277E+01;8.2523E+00
-1.1276E+01;8.2537E+00
-1.1275E+01;8.2551E+00
-1.1274E+01;8.2565E+00
-1.1273E+01;8.2578E+00
-1.1272E+01;8.2592E+00
-1.1271E+01;8.2606E+00
-1.1270E+01;8.2620E+00
-1.1269E+01;8.2633E+00
-1.1268E+01;8.2647E+00
-1.1267E+01;8.2661E+00
-1.1266E+01;8.2675E+00
-1.1265E+01;8.2688E+00
-1.1264E+01;8.2702E+00
-1.1263E+01;8.2716E+00
-1.1262E+01;8.2730E+00
-1.1261E+01;8.2744E+00
-1.1260E+01;8.2757E+00
-1.1259E+01;8.2771E+00
-1.1258E+01;8.2785E+00
-1.1257E+01;8.2799E+00
-1.1256E+01;8.2812E+00
-1.1255E+01;8.2826E+00
-1.1254E+01;8.2840E+00
-1.1253E+01;8.2854E+00
-1.1252E+01;8.2867E+00
-1.1251E+01;8.2881E+00
-1.1250E+01;8.2895E+00
-1.1249E+01;8.2909E+00
-1.1248E+01;8.2922E+00
-1.1247E+01;8.2936E+00
-1.1246E+01;8.2950E+00
-1.1245E+01;8.2964E+00
-1.1244E+01;8.2977E+00
-1.1243E+01;8.2991E+00
-1.1242E+01;8.3005E+00
-1.1241E+01;8.3019E+00
-1.1240E+01;8.3032E+00
-1.1239E+01;8.3046E+00
-1.1238E+01;8.3060E+00
-1.1237E+01;8.3074E+00
-1.1236E+01;8.3087E+00
-1.1235E+01;8.3101E+00
-1.1234E+01;8.3115E+00
-1.1233E+01;8.3129E+00
-1.1232E+01;8.3143E+00
-1.1231E+01;8.3156E+00
-1.1230E+01;8.3170E+00
-1.1229E+01;8.3184E+00
-1.1228E+01;8.3198E+00
-1.1227E+01;8.3211E+00
-1.1226E+01;8.3225E+00
-1.1225E+01;8.3239E+00
-1.1224E+01;8.3253E+00
-1.1223E+01;8.3266E+00
-1.1222E+01;8.3280E+00
-1.1221E+01;8.3294E+00
-1.1220E+01;8.3308E+00
-1.1219E+01;8.3321E+00
-1.1218E+01;8.3335E+00
-1.1217E+01;8.3349E+00
-1.1216E+01;8.3363E+00
-1.1215E+01;8.3376E+00
-1.1214E+01;8.3390E+00
-1.1213E+01;8.3404E+00
-1.1212E+01;8.3418E+00
-1.1211E+01;8.3431E+00
-1.1210E+01;8.3445E+00
-1.1209E+01;8.3459E+00
-1.1208E+01;8.3473E+00
-1.1207E+01;8.3486E+00
-1.1206E+01;8.3500E+00
-1.1205E+01;8.3514E+00
-1.1204E+01;8.3528E+00
-1.1203E+01;8.3541E+00
-1.1202E+01;8.3555E+00
-1.1201E+01;8.3569E+00
-1.1200E+01;8.3583E+00
-1.1199E+01;8.3597E+00
-1.1198E+01;8.3610E+00
-1.1197E+01;8.3624E+00
-1.1196E+01;8.3638E+00
-1.1195E+01;8.3652E+00
-1.1194E+01;8.3665E+00
-1.1193E+01;8.3679E+00
-1.1192E+01;8.3693E+00
-1.1191E+01;8.3707E+00
-1.1190E+01;8.3720E+00
-1.1189E+01;8.3734E+00
-1.1188E+01;8.3748E+00
-1.1187E+01;8.3762E+00
-1.1186E+01;8.3775E+00
-1.1185E+01;8.3789E+00
-1.1184E+01;8.3803E+00
-1.1183E+01;8.3817E+00
-1.1182E+01;8.3830E+00
-1.1181E+01;8.3844E+00
-1.1180E+01;8.3858E+00
-1.1179E+01;8.3872E+00
-1.1178E+01;8.3885E+00
-1.1177E+01;8.3899E+00
-1.1176E+01;8.3913E+00
-1.1175E+01;8.3927E+00
-1.1174E+01;8.3940E+00
-1.1173E+01;8.3954E+00
-1.1172E+01;8.3968E+00
-1.1171E+01;8.3982E+00
-1.1170E+01;8.3996E+00
-1.1169E+01;8.4009E+00
-1.1168E+01;8.4023E+00
-1.1167E+01;8.4037E+00
-1.1166E+01;8.4051E+00
-1.1165E+01;8.4064E+00
-1.1164E+01;8.4078E+00
-1.1163E+01;8.4092E+00
-1.1162E+01;8.4106E+00
-1.1161E+01;8.4119E+00
-1.1160E+01;8.4133E+00
-1.1159E+01;8.4147E+00
-1.1158E+01;8.4161E+00
-1.1157E+01;8.4174E+00
-1.1156E+01;8.4188E+00
-1.1155E+01;8.4202E+00
-1.1154E+01;8.4216E+00
-1.1153E+01;8.4229E+00
-1.1152E+01;8.4243E+00
-1.1151E+01;8.4257E+00
-1.1150E+01;8.4271E+00
-1.1149E+01;8.4284E+00
-1.1148E+01;8.4298E+00
-1.1147E+01;8.4312E+00
-1.1146E+01;8.4326E+00
-1.1145E+01;8.4340E+00
-1.1144E+01;8.4353E+00
-1.1143E+01;8.4367E+00
-1.1142E+01;8.4381E+00
-1.1141E+01;8.4395E+00
-1.1140E+01;8.4408E+00
-1.1139E+01;8.4422E+00
-1.1138E+01;8.4436E+00
-1.1137E+01;8.4450E+00
-1.1136E+01;8.4463E+00
-1.1135E+01;8.4477E+00
-1.1134E+01;8.4491E+00
-1.1133E+01;8.4505E+00
-1.1132E+01;8.4518E+00
-1.1131E+01;8.4532E+00
-1.1130E+01;8.4546E+00
-1.1129E+01;8.4560E+00
-1.1128E+01;8.4573E+00
-1.1127E+01;8.4587E+00
-1.1126E+01;8.4601E+00
-1.1125E+01;8.4615E+00
-1.1124E+01;8.4628E+00
-1.1123E+01;8.4642E+00
-1.1122E+01;8.4656E+00
-1.1121E+01;8.4670E+00
-1.1120E+01;8.4683E+00
-1.1119E+01;8.4697E+00
-1.1118E+01;8.4711E+00
-1.1117E+01;8.4725E+00
-1.1116E+01;8.4739E+00
-1.1115E+01;8.4752E+00
-1.1114E+01;8.4766E+00
-1.1113E+01;8.4780E+00
-1.1112E+01;8.4794E+00
-1.1111E+01;8.4807E+00
-1.1110E+01;8.4821E+00
-1.1109E+01;8.4835E+00
-1.1108E+01;8.4849E+00
-1.1107E+01;8.4862E+00
-1.1106E+01;8.4876E+00
-1.1105E+01;8.4890E+00
-1.1104E+01;8.4904E+00
-1.1103E+01;8.4917E+00
-1.1102E+01;8.4931E+00
-1.1101E+01;8.4945E+00
-1.1100E+01;8.4959E+00
-1.1099E+01;8.4972E+00
-1.1098E+01;8.4986E+00
-1.1097E+01;8.5000E+00
-1.1096E+01;8.5014E+00
-1.1095E+01;8.5027E+00
-1.1094E+01;8.5041E+00
-1.1093E+01;8.5055E+00
-1.1092E+01;8.5069E+00
-1.1091E+01;8.5083E+00
-1.1090E+01;8.5096E+00
-1.1089E+01;8.5110E+00
-1.1088E+01;8.5124E+00
-1.1087E+01;8.5138E+00
-1.1086E+01;8.5151E+00
-1.1085E+01;8.5165E+00
-1.1084E+01;8.5179E+00
-1.1083E+01;8.5193E+00
-1.1082E+01;8.5206E+00
-1.1081E+01;8.5220E+00
-1.1080E+01;8.5234E+00
-1.1079E+01;8.5248E+00
-1.1078E+01;8.5261E+00
-1.1077E+01;8.5275E+00
-1.1076E+01;8.5289E+00
-1.1075E+01;8.5303E+00
-1.1074E+01;8.5316E+00
-1.1073E+01;8.5330E+00
-1.1072E+01;8.5344E+00
-1.1071E+01;8.5358E+00
-1.1070E+01;8.5371E+00
-1.1069E+01;8.5385E+00
-1.1068E+01;8.5399E+00
-1.1067E+01;8.5413E+00
-1.1066E+01;8.5427E+00
-1.1065E+01;8.5440E+00
-1.1064E+01;8.5454E+00
-1.1063E+01;8.5468E+00
-1.1062E+01;8.5482E+00
-1.1061E+01;8.5495E+00
-1.1060E+01;8.5509E+00
-1.1059E+01;8.5523E+00
-1.1058E+01;8.5537E+00
-1.1057E+01;8.5550E+00
-1.1056E+01;8.5564E+00
-1.1055E+01;8.5578E+00
-1.1054E+01;8.5592E+00
-1.1053E+01;8.5605E+00
-1.1052E+01;8.5619E+00
-1.1051E+01;8.5633E+00
-1.1050E+01;8.5647E+00
-1.1049E+01;8.5660E+00
-1.1048E+01;8.5674E+00
-1.1047E+01;8.5688E+00
-1.1046E+01;8.5702E+00
-1.1045E+01;8.5715E+00
-1.1044E+01;8.5729E+00
-1.1043E+01;8.5743E+00
-1.1042E+01;8.5757E+00
-1.1041E+01;8.5771E+00
-1.1040E+01;8.5784E+00
-1.1039E+01;8.5798E+00
-1.1038E+01;8.5812E+00
-1.1037E+01;8.5826E+00
-1.1036E+01;8.5839E+00
-1.1035E+01;8.5853E+00
-1.1034E+01;8.5867E+00
-1.1033E+01;8.5881E+00
-1.1032E+01;8.5894E+00
-1.1031E+01;8.5908E+00
-1.1030E+01;8.5922E+00
-1.1029E+01;8.5936E+00
-1.1028E+01;8.5949E+00
-1.1027E+01;8.5963E+00
-1.1026E+01;8.5977E+00
-1.1025E+01;8.5991E+00
-1.1024E+01;8.6004E+00
-1.1023E+01;8.6018E+00
-1.1022E+01;8.6032E+00
-1.1021E+01;8.6046E+00
-1.1020E+01;8.6059E+00
-1.1019E+01;8.6073E+00
-1.1018E+01;8.6087E+00
-1.1017E+01;8.6101E+00
-1.1016E+01;8.6115E+00
-1.1015E+01;8.6128E+00
-1.1014E+01;8.6142E+00
-1.1013E+01;8.6156E+00
-1.1012E+01;8.6170E+00
-1.1011E+01;8.6183E+00
-1.1010E+01;8.6197E+00
-1.1009E+01;8.6211E+00
-1.1008E+01;8.6225E+00
-1.1007E+01;8.6238E+00
-1.1006E+01;8.6252E+00
-1.1005E+01;8.6266E+00
-1.1004E+01;8.6280E+00
-1.1003E+01;8.6293E+00
-1.1002E+01;8.6307E+00
-1.1001E+01;8.6321E+00
-1.1000E+01;8.6335E+00
-1.0999E+01;8.6348E+00
-1.0998E+01;8.6362E+00
-1.0997E+01;8.6376E+00
-1.0996E+01;8.6390E+00
-1.0995E+01;8.6404E+00
-1.0994E+01;8.6417E+00
-1.0993E+01;8.6431E+00
-1.0992E+01;8.6445E+00
-1.0991E+01;8.6459E+00
-1.0990E+01;8.6472E+00
-1.0989E+01;8.6486E+00
-1.0988E+01;8.6500E+00
-1.0987E+01;8.6514E+00
-1.0986E+01;8.6527E+00
-1.0985E+01;8.6541E+00
-1.0984E+01;8.6555E+00
-1.0983E+01;8.6569E+00
-1.0982E+01;8.6582E+00
-1.0981E+01;8.6596E+00
-1.0980E+01;8.6610E+00
-1.0979E+01;8.6624E+00
-1.0978E+01;8.6637E+00
-1.0977E+01;8.6651E+00
-1.0976E+01;8.6665E+00
-1.0975E+01;8.6679E+00
-1.0974E+01;8.6692E+00
-1.0973E+01;8.6706E+00
-1.0972E+01;8.6720E+00
-1.0971E+01;8.6734E+00
-1.0970E+01;8.6748E+00
-1.0969E+01;8.6761E+00
-1.0968E+01;8.6775E+00
-1.0967E+01;8.6789E+00
-1.0966E+01;8.6803E+00
-1.0965E+01;8.6816E+00
-1.0964E+01;8.6830E+00
-1.0963E+01;8.6844E+00
-1.0962E+01;8.6858E+00
-1.0961E+01;8.6871E+00
-1.0960E+01;8.6885E+00
-1.0959E+01;8.6899E+00
-1.0958E+01;8.6913E+00
-1.0957E+01;8.6926E+00
-1.0956E+01;8.6940E+00
-1.0955E+01;8.6954E+00
-1.0954E+01;8.6968E+00
-1.0953E+01;8.6981E+00
-1.0952E+01;8.6995E+00
-1.0951E+01;8.7009E+00
-1.0950E+01;8.7023E+00
-1.0949E+01;8.7037E+00
-1.0948E+01;8.7050E+00
-1.0947E+01;8.7064E+00
-1.0946E+01;8.7078E+00
-1.0945E+01;8.7092E+00
-1.0944E+01;8.7105E+00
-1.0943E+01;8.7119E+00
-1.0942E+01;8.7133E+00
-1.0941E+01;8.7147E+00
-1.0940E+01;8.7160E+00
-1.0939E+01;8.7174E+00
-1.0938E+01;8.7188E+00
-1.0937E+01;8.7202E+00
-1.0936E+01;8.7215E+00
-1.0935E+01;8.7229E+00
-1.0934E+01;8.7243E+00
-1.0933E+01;8.7257E+00
-1.0932E+01;8.7270E+00
-1.0931E+01;8.7284E+00
-1.0930E+01;8.7298E+00
-1.0929E+01;8.7312E+00
-1.0928E+01;8.7326E+00
-1.0927E+01;8.7339E+00
-1.0926E+01;8.7353E+00
-1.0925E+01;8.7367E+00
-1.0924E+01;8.7381E+00
-1.0923E+01;8.7394E+00
-1.0922E+01;8.7408E+00
-1.0921E+01;8.7422E+00
-1.0920E+01;8.7436E+00
-1.0919E+01;8.7449E+00
-1.0918E+01;8.7463E+00
-1.0917E+01;8.7477E+00
-1.0916E+01;8.7491E+00
-1.0915E+01;8.7504E+00
-1.0914E+01;8.7518E+00
-1.0913E+01;8.7532E+00
-1.0912E+01;8.7546E+00
-1.0911E+01;8.7559E+00
-1.0910E+01;8.7573E+00
-1.0909E+01;8.7587E+00
-1.0908E+01;8.7601E+00
-1.0907E+01;8.7615E+00
-1.0906E+01;8.7628E+00
-1.0905E+01;8.7642E+00
-1.0904E+01;8.7656E+00
-1.0903E+01;8.7670E+00
-1.0902E+01;8.7683E+00
-1.0901E+01;8.7697E+00
-1.0900E+01;8.7711E+00
-1.0899E+01;8.7725E+00
-1.0898E+01;8.7738E+00
-1.0897E+01;8.7752E+00
-1.0896E+01;8.7766E+00
-1.0895E+01;8.7780E+00
-1.0894E+01;8.7793E+00
-1.0893E+01;8.7807E+00
-1.0892E+01;8.7821E+00
-1.0891E+01;8.7835E+00
-1.0890E+01;8.7848E+00
-1.0889E+01;8.7862E+00
-1.0888E+01;8.7876E+00
-1.0887E+01;8.7890E+00
-1.0886E+01;8.7904E+00
-1.0885E+01;8.7917E+00
-1.0884E+01;8.7931E+00
-1.0883E+01;8.7945E+00
-1.0882E+01;8.7959E+00
-1.0881E+01;8.7972E+00
-1.0880E+01;8.7986E+00
-1.0879E+01;8.8000E+00
-1.0878E+01;8.8014E+00
-1.0877E+01;8.8027E+00
-1.0876E+01;8.8041E+00
-1.0875E+01;8.8055E+00
-1.0874E+01;8.8069E+00
-1.0873E+01;8.8082E+00
-1.0872E+01;8.8096E+00
-1.0871E+01;8.8110E+00
-1.0870E+01;8.8124E+00
-1.0869E+01;8.8137E+00
-1.0868E+01;8.8151E+00
-1.0867E+01;8.8165E+00
-1.0866E+01;8.8179E+00
-1.0865E+01;8.8193E+00
-1.0864E+01;8.8206E+00
-1.0863E+01;8.8220E+00
-1.0862E+01;8.8234E+00
-1.0861E+01;8.8248E+00
-1.0860E+01;8.8261E+00
-1.0859E+01;8.8275E+00
-1.0858E+01;8.8289E+00
-1.0857E+01;8.8303E+00
-1.0856E+01;8.8316E+00
-1.0855E+01;8.8330E+00
-1.0854E+01;8.8344E+00
-1.0853E+01;8.8358E+00
-1.0852E+01;8.8371E+00
-1.0851E+01;8.8385E+00
-1.0850E+01;8.8399E+00
-1.0849E+01;8.8413E+00
-1.0848E+01;8.8426E+00
-1.0847E+01;8.8440E+00
-1.0846E+01;8.8454E+00
-1.0845E+01;8.8468E+00
-1.0844E+01;8.8482E+00
-1.0843E+01;8.8495E+00
-1.0842E+01;8.8509E+00
-1.0841E+01;8.8523E+00
-1.0840E+01;8.8537E+00
-1.0839E+01;8.8550E+00
-1.0838E+01;8.8564E+00
-1.0837E+01;8.8578E+00
-1.0836E+01;8.8592E+00
-1.0835E+01;8.8605E+00
-1.0834E+01;8.8619E+00
-1.0833E+01;8.8633E+00
-1.0832E+01;8.8647E+00
-1.0831E+01;8.8660E+00
-1.0830E+01;8.8674E+00
-1.0829E+01;8.8688E+00
-1.0828E+01;8.8702E+00
-1.0827E+01;8.8716E+00
-1.0826E+01;8.8729E+00
-1.0825E+01;8.8743E+00
-1.0824E+01;8.8757E+00
-1.0823E+01;8.8771E+00
-1.0822E+01;8.8784E+00
-1.0821E+01;8.8798E+00
-1.0820E+01;8.8812E+00
-1.0819E+01;8.8826E+00
-1.0818E+01;8.8839E+00
-1.0817E+01;8.8853E+00
-1.0816E+01;8.8867E+00
-1.0815E+01;8.8881E+00
-1.0814E+01;8.8894E+00
-1.0813E+01;8.8908E+00
-1.0812E+01;8.8922E+00
-1.0811E+01;8.8936E+00
-1.0810E+01;8.8949E+00
-1.0809E+01;8.8963E+00
-1.0808E+01;8.8977E+00
-1.0807E+01;8.8991E+00
-1.0806E+01;8.9005E+00
-1.0805E+01;8.9018E+00
-1.0804E+01;8.9032E+00
-1.0803E+01;8.9046E+00
-1.0802E+01;8.9060E+00
-1.0801E+01;8.9073E+00
-1.0800E+01;8.9087E+00
-1.0799E+01;8.9101E+00
-1.0798E+01;8.9115E+00
-1.0797E+01;8.9128E+00
-1.0796E+01;8.9142E+00
-1.0795E+01;8.9156E+00
-1.0794E+01;8.9170E+00
-1.0793E+01;8.9183E+00
-1.0792E+01;8.9197E+00
-1.0791E+01;8.9211E+00
-1.0790E+01;8.9225E+00
-1.0789E+01;8.9239E+00
-1.0788E+01;8.9252E+00
-1.0787E+01;8.9266E+00
-1.0786E+01;8.9280E+00
-1.0785E+01;8.9294E+00
-1.0784E+01;8.9307E+00
-1.0783E+01;8.9321E+00
-1.0782E+01;8.9335E+00
-1.0781E+01;8.9349E+00
-1.0780E+01;8.9362E+00
-1.0779E+01;8.9376E+00
-1.0778E+01;8.9390E+00
-1.0777E+01;8.9404E+00
-1.0776E+01;8.9417E+00
-1.0775E+01;8.9431E+00
-1.0774E+01;8.9445E+00
-1.0773E+01;8.9459E+00
-1.0772E+01;8.9472E+00
-1.0771E+01;8.9486E+00
-1.0770E+01;8.9500E+00
-1.0769E+01;8.9514E+00
-1.0768E+01;8.9528E+00
-1.0767E+01;8.9541E+00
-1.0766E+01;8.9555E+00
-1.0765E+01;8.9569E+00
-1.0764E+01;8.9583E+00
-1.0763E+01;8.9596E+00
-1.0762E+01;8.9610E+00
-1.0761E+01;8.9624E+00
-1.0760E+01;8.9638E+00
-1.0759E+01;8.9651E+00
-1.0758E+01;8.9665E+00
-1.0757E+01;8.9679E+00
-1.0756E+01;8.9693E+00
-1.0755E+01;8.9706E+00
-1.0754E+01;8.9720E+00
-1.0753E+01;8.9734E+00
-1.0752E+01;8.9748E+00
-1.0751E+01;8.9762E+00
-1.0750E+01;8.9775E+00
-1.0749E+01;8.9789E+00
-1.0748E+01;8.9803E+00
-1.0747E+01;8.9817E+00
-1.0746E+01;8.9830E+00
-1.0745E+01;8.9844E+00
-1.0744E+01;8.9858E+00
-1.0743E+01;8.9872E+00
-1.0742E+01;8.9885E+00
-1.0741E+01;8.9899E+00
-1.0740E+01;8.9913E+00
-1.0739E+01;8.9927E+00
-1.0738E+01;8.9940E+00
-1.0737E+01;8.9954E+00
-1.0736E+01;8.9968E+00
-1.0735E+01;8.9982E+00
-1.0734E+01;8.9995E+00
-1.0733E+01;9.0009E+00
-1.0732E+01;9.0023E+00
-1.0731E+01;9.0037E+00
-1.0730E+01;9.0051E+00
-1.0729E+01;9.0064E+00
-1.0728E+01;9.0078E+00
-1.0727E+01;9.0092E+00
-1.0726E+01;9.0106E+00
-1.0725E+01;9.0119E+00
-1.0724E+01;9.0133E+00
-1.0723E+01;9.0147E+00
-1.0722E+01;9.0161E+00
-1.0721E+01;9.0174E+00
-1.0720E+01;9.0188E+00
-1.0719E+01;9.0202E+00
-1.0718E+01;9.0216E+00
-1.0717E+01;9.0229E+00
-1.0716E+01;9.0243E+00
-1.0715E+01;9.0257E+00
-1.0714E+01;9.0271E+00
-1.0713E+01;9.0285E+00
-1.0712E+01;9.0298E+00
-1.0711E+01;9.0312E+00
-1.0710E+01;9.0326E+00
-1.0709E+01;9.0340E+00
-1.0708E+01;9.0353E+00
-1.0707E+01;9.0367E+00
-1.0706E+01;9.0381E+00
-1.0705E+01;9.0395E+00
-1.0704E+01;9.0408E+00
-1.0703E+01;9.0422E+00
-1.0702E+01;9.0436E+00
-1.0701E+01;9.0450E+00
-1.0700E+01;9.0463E+00
-1.0699E+01;9.0477E+00
-1.0698E+01;9.0491E+00
-1.0697E+01;9.0505E+00
-1.0696E+01;9.0519E+00
-1.0695E+01;9.0532E+00
-1.0694E+01;9.0546E+00
-1.0693E+01;9.0560E+00
-1.0692E+01;9.0574E+00
-1.0691E+01;9.0587E+00
-1.0690E+01;9.0601E+00
-1.0689E+01;9.0615E+00
-1.0688E+01;9.0629E+00
-1.0687E+01;9.0642E+00
-1.0686E+01;9.0656E+00
-1.0685E+01;9.0670E+00
-1.0684E+01;9.0684E+00
-1.0683E+01;9.0697E+00
-1.0682E+01;9.0711E+00
-1.0681E+01;9.0725E+00
-1.0680E+01;9.0739E+00
-1.0679E+01;9.0753E+00
-1.0678E+01;9.0766E+00
-1.0677E+01;9.0780E+00
-1.0676E+01;9.0794E+00
-1.0675E+01;9.0808E+00
-1.0674E+01;9.0821E+00
-1.0673E+01;9.0835E+00
-1.0672E+01;9.0849E+00
-1.0671E+01;9.0863E+00
-1.0670E+01;9.0876E+00
-1.0669E+01;9.0890E+00
-1.0668E+01;9.0904E+00
-1.0667E+01;9.0918E+00
-1.0666E+01;9.0931E+00
-1.0665E+01;9.0945E+00
-1.0664E+01;9.0959E+00
-1.0663E+01;9.0973E+00
-1.0662E+01;9.0987E+00
-1.0661E+01;9.1000E+00
-1.0660E+01;9.1014E+00
-1.0659E+01;9.1028E+00
-1.0658E+01;9.1042E+00
-1.0657E+01;9.1055E+00
-1.0656E+01;9.1069E+00
-1.0655E+01;9.1083E+00
-1.0654E+01;9.1097E+00
-1.0653E+01;9.1110E+00
-1.0652E+01;9.1124E+00
-1.0651E+01;9.1138E+00
-1.0650E+01;9.1152E+00
-1.0649E+01;9.1165E+00
-1.0648E+01;9.1179E+00
-1.0647E+01;9.1193E+00
-1.0646E+01;9.1207E+00
-1.0645E+01;9.1221E+00
-1.0644E+01;9.1234E+00
-1.0643E+01;9.1248E+00
-1.0642E+01;9.1262E+00
-1.0641E+01;9.1276E+00
-1.0640E+01;9.1289E+00
-1.0639E+01;9.1303E+00
-1.0638E+01;9.1317E+00
-1.0637E+01;9.1331E+00
-1.0636E+01;9.1344E+00
-1.0635E+01;9.1358E+00
-1.0634E+01;9.1372E+00
-1.0633E+01;9.1386E+00
-1.0632E+01;9.1399E+00
-1.0631E+01;9.1413E+00
-1.0630E+01;9.1427E+00
-1.0629E+01;9.1441E+00
-1.0628E+01;9.1455E+00
-1.0627E+01;9.1468E+00
-1.0626E+01;9.1482E+00
-1.0625E+01;9.1496E+00
-1.0624E+01;9.1510E+00
-1.0623E+01;9.1523E+00
-1.0622E+01;9.1537E+00
-1.0621E+01;9.1551E+00
-1.0620E+01;9.1565E+00
-1.0619E+01;9.1578E+00
-1.0618E+01;9.1592E+00
-1.0617E+01;9.1606E+00
-1.0616E+01;9.1620E+00
-1.0615E+01;9.1633E+00
-1.0614E+01;9.1647E+00
-1.0613E+01;9.1661E+00
-1.0612E+01;9.1675E+00
-1.0611E+01;9.1689E+00
-1.0610E+01;9.1702E+00
-1.0609E+01;9.1716E+00
-1.0608E+01;9.1730E+00
-1.0607E+01;9.1744E+00
-1.0606E+01;9.1757E+00
-1.0605E+01;9.1771E+00
-1.0604E+01;9.1785E+00
-1.0603E+01;9.1799E+00
-1.0602E+01;9.1812E+00
-1.0601E+01;9.1826E+00
-1.0600E+01;9.1840E+00
-1.0599E+01;9.1854E+00
-1.0598E+01;9.1867E+00
-1.0597E+01;9.1881E+00
-1.0596E+01;9.1895E+00
-1.0595E+01;9.1909E+00
-1.0594E+01;9.1923E+00
-1.0593E+01;9.1936E+00
-1.0592E+01;9.1950E+00
-1.0591E+01;9.1964E+00
-1.0590E+01;9.1978E+00
-1.0589E+01;9.1991E+00
-1.0588E+01;9.2005E+00
-1.0587E+01;9.2019E+00
-1.0586E+01;9.2033E+00
-1.0585E+01;9.2046E+00
-1.0584E+01;9.2060E+00
-1.0583E+01;9.2074E+00
-1.0582E+01;9.2088E+00
-1.0581E+01;9.2101E+00
-1.0580E+01;9.2115E+00
-1.0579E+01;9.2129E+00
-1.0578E+01;9.2143E+00
-1.0577E+01;9.2157E+00
-1.0576E+01;9.2170E+00
-1.0575E+01;9.2184E+00
-1.0574E+01;9.2198E+00
-1.0573E+01;9.2212E+00
-1.0572E+01;9.2225E+00
-1.0571E+01;9.2239E+00
-1.0570E+01;9.2253E+00
-1.0569E+01;9.2267E+00
-1.0568E+01;9.2280E+00
-1.0567E+01;9.2294E+00
-1.0566E+01;9.2308E+00
-1.0565E+01;9.2322E+00
-1.0564E+01;9.2335E+00
-1.0563E+01;9.2349E+00
-1.0562E+01;9.2363E+00
-1.0561E+01;9.2377E+00
-1.0560E+01;9.2391E+00
-1.0559E+01;9.2404E+00
-1.0558E+01;9.2418E+00
-1.0557E+01;9.2432E+00
-1.0556E+01;9.2446E+00
-1.0555E+01;9.2459E+00
-1.0554E+01;9.2473E+00
-1.0553E+01;9.2487E+00
-1.0552E+01;9.2501E+00
-1.0551E+01;9.2514E+00
-1.0550E+01;9.2528E+00
-1.0549E+01;9.2542E+00
-1.0548E+01;9.2556E+00
-1.0547E+01;9.2570E+00
-1.0546E+01;9.2583E+00
-1.0545E+01;9.2597E+00
-1.0544E+01;9.2611E+00
-1.0543E+01;9.2625E+00
-1.0542E+01;9.2638E+00
-1.0541E+01;9.2652E+00
-1.0540E+01;9.2666E+00
-1.0539E+01;9.2680E+00
-1.0538E+01;9.2693E+00
-1.0537E+01;9.2707E+00
-1.0536E+01;9.2721E+00
-1.0535E+01;9.2735E+00
-1.0534E+01;9.2748E+00
-1.0533E+01;9.2762E+00
-1.0532E+01;9.2776E+00
-1.0531E+01;9.2790E+00
-1.0530E+01;9.2804E+00
-1.0529E+01;9.2817E+00
-1.0528E+01;9.2831E+00
-1.0527E+01;9.2845E+00
-1.0526E+01;9.2859E+00
-1.0525E+01;9.2872E+00
-1.0524E+01;9.2886E+00
-1.0523E+01;9.2900E+00
-1.0522E+01;9.2914E+00
-1.0521E+01;9.2927E+00
-1.0520E+01;9.2941E+00
-1.0519E+01;9.2955E+00
-1.0518E+01;9.2969E+00
-1.0517E+01;9.2982E+00
-1.0516E+01;9.2996E+00
-1.0515E+01;9.3010E+00
-1.0514E+01;9.3024E+00
-1.0513E+01;9.3038E+00
-1.0512E+01;9.3051E+00
-1.0511E+01;9.3065E+00
-1.0510E+01;9.3079E+00
-1.0509E+01;9.3093E+00
-1.0508E+01;9.3106E+00
-1.0507E+01;9.3120E+00
-1.0506E+01;9.3134E+00
-1.0505E+01;9.3148E+00
-1.0504E+01;9.3161E+00
-1.0503E+01;9.3175E+00
-1.0502E+01;9.3189E+00
-1.0501E+01;9.3203E+00
-1.0500E+01;9.3217E+00
-1.0499E+01;9.3230E+00
-1.0498E+01;9.3244E+00
-1.0497E+01;9.3258E+00
-1.0496E+01;9.3272E+00
-1.0495E+01;9.3285E+00
-1.0494E+01;9.3299E+00
-1.0493E+01;9.3313E+00
-1.0492E+01;9.3327E+00
-1.0491E+01;9.3340E+00
-1.0490E+01;9.3354E+00
-1.0489E+01;9.3368E+00
-1.0488E+01;9.3382E+00
-1.0487E+01;9.3395E+00
-1.0486E+01;9.3409E+00
-1.0485E+01;9.3423E+00
-1.0484E+01;9.3437E+00
-1.0483E+01;9.3451E+00
-1.0482E+01;9.3464E+00
-1.0481E+01;9.3478E+00
-1.0480E+01;9.3492E+00
-1.0479E+01;9.3506E+00
-1.0478E+01;9.3519E+00
-1.0477E+01;9.3533E+00
-1.0476E+01;9.3547E+00
-1.0475E+01;9.3561E+00
-1.0474E+01;9.3574E+00
-1.0473E+01;9.3588E+00
-1.0472E+01;9.3602E+00
-1.0471E+01;9.3616E+00
-1.0470E+01;9.3629E+00
-1.0469E+01;9.3643E+00
-1.0468E+01;9.3657E+00
-1.0467E+01;9.3671E+00
-1.0466E+01;9.3685E+00
-1.0465E+01;9.3698E+00
-1.0464E+01;9.3712E+00
-1.0463E+01;9.3726E+00
-1.0462E+01;9.3740E+00
-1.0461E+01;9.3753E+00
-1.0460E+01;9.3767E+00
-1.0459E+01;9.3781E+00
-1.0458E+01;9.3795E+00
-1.0457E+01;9.3808E+00
-1.0456E+01;9.3822E+00
-1.0455E+01;9.3836E+00
-1.0454E+01;9.3850E+00
-1.0453E+01;9.3864E+00
-1.0452E+01;9.3877E+00
-1.0451E+01;9.3891E+00
-1.0450E+01;9.3905E+00
-1.0449E+01;9.3919E+00
-1.0448E+01;9.3932E+00
-1.0447E+01;9.3946E+00
-1.0446E+01;9.3960E+00
-1.0445E+01;9.3974E+00
-1.0444E+01;9.3987E+00
-1.0443E+01;9.4001E+00
-1.0442E+01;9.4015E+00
-1.0441E+01;9.4029E+00
-1.0440E+01;9.4042E+00
-1.0439E+01;9.4056E+00
-1.0438E+01;9.4070E+00
-1.0437E+01;9.4084E+00
-1.0436E+01;9.4098E+00
-1.0435E+01;9.4111E+00
-1.0434E+01;9.4125E+00
-1.0433E+01;9.4139E+00
-1.0432E+01;9.4153E+00
-1.0431E+01;9.4166E+00
-1.0430E+01;9.4180E+00
-1.0429E+01;9.4194E+00
-1.0428E+01;9.4208E+00
-1.0427E+01;9.4221E+00
-1.0426E+01;9.4235E+00
-1.0425E+01;9.4249E+00
-1.0424E+01;9.4263E+00
-1.0423E+01;9.4277E+00
-1.0422E+01;9.4290E+00
-1.0421E+01;9.4304E+00
-1.0420E+01;9.4318E+00
-1.0419E+01;9.4332E+00
-1.0418E+01;9.4345E+00
-1.0417E+01;9.4359E+00
-1.0416E+01;9.4373E+00
-1.0415E+01;9.4387E+00
-1.0414E+01;9.4400E+00
-1.0413E+01;9.4414E+00
-1.0412E+01;9.4428E+00
-1.0411E+01;9.4442E+00
-1.0410E+01;9.4455E+00
-1.0409E+01;9.4469E+00
-1.0408E+01;9.4483E+00
-1.0407E+01;9.4497E+00
-1.0406E+01;9.4511E+00
-1.0405E+01;9.4524E+00
-1.0404E+01;9.4538E+00
-1.0403E+01;9.4552E+00
-1.0402E+01;9.4566E+00
-1.0401E+01;9.4579E+00
-1.0400E+01;9.4593E+00
-1.0399E+01;9.4607E+00
-1.0398E+01;9.4621E+00
-1.0397E+01;9.4634E+00
-1.0396E+01;9.4648E+00
-1.0395E+01;9.4662E+00
-1.0394E+01;9.4676E+00
-1.0393E+01;9.4690E+00
-1.0392E+01;9.4703E+00
-1.0391E+01;9.4717E+00
-1.0390E+01;9.4731E+00
-1.0389E+01;9.4745E+00
-1.0388E+01;9.4758E+00
-1.0387E+01;9.4772E+00
-1.0386E+01;9.4786E+00
-1.0385E+01;9.4800E+00
-1.0384E+01;9.4813E+00
-1.0383E+01;9.4827E+00
-1.0382E+01;9.4841E+00
-1.0381E+01;9.4855E+00
-1.0380E+01;9.4869E+00
-1.0379E+01;9.4882E+00
-1.0378E+01;9.4896E+00
-1.0377E+01;9.4910E+00
-1.0376E+01;9.4924E+00
-1.0375E+01;9.4937E+00
-1.0374E+01;9.4951E+00
-1.0373E+01;9.4965E+00
-1.0372E+01;9.4979E+00
-1.0371E+01;9.4992E+00
-1.0370E+01;9.5006E+00
-1.0369E+01;9.5020E+00
-1.0368E+01;9.5034E+00
-1.0367E+01;9.5047E+00
-1.0366E+01;9.5061E+00
-1.0365E+01;9.5075E+00
-1.0364E+01;9.5089E+00
-1.0363E+01;9.5103E+00
-1.0362E+01;9.5116E+00
-1.0361E+01;9.5130E+00
-1.0360E+01;9.5144E+00
-1.0359E+01;9.5158E+00
-1.0358E+01;9.5171E+00
-1.0357E+01;9.5185E+00
-1.0356E+01;9.5199E+00
-1.0355E+01;9.5213E+00
-1.0354E+01;9.5226E+00
-1.0353E+01;9.5240E+00
-1.0352E+01;9.5254E+00
-1.0351E+01;9.5268E+00
-1.0350E+01;9.5282E+00
-1.0349E+01;9.5295E+00
-1.0348E+01;9.5309E+00
-1.0347E+01;9.5323E+00
-1.0346E+01;9.5337E+00
-1.0345E+01;9.5350E+00
-1.0344E+01;9.5364E+00
-1.0343E+01;9.5378E+00
-1.0342E+01;9.5392E+00
-1.0341E+01;9.5405E+00
-1.0340E+01;9.5419E+00
-1.0339E+01;9.5433E+00
-1.0338E+01;9.5447E+00
-1.0337E+01;9.5461E+00
-1.0336E+01;9.5474E+00
-1.0335E+01;9.5488E+00
-1.0334E+01;9.5502E+00
-1.0333E+01;9.5516E+00
-1.0332E+01;9.5529E+00
-1.0331E+01;9.5543E+00
-1.0330E+01;9.5557E+00
-1.0329E+01;9.5571E+00
-1.0328E+01;9.5584E+00
-1.0327E+01;9.5598E+00
-1.0326E+01;9.5612E+00
-1.0325E+01;9.5626E+00
-1.0324E+01;9.5639E+00
-1.0323E+01;9.5653E+00
-1.0322E+01;9.5667E+00
-1.0321E+01;9.5681E+00
-1.0320E+01;9.5695E+00
-1.0319E+01;9.5708E+00
-1.0318E+01;9.5722E+00
-1.0317E+01;9.5736E+00
-1.0316E+01;9.5750E+00
-1.0315E+01;9.5763E+00
-1.0314E+01;9.5777E+00
-1.0313E+01;9.5791E+00
-1.0312E+01;9.5805E+00
-1.0311E+01;9.5818E+00
-1.0310E+01;9.5832E+00
-1.0309E+01;9.5846E+00
-1.0308E+01;9.5860E+00
-1.0307E+01;9.5874E+00
-1.0306E+01;9.5887E+00
-1.0305E+01;9.5901E+00
-1.0304E+01;9.5915E+00
-1.0303E+01;9.5929E+00
-1.0302E+01;9.5942E+00
-1.0301E+01;9.5956E+00
-1.0300E+01;9.5970E+00
-1.0299E+01;9.5984E+00
-1.0298E+01;9.5997E+00
-1.0297E+01;9.6011E+00
-1.0296E+01;9.6025E+00
-1.0295E+01;9.6039E+00
-1.0294E+01;9.6053E+00
-1.0293E+01;9.6066E+00
-1.0292E+01;9.6080E+00
-1.0291E+01;9.6094E+00
-1.0290E+01;9.6108E+00
-1.0289E+01;9.6121E+00
-1.0288E+01;9.6135E+00
-1.0287E+01;9.6149E+00
-1.0286E+01;9.6163E+00
-1.0285E+01;9.6176E+00
-1.0284E+01;9.6190E+00
-1.0283E+01;9.6204E+00
-1.0282E+01;9.6218E+00
-1.0281E+01;9.6231E+00
-1.0280E+01;9.6245E+00
-1.0279E+01;9.6259E+00
-1.0278E+01;9.6273E+00
-1.0277E+01;9.6287E+00
-1.0276E+01;9.6300E+00
-1.0275E+01;9.6314E+00
-1.0274E+01;9.6328E+00
-1.0273E+01;9.6342E+00
-1.0272E+01;9.6355E+00
-1.0271E+01;9.6369E+00
-1.0270E+01;9.6383E+00
-1.0269E+01;9.6397E+00
-1.0268E+01;9.6410E+00
-1.0267E+01;9.6424E+00
-1.0266E+01;9.6438E+00
-1.0265E+01;9.6452E+00
-1.0264E+01;9.6466E+00
-1.0263E+01;9.6479E+00
-1.0262E+01;9.6493E+00
-1.0261E+01;9.6507E+00
-1.0260E+01;9.6521E+00
-1.0259E+01;9.6534E+00
-1.0258E+01;9.6548E+00
-1.0257E+01;9.6562E+00
-1.0256E+01;9.6576E+00
-1.0255E+01;9.6589E+00
-1.0254E+01;9.6603E+00
-1.0253E+01;9.6617E+00
-1.0252E+01;9.6631E+00
-1.0251E+01;9.6645E+00
-1.0250E+01;9.6658E+00
-1.0249E+01;9.6672E+00
-1.0248E+01;9.6686E+00
-1.0247E+01;9.6700E+00
-1.0246E+01;9.6713E+00
-1.0245E+01;9.6727E+00
-1.0244E+01;9.6741E+00
-1.0243E+01;9.6755E+00
-1.0242E+01;9.6768E+00
-1.0241E+01;9.6782E+00
-1.0240E+01;9.6796E+00
-1.0239E+01;9.6810E+00
-1.0238E+01;9.6824E+00
-1.0237E+01;9.6837E+00
-1.0236E+01;9.6851E+00
-1.0235E+01;9.6865E+00
-1.0234E+01;9.6879E+00
-1.0233E+01;9.6892E+00
-1.0232E+01;9.6906E+00
-1.0231E+01;9.6920E+00
-1.0230E+01;9.6934E+00
-1.0229E+01;9.6947E+00
-1.0228E+01;9.6961E+00
-1.0227E+01;9.6975E+00
-1.0226E+01;9.6989E+00
-1.0225E+01;9.7003E+00
-1.0224E+01;9.7016E+00
-1.0223E+01;9.7030E+00
-1.0222E+01;9.7044E+00
-1.0221E+01;9.7058E+00
-1.0220E+01;9.7071E+00
-1.0219E+01;9.7085E+00
-1.0218E+01;9.7099E+00
-1.0217E+01;9.7113E+00
-1.0216E+01;9.7126E+00
-1.0215E+01;9.7140E+00
-1.0214E+01;9.7154E+00
-1.0213E+01;9.7168E+00
-1.0212E+01;9.7182E+00
-1.0211E+01;9.7195E+00
-1.0210E+01;9.7209E+00
-1.0209E+01;9.7223E+00
-1.0208E+01;9.7237E+00
-1.0207E+01;9.7250E+00
-1.0206E+01;9.7264E+00
-1.0205E+01;9.7278E+00
-1.0204E+01;9.7292E+00
-1.0203E+01;9.7305E+00
-1.0202E+01;9.7319E+00
-1.0201E+01;9.7333E+00
-1.0200E+01;9.7347E+00
-1.0199E+01;9.7361E+00
-1.0198E+01;9.7374E+00
-1.0197E+01;9.7388E+00
-1.0196E+01;9.7402E+00
-1.0195E+01;9.7416E+00
-1.0194E+01;9.7429E+00
-1.0193E+01;9.7443E+00
-1.0192E+01;9.7457E+00
-1.0191E+01;9.7471E+00
-1.0190E+01;9.7484E+00
-1.0189E+01;9.7498E+00
-1.0188E+01;9.7512E+00
-1.0187E+01;9.7526E+00
-1.0186E+01;9.7540E+00
-1.0185E+01;9.7553E+00
-1.0184E+01;9.7567E+00
-1.0183E+01;9.7581E+00
-1.0182E+01;9.7595E+00
-1.0181E+01;9.7608E+00
-1.0180E+01;9.7622E+00
-1.0179E+01;9.7636E+00
-1.0178E+01;9.7650E+00
-1.0177E+01;9.7663E+00
-1.0176E+01;9.7677E+00
-1.0175E+01;9.7691E+00
-1.0174E+01;9.7705E+00
-1.0173E+01;9.7719E+00
-1.0172E+01;9.7732E+00
-1.0171E+01;9.7746E+00
-1.0170E+01;9.7760E+00
-1.0169E+01;9.7774E+00
-1.0168E+01;9.7787E+00
-1.0167E+01;9.7801E+00
-1.0166E+01;9.7815E+00
-1.0165E+01;9.7829E+00
-1.0164E+01;9.7842E+00
-1.0163E+01;9.7856E+00
-1.0162E+01;9.7870E+00
-1.0161E+01;9.7884E+00
-1.0160E+01;9.7898E+00
-1.0159E+01;9.7911E+00
-1.0158E+01;9.7925E+00
-1.0157E+01;9.7939E+00
-1.0156E+01;9.7953E+00
-1.0155E+01;9.7966E+00
-1.0154E+01;9.7980E+00
-1.0153E+01;9.7994E+00
-1.0152E+01;9.8008E+00
-1.0151E+01;9.8021E+00
-1.0150E+01;9.8035E+00
-1.0149E+01;9.8049E+00
-1.0148E+01;9.8063E+00
-1.0147E+01;9.8076E+00
-1.0146E+01;9.8090E+00
-1.0145E+01;9.8104E+00
-1.0144E+01;9.8118E+00
-1.0143E+01;9.8132E+00
-1.0142E+01;9.8145E+00
-1.0141E+01;9.8159E+00
-1.0140E+01;9.8173E+00
-1.0139E+01;9.8187E+00
-1.0138E+01;9.8200E+00
-1.0137E+01;9.8214E+00
-1.0136E+01;9.8228E+00
-1.0135E+01;9.8242E+00
-1.0134E+01;9.8256E+00
-1.0133E+01;9.8269E+00
-1.0132E+01;9.8283E+00
-1.0131E+01;9.8297E+00
-1.0130E+01;9.8311E+00
-1.0129E+01;9.8324E+00
-1.0128E+01;9.8338E+00
-1.0127E+01;9.8352E+00
-1.0126E+01;9.8366E+00
-1.0125E+01;9.8379E+00
-1.0124E+01;9.8393E+00
-1.0123E+01;9.8407E+00
-1.0122E+01;9.8421E+00
-1.0121E+01;9.8434E+00
-1.0120E+01;9.8448E+00
-1.0119E+01;9.8462E+00
-1.0118E+01;9.8476E+00
-1.0117E+01;9.8490E+00
-1.0116E+01;9.8503E+00
-1.0115E+01;9.8517E+00
-1.0114E+01;9.8531E+00
-1.0113E+01;9.8545E+00
-1.0112E+01;9.8558E+00
-1.0111E+01;9.8572E+00
-1.0110E+01;9.8586E+00
-1.0109E+01;9.8600E+00
-1.0108E+01;9.8614E+00
-1.0107E+01;9.8627E+00
-1.0106E+01;9.8641E+00
-1.0105E+01;9.8655E+00
-1.0104E+01;9.8669E+00
-1.0103E+01;9.8682E+00
-1.0102E+01;9.8696E+00
-1.0101E+01;9.8710E+00
-1.0100E+01;9.8724E+00
-1.0099E+01;9.8737E+00
-1.0098E+01;9.8751E+00
-1.0097E+01;9.8765E+00
-1.0096E+01;9.8779E+00
-1.0095E+01;9.8793E+00
-1.0094E+01;9.8806E+00
-1.0093E+01;9.8820E+00
-1.0092E+01;9.8834E+00
-1.0091E+01;9.8848E+00
-1.0090E+01;9.8861E+00
-1.0089E+01;9.8875E+00
-1.0088E+01;9.8889E+00
-1.0087E+01;9.8903E+00
-1.0086E+01;9.8916E+00
-1.0085E+01;9.8930E+00
-1.0084E+01;9.8944E+00
-1.0083E+01;9.8958E+00
-1.0082E+01;9.8972E+00
-1.0081E+01;9.8985E+00
-1.0080E+01;9.8999E+00
-1.0079E+01;9.9013E+00
-1.0078E+01;9.9027E+00
-1.0077E+01;9.9040E+00
-1.0076E+01;9.9054E+00
-1.0075E+01;9.9068E+00
-1.0074E+01;9.9082E+00
-1.0073E+01;9.9095E+00
-1.0072E+01;9.9109E+00
-1.0071E+01;9.9123E+00
-1.0070E+01;9.9137E+00
-1.0069E+01;9.9151E+00
-1.0068E+01;9.9164E+00
-1.0067E+01;9.9178E+00
-1.0066E+01;9.9192E+00
-1.0065E+01;9.9206E+00
-1.0064E+01;9.9219E+00
-1.0063E+01;9.9233E+00
-1.0062E+01;9.9247E+00
-1.0061E+01;9.9261E+00
-1.0060E+01;9.9274E+00
-1.0059E+01;9.9288E+00
-1.0058E+01;9.9302E+00
-1.0057E+01;9.9316E+00
-1.0056E+01;9.9330E+00
-1.0055E+01;9.9343E+00
-1.0054E+01;9.9357E+00
-1.0053E+01;9.9371E+00
-1.0052E+01;9.9385E+00
-1.0051E+01;9.9398E+00
-1.0050E+01;9.9412E+00
-1.0049E+01;9.9426E+00
-1.0048E+01;9.9440E+00
-1.0047E+01;9.9453E+00
-1.0046E+01;9.9467E+00
-1.0045E+01;9.9481E+00
-1.0044E+01;9.9495E+00
-1.0043E+01;9.9509E+00
-1.0042E+01;9.9522E+00
-1.0041E+01;9.9536E+00
-1.0040E+01;9.9550E+00
-1.0039E+01;9.9564E+00
-1.0038E+01;9.9577E+00
-1.0037E+01;9.9591E+00
-1.0036E+01;9.9605E+00
-1.0035E+01;9.9619E+00
-1.0034E+01;9.9632E+00
-1.0033E+01;9.9646E+00
-1.0032E+01;9.9660E+00
-1.0031E+01;9.9674E+00
-1.0030E+01;9.9688E+00
-1.0029E+01;9.9701E+00
-1.0028E+01;9.9715E+00
-1.0027E+01;9.9729E+00
-1.0026E+01;9.9743E+00
-1.0025E+01;9.9756E+00
-1.0024E+01;9.9770E+00
-1.0023E+01;9.9784E+00
-1.0022E+01;9.9798E+00
-1.0021E+01;9.9811E+00
-1.0020E+01;9.9825E+00
-1.0019E+01;9.9839E+00
-1.0018E+01;9.9853E+00
-1.0017E+01;9.9867E+00
-1.0016E+01;9.9880E+00
-1.0015E+01;9.9894E+00
-1.0014E+01;9.9908E+00
-1.0013E+01;9.9922E+00
-1.0012E+01;9.9935E+00
-1.0011E+01;9.9949E+00
-1.0010E+01;9.9963E+00
-1.0009E+01;9.9977E+00
-1.0008E+01;9.9990E+00
-1.0007E+01;1.0000E+01
-1.0006E+01;1.0002E+01
-1.0005E+01;1.0003E+01
-1.0004E+01;1.0005E+01
-1.0003E+01;1.0006E+01
-1.0002E+01;1.0007E+01
-1.0001E+01;1.0009E+01
-1.0000E+01;1.0010E+01
-9.9990E+00;1.0011E+01
-9.9980E+00;1.0013E+01
-9.9970E+00;1.0014E+01
-9.9960E+00;1.0016E+01
-9.9950E+00;1.0017E+01
-9.9940E+00;1.0018E+01
-9.9930E+00;1.0020E+01
-9.9920E+00;1.0021E+01
-9.9910E+00;1.0022E+01
-9.9900E+00;1.0024E+01
-9.9890E+00;1.0025E+01
-9.9880E+00;1.0027E+01
-9.9870E+00;1.0028E+01
-9.9860E+00;1.0029E+01
-9.9850E+00;1.0031E+01
-9.9840E+00;1.0032E+01
-9.9830E+00;1.0033E+01
-9.9820E+00;1.0035E+01
-9.9810E+00;1.0036E+01
-9.9800E+00;1.0038E+01
-9.9790E+00;1.0039E+01
-9.9780E+00;1.0040E+01
-9.9770E+00;1.0042E+01
-9.9760E+00;1.0043E+01
-9.9750E+00;1.0044E+01
-9.9740E+00;1.0046E+01
-9.9730E+00;1.0047E+01
-9.9720E+00;1.0049E+01
-9.9710E+00;1.0050E+01
-9.9700E+00;1.0051E+01
-9.9690E+00;1.0053E+01
-9.9680E+00;1.0054E+01
-9.9670E+00;1.0056E+01
-9.9660E+00;1.0057E+01
-9.9650E+00;1.0058E+01
-9.9640E+00;1.0060E+01
-9.9630E+00;1.0061E+01
-9.9620E+00;1.0062E+01
-9.9610E+00;1.0064E+01
-9.9600E+00;1.0065E+01
-9.9590E+00;1.0067E+01
-9.9580E+00;1.0068E+01
-9.9570E+00;1.0069E+01
-9.9560E+00;1.0071E+01
-9.9550E+00;1.0072E+01
-9.9540E+00;1.0073E+01
-9.9530E+00;1.0075E+01
-9.9520E+00;1.0076E+01
-9.9510E+00;1.0078E+01
-9.9500E+00;1.0079E+01
-9.9490E+00;1.0080E+01
-9.9480E+00;1.0082E+01
-9.9470E+00;1.0083E+01
-9.9460E+00;1.0084E+01
-9.9450E+00;1.0086E+01
-9.9440E+00;1.0087E+01
-9.9430E+00;1.0089E+01
-9.9420E+00;1.0090E+01
-9.9410E+00;1.0091E+01
-9.9400E+00;1.0093E+01
-9.9390E+00;1.0094E+01
-9.9380E+00;1.0095E+01
-9.9370E+00;1.0097E+01
-9.9360E+00;1.0098E+01
-9.9350E+00;1.0100E+01
-9.9340E+00;1.0101E+01
-9.9330E+00;1.0102E+01
-9.9320E+00;1.0104E+01
-9.9310E+00;1.0105E+01
-9.9300E+00;1.0106E+01
-9.9290E+00;1.0108E+01
-9.9280E+00;1.0109E+01
-9.9270E+00;1.0111E+01
-9.9260E+00;1.0112E+01
-9.9250E+00;1.0113E+01
-9.9240E+00;1.0115E+01
-9.9230E+00;1.0116E+01
-9.9220E+00;1.0117E+01
-9.9210E+00;1.0119E+01
-9.9200E+00;1.0120E+01
-9.9190E+00;1.0122E+01
-9.9180E+00;1.0123E+01
-9.9170E+00;1.0124E+01
-9.9160E+00;1.0126E+01
-9.9150E+00;1.0127E+01
-9.9140E+00;1.0128E+01
-9.9130E+00;1.0130E+01
-9.9120E+00;1.0131E+01
-9.9110E+00;1.0133E+01
-9.9100E+00;1.0134E+01
-9.9090E+00;1.0135E+01
-9.9080E+00;1.0137E+01
-9.9070E+00;1.0138E+01
-9.9060E+00;1.0140E+01
-9.9050E+00;1.0141E+01
-9.9040E+00;1.0142E+01
-9.9030E+00;1.0144E+01
-9.9020E+00;1.0145E+01
-9.9010E+00;1.0146E+01
-9.9000E+00;1.0148E+01
-9.8990E+00;1.0149E+01
-9.8980E+00;1.0151E+01
-9.8970E+00;1.0152E+01
-9.8960E+00;1.0153E+01
-9.8950E+00;1.0155E+01
-9.8940E+00;1.0156E+01
-9.8930E+00;1.0157E+01
-9.8920E+00;1.0159E+01
-9.8910E+00;1.0160E+01
-9.8900E+00;1.0162E+01
-9.8890E+00;1.0163E+01
-9.8880E+00;1.0164E+01
-9.8870E+00;1.0166E+01
-9.8860E+00;1.0167E+01
-9.8850E+00;1.0168E+01
-9.8840E+00;1.0170E+01
-9.8830E+00;1.0171E+01
-9.8820E+00;1.0173E+01
-9.8810E+00;1.0174E+01
-9.8800E+00;1.0175E+01
-9.8790E+00;1.0177E+01
-9.8780E+00;1.0178E+01
-9.8770E+00;1.0179E+01
-9.8760E+00;1.0181E+01
-9.8750E+00;1.0182E+01
-9.8740E+00;1.0184E+01
-9.8730E+00;1.0185E+01
-9.8720E+00;1.0186E+01
-9.8710E+00;1.0188E+01
-9.8700E+00;1.0189E+01
-9.8690E+00;1.0190E+01
-9.8680E+00;1.0192E+01
-9.8670E+00;1.0193E+01
-9.8660E+00;1.0195E+01
-9.8650E+00;1.0196E+01
-9.8640E+00;1.0197E+01
-9.8630E+00;1.0199E+01
-9.8620E+00;1.0200E+01
-9.8610E+00;1.0201E+01
-9.8600E+00;1.0203E+01
-9.8590E+00;1.0204E+01
-9.8580E+00;1.0206E+01
-9.8570E+00;1.0207E+01
-9.8560E+00;1.0208E+01
-9.8550E+00;1.0210E+01
-9.8540E+00;1.0211E+01
-9.8530E+00;1.0212E+01
-9.8520E+00;1.0214E+01
-9.8510E+00;1.0215E+01
-9.8500E+00;1.0217E+01
-9.8490E+00;1.0218E+01
-9.8480E+00;1.0219E+01
-9.8470E+00;1.0221E+01
-9.8460E+00;1.0222E+01
-9.8450E+00;1.0224E+01
-9.8440E+00;1.0225E+01
-9.8430E+00;1.0226E+01
-9.8420E+00;1.0228E+01
-9.8410E+00;1.0229E+01
-9.8400E+00;1.0230E+01
-9.8390E+00;1.0232E+01
-9.8380E+00;1.0233E+01
-9.8370E+00;1.0235E+01
-9.8360E+00;1.0236E+01
-9.8350E+00;1.0237E+01
-9.8340E+00;1.0239E+01
-9.8330E+00;1.0240E+01
-9.8320E+00;1.0241E+01
-9.8310E+00;1.0243E+01
-9.8300E+00;1.0244E+01
-9.8290E+00;1.0246E+01
-9.8280E+00;1.0247E+01
-9.8270E+00;1.0248E+01
-9.8260E+00;1.0250E+01
-9.8250E+00;1.0251E+01
-9.8240E+00;1.0252E+01
-9.8230E+00;1.0254E+01
-9.8220E+00;1.0255E+01
-9.8210E+00;1.0257E+01
-9.8200E+00;1.0258E+01
-9.8190E+00;1.0259E+01
-9.8180E+00;1.0261E+01
-9.8170E+00;1.0262E+01
-9.8160E+00;1.0263E+01
-9.8150E+00;1.0265E+01
-9.8140E+00;1.0266E+01
-9.8130E+00;1.0268E+01
-9.8120E+00;1.0269E+01
-9.8110E+00;1.0270E+01
-9.8100E+00;1.0272E+01
-9.8090E+00;1.0273E+01
-9.8080E+00;1.0274E+01
-9.8070E+00;1.0276E+01
-9.8060E+00;1.0277E+01
-9.8050E+00;1.0279E+01
-9.8040E+00;1.0280E+01
-9.8030E+00;1.0281E+01
-9.8020E+00;1.0283E+01
-9.8010E+00;1.0284E+01
-9.8000E+00;1.0285E+01
-9.7990E+00;1.0287E+01
-9.7980E+00;1.0288E+01
-9.7970E+00;1.0290E+01
-9.7960E+00;1.0291E+01
-9.7950E+00;1.0292E+01
-9.7940E+00;1.0294E+01
-9.7930E+00;1.0295E+01
-9.7920E+00;1.0297E+01
-9.7910E+00;1.0298E+01
-9.7900E+00;1.0299E+01
-9.7890E+00;1.0301E+01
-9.7880E+00;1.0302E+01
-9.7870E+00;1.0303E+01
-9.7860E+00;1.0305E+01
-9.7850E+00;1.0306E+01
-9.7840E+00;1.0308E+01
-9.7830E+00;1.0309E+01
-9.7820E+00;1.0310E+01
-9.7810E+00;1.0312E+01
-9.7800E+00;1.0313E+01
-9.7790E+00;1.0314E+01
-9.7780E+00;1.0316E+01
-9.7770E+00;1.0317E+01
-9.7760E+00;1.0319E+01
-9.7750E+00;1.0320E+01
-9.7740E+00;1.0321E+01
-9.7730E+00;1.0323E+01
-9.7720E+00;1.0324E+01
-9.7710E+00;1.0325E+01
-9.7700E+00;1.0327E+01
-9.7690E+00;1.0328E+01
-9.7680E+00;1.0330E+01
-9.7670E+00;1.0331E+01
-9.7660E+00;1.0332E+01
-9.7650E+00;1.0334E+01
-9.7640E+00;1.0335E+01
-9.7630E+00;1.0336E+01
-9.7620E+00;1.0338E+01
-9.7610E+00;1.0339E+01
-9.7600E+00;1.0341E+01
-9.7590E+00;1.0342E+01
-9.7580E+00;1.0343E+01
-9.7570E+00;1.0345E+01
-9.7560E+00;1.0346E+01
-9.7550E+00;1.0347E+01
-9.7540E+00;1.0349E+01
-9.7530E+00;1.0350E+01
-9.7520E+00;1.0352E+01
-9.7510E+00;1.0353E+01
-9.7500E+00;1.0354E+01
-9.7490E+00;1.0356E+01
-9.7480E+00;1.0357E+01
-9.7470E+00;1.0358E+01
-9.7460E+00;1.0360E+01
-9.7450E+00;1.0361E+01
-9.7440E+00;1.0363E+01
-9.7430E+00;1.0364E+01
-9.7420E+00;1.0365E+01
-9.7410E+00;1.0367E+01
-9.7400E+00;1.0368E+01
-9.7390E+00;1.0369E+01
-9.7380E+00;1.0371E+01
-9.7370E+00;1.0372E+01
-9.7360E+00;1.0374E+01
-9.7350E+00;1.0375E+01
-9.7340E+00;1.0376E+01
-9.7330E+00;1.0378E+01
-9.7320E+00;1.0379E+01
-9.7310E+00;1.0381E+01
-9.7300E+00;1.0382E+01
-9.7290E+00;1.0383E+01
-9.7280E+00;1.0385E+01
-9.7270E+00;1.0386E+01
-9.7260E+00;1.0387E+01
-9.7250E+00;1.0389E+01
-9.7240E+00;1.0390E+01
-9.7230E+00;1.0392E+01
-9.7220E+00;1.0393E+01
-9.7210E+00;1.0394E+01
-9.7200E+00;1.0396E+01
-9.7190E+00;1.0397E+01
-9.7180E+00;1.0398E+01
-9.7170E+00;1.0400E+01
-9.7160E+00;1.0401E+01
-9.7150E+00;1.0403E+01
-9.7140E+00;1.0404E+01
-9.7130E+00;1.0405E+01
-9.7120E+00;1.0407E+01
-9.7110E+00;1.0408E+01
-9.7100E+00;1.0409E+01
-9.7090E+00;1.0411E+01
-9.7080E+00;1.0412E+01
-9.7070E+00;1.0414E+01
-9.7060E+00;1.0415E+01
-9.7050E+00;1.0416E+01
-9.7040E+00;1.0418E+01
-9.7030E+00;1.0419E+01
-9.7020E+00;1.0420E+01
-9.7010E+00;1.0422E+01
-9.7000E+00;1.0423E+01
-9.6990E+00;1.0425E+01
-9.6980E+00;1.0426E+01
-9.6970E+00;1.0427E+01
-9.6960E+00;1.0429E+01
-9.6950E+00;1.0430E+01
-9.6940E+00;1.0431E+01
-9.6930E+00;1.0433E+01
-9.6920E+00;1.0434E+01
-9.6910E+00;1.0436E+01
-9.6900E+00;1.0437E+01
-9.6890E+00;1.0438E+01
-9.6880E+00;1.0440E+01
-9.6870E+00;1.0441E+01
-9.6860E+00;1.0442E+01
-9.6850E+00;1.0444E+01
-9.6840E+00;1.0445E+01
-9.6830E+00;1.0447E+01
-9.6820E+00;1.0448E+01
-9.6810E+00;1.0449E+01
-9.6800E+00;1.0451E+01
-9.6790E+00;1.0452E+01
-9.6780E+00;1.0454E+01
-9.6770E+00;1.0455E+01
-9.6760E+00;1.0456E+01
-9.6750E+00;1.0458E+01
-9.6740E+00;1.0459E+01
-9.6730E+00;1.0460E+01
-9.6720E+00;1.0462E+01
-9.6710E+00;1.0463E+01
-9.6700E+00;1.0465E+01
-9.6690E+00;1.0466E+01
-9.6680E+00;1.0467E+01
-9.6670E+00;1.0469E+01
-9.6660E+00;1.0470E+01
-9.6650E+00;1.0471E+01
-9.6640E+00;1.0473E+01
-9.6630E+00;1.0474E+01
-9.6620E+00;1.0476E+01
-9.6610E+00;1.0477E+01
-9.6600E+00;1.0478E+01
-9.6590E+00;1.0480E+01
-9.6580E+00;1.0481E+01
-9.6570E+00;1.0482E+01
-9.6560E+00;1.0484E+01
-9.6550E+00;1.0485E+01
-9.6540E+00;1.0487E+01
-9.6530E+00;1.0488E+01
-9.6520E+00;1.0489E+01
-9.6510E+00;1.0491E+01
-9.6500E+00;1.0492E+01
-9.6490E+00;1.0493E+01
-9.6480E+00;1.0495E+01
-9.6470E+00;1.0496E+01
-9.6460E+00;1.0498E+01
-9.6450E+00;1.0499E+01
-9.6440E+00;1.0500E+01
-9.6430E+00;1.0502E+01
-9.6420E+00;1.0503E+01
-9.6410E+00;1.0504E+01
-9.6400E+00;1.0506E+01
-9.6390E+00;1.0507E+01
-9.6380E+00;1.0509E+01
-9.6370E+00;1.0510E+01
-9.6360E+00;1.0511E+01
-9.6350E+00;1.0513E+01
-9.6340E+00;1.0514E+01
-9.6330E+00;1.0515E+01
-9.6320E+00;1.0517E+01
-9.6310E+00;1.0518E+01
-9.6300E+00;1.0520E+01
-9.6290E+00;1.0521E+01
-9.6280E+00;1.0522E+01
-9.6270E+00;1.0524E+01
-9.6260E+00;1.0525E+01
-9.6250E+00;1.0527E+01
-9.6240E+00;1.0528E+01
-9.6230E+00;1.0529E+01
-9.6220E+00;1.0531E+01
-9.6210E+00;1.0532E+01
-9.6200E+00;1.0533E+01
-9.6190E+00;1.0535E+01
-9.6180E+00;1.0536E+01
-9.6170E+00;1.0538E+01
-9.6160E+00;1.0539E+01
-9.6150E+00;1.0540E+01
-9.6140E+00;1.0542E+01
-9.6130E+00;1.0543E+01
-9.6120E+00;1.0544E+01
-9.6110E+00;1.0546E+01
-9.6100E+00;1.0547E+01
-9.6090E+00;1.0549E+01
-9.6080E+00;1.0550E+01
-9.6070E+00;1.0551E+01
-9.6060E+00;1.0553E+01
-9.6050E+00;1.0554E+01
-9.6040E+00;1.0555E+01
-9.6030E+00;1.0557E+01
-9.6020E+00;1.0558E+01
-9.6010E+00;1.0560E+01
-9.6000E+00;1.0561E+01
-9.5990E+00;1.0562E+01
-9.5980E+00;1.0564E+01
-9.5970E+00;1.0565E+01
-9.5960E+00;1.0566E+01
-9.5950E+00;1.0568E+01
-9.5940E+00;1.0569E+01
-9.5930E+00;1.0571E+01
-9.5920E+00;1.0572E+01
-9.5910E+00;1.0573E+01
-9.5900E+00;1.0575E+01
-9.5890E+00;1.0576E+01
-9.5880E+00;1.0577E+01
-9.5870E+00;1.0579E+01
-9.5860E+00;1.0580E+01
-9.5850E+00;1.0582E+01
-9.5840E+00;1.0583E+01
-9.5830E+00;1.0584E+01
-9.5820E+00;1.0586E+01
-9.5810E+00;1.0587E+01
-9.5800E+00;1.0588E+01
-9.5790E+00;1.0590E+01
-9.5780E+00;1.0591E+01
-9.5770E+00;1.0593E+01
-9.5760E+00;1.0594E+01
-9.5750E+00;1.0595E+01
-9.5740E+00;1.0597E+01
-9.5730E+00;1.0598E+01
-9.5720E+00;1.0600E+01
-9.5710E+00;1.0601E+01
-9.5700E+00;1.0602E+01
-9.5690E+00;1.0604E+01
-9.5680E+00;1.0605E+01
-9.5670E+00;1.0606E+01
-9.5660E+00;1.0608E+01
-9.5650E+00;1.0609E+01
-9.5640E+00;1.0611E+01
-9.5630E+00;1.0612E+01
-9.5620E+00;1.0613E+01
-9.5610E+00;1.0615E+01
-9.5600E+00;1.0616E+01
-9.5590E+00;1.0617E+01
-9.5580E+00;1.0619E+01
-9.5570E+00;1.0620E+01
-9.5560E+00;1.0622E+01
-9.5550E+00;1.0623E+01
-9.5540E+00;1.0624E+01
-9.5530E+00;1.0626E+01
-9.5520E+00;1.0627E+01
-9.5510E+00;1.0628E+01
-9.5500E+00;1.0630E+01
-9.5490E+00;1.0631E+01
-9.5480E+00;1.0633E+01
-9.5470E+00;1.0634E+01
-9.5460E+00;1.0635E+01
-9.5450E+00;1.0637E+01
-9.5440E+00;1.0638E+01
-9.5430E+00;1.0639E+01
-9.5420E+00;1.0641E+01
-9.5410E+00;1.0642E+01
-9.5400E+00;1.0644E+01
-9.5390E+00;1.0645E+01
-9.5380E+00;1.0646E+01
-9.5370E+00;1.0648E+01
-9.5360E+00;1.0649E+01
-9.5350E+00;1.0650E+01
-9.5340E+00;1.0652E+01
-9.5330E+00;1.0653E+01
-9.5320E+00;1.0655E+01
-9.5310E+00;1.0656E+01
-9.5300E+00;1.0657E+01
-9.5290E+00;1.0659E+01
-9.5280E+00;1.0660E+01
-9.5270E+00;1.0661E+01
-9.5260E+00;1.0663E+01
-9.5250E+00;1.0664E+01
-9.5240E+00;1.0666E+01
-9.5230E+00;1.0667E+01
-9.5220E+00;1.0668E+01
-9.5210E+00;1.0670E+01
-9.5200E+00;1.0671E+01
-9.5190E+00;1.0673E+01
-9.5180E+00;1.0674E+01
-9.5170E+00;1.0675E+01
-9.5160E+00;1.0677E+01
-9.5150E+00;1.0678E+01
-9.5140E+00;1.0679E+01
-9.5130E+00;1.0681E+01
-9.5120E+00;1.0682E+01
-9.5110E+00;1.0684E+01
-9.5100E+00;1.0685E+01
-9.5090E+00;1.0686E+01
-9.5080E+00;1.0688E+01
-9.5070E+00;1.0689E+01
-9.5060E+00;1.0690E+01
-9.5050E+00;1.0692E+01
-9.5040E+00;1.0693E+01
-9.5030E+00;1.0695E+01
-9.5020E+00;1.0696E+01
-9.5010E+00;1.0697E+01
-9.5000E+00;1.0699E+01
-9.4990E+00;1.0700E+01
-9.4980E+00;1.0701E+01
-9.4970E+00;1.0703E+01
-9.4960E+00;1.0704E+01
-9.4950E+00;1.0706E+01
-9.4940E+00;1.0707E+01
-9.4930E+00;1.0708E+01
-9.4920E+00;1.0710E+01
-9.4910E+00;1.0711E+01
-9.4900E+00;1.0712E+01
-9.4890E+00;1.0714E+01
-9.4880E+00;1.0715E+01
-9.4870E+00;1.0717E+01
-9.4860E+00;1.0718E+01
-9.4850E+00;1.0719E+01
-9.4840E+00;1.0721E+01
-9.4830E+00;1.0722E+01
-9.4820E+00;1.0723E+01
-9.4810E+00;1.0725E+01
-9.4800E+00;1.0726E+01
-9.4790E+00;1.0728E+01
-9.4780E+00;1.0729E+01
-9.4770E+00;1.0730E+01
-9.4760E+00;1.0732E+01
-9.4750E+00;1.0733E+01
-9.4740E+00;1.0734E+01
-9.4730E+00;1.0736E+01
-9.4720E+00;1.0737E+01
-9.4710E+00;1.0739E+01
-9.4700E+00;1.0740E+01
-9.4690E+00;1.0741E+01
-9.4680E+00;1.0743E+01
-9.4670E+00;1.0744E+01
-9.4660E+00;1.0746E+01
-9.4650E+00;1.0747E+01
-9.4640E+00;1.0748E+01
-9.4630E+00;1.0750E+01
-9.4620E+00;1.0751E+01
-9.4610E+00;1.0752E+01
-9.4600E+00;1.0754E+01
-9.4590E+00;1.0755E+01
-9.4580E+00;1.0757E+01
-9.4570E+00;1.0758E+01
-9.4560E+00;1.0759E+01
-9.4550E+00;1.0761E+01
-9.4540E+00;1.0763E+01
-9.4530E+00;1.0766E+01
-9.4520E+00;1.0769E+01
-9.4510E+00;1.0772E+01
-9.4500E+00;1.0775E+01
-9.4490E+00;1.0778E+01
-9.4480E+00;1.0781E+01
-9.4470E+00;1.0784E+01
-9.4460E+00;1.0787E+01
-9.4450E+00;1.0790E+01
-9.4440E+00;1.0793E+01
-9.4430E+00;1.0796E+01
-9.4420E+00;1.0799E+01
-9.4410E+00;1.0802E+01
-9.4400E+00;1.0805E+01
-9.4390E+00;1.0808E+01
-9.4380E+00;1.0810E+01
-9.4370E+00;1.0813E+01
-9.4360E+00;1.0816E+01
-9.4350E+00;1.0819E+01
-9.4340E+00;1.0822E+01
-9.4330E+00;1.0825E+01
-9.4320E+00;1.0828E+01
-9.4310E+00;1.0831E+01
-9.4300E+00;1.0834E+01
-9.4290E+00;1.0837E+01
-9.4280E+00;1.0840E+01
-9.4270E+00;1.0843E+01
-9.4260E+00;1.0846E+01
-9.4250E+00;1.0849E+01
-9.4240E+00;1.0852E+01
-9.4230E+00;1.0855E+01
-9.4220E+00;1.0858E+01
-9.4210E+00;1.0860E+01
-9.4200E+00;1.0863E+01
-9.4190E+00;1.0866E+01
-9.4180E+00;1.0869E+01
-9.4170E+00;1.0872E+01
-9.4160E+00;1.0875E+01
-9.4150E+00;1.0878E+01
-9.4140E+00;1.0881E+01
-9.4130E+00;1.0884E+01
-9.4120E+00;1.0887E+01
-9.4110E+00;1.0890E+01
-9.4100E+00;1.0893E+01
-9.4090E+00;1.0896E+01
-9.4080E+00;1.0899E+01
-9.4070E+00;1.0902E+01
-9.4060E+00;1.0905E+01
-9.4050E+00;1.0908E+01
-9.4040E+00;1.0910E+01
-9.4030E+00;1.0913E+01
-9.4020E+00;1.0916E+01
-9.4010E+00;1.0919E+01
-9.4000E+00;1.0922E+01
-9.3990E+00;1.0925E+01
-9.3980E+00;1.0928E+01
-9.3970E+00;1.0931E+01
-9.3960E+00;1.0934E+01
-9.3950E+00;1.0937E+01
-9.3940E+00;1.0940E+01
-9.3930E+00;1.0943E+01
-9.3920E+00;1.0946E+01
-9.3910E+00;1.0949E+01
-9.3900E+00;1.0952E+01
-9.3890E+00;1.0955E+01
-9.3880E+00;1.0958E+01
-9.3870E+00;1.0960E+01
-9.3860E+00;1.0963E+01
-9.3850E+00;1.0966E+01
-9.3840E+00;1.0969E+01
-9.3830E+00;1.0972E+01
-9.3820E+00;1.0975E+01
-9.3810E+00;1.0978E+01
-9.3800E+00;1.0981E+01
-9.3790E+00;1.0984E+01
-9.3780E+00;1.0987E+01
-9.3770E+00;1.0990E+01
-9.3760E+00;1.0993E+01
-9.3750E+00;1.0996E+01
-9.3740E+00;1.0999E+01
-9.3730E+00;1.1002E+01
-9.3720E+00;1.1005E+01
-9.3710E+00;1.1008E+01
-9.3700E+00;1.1010E+01
-9.3690E+00;1.1013E+01
-9.3680E+00;1.1016E+01
-9.3670E+00;1.1019E+01
-9.3660E+00;1.1022E+01
-9.3650E+00;1.1025E+01
-9.3640E+00;1.1028E+01
-9.3630E+00;1.1031E+01
-9.3620E+00;1.1034E+01
-9.3610E+00;1.1037E+01
-9.3600E+00;1.1040E+01
-9.3590E+00;1.1043E+01
-9.3580E+00;1.1046E+01
-9.3570E+00;1.1049E+01
-9.3560E+00;1.1052E+01
-9.3550E+00;1.1055E+01
-9.3540E+00;1.1058E+01
-9.3530E+00;1.1060E+01
-9.3520E+00;1.1063E+01
-9.3510E+00;1.1066E+01
-9.3500E+00;1.1069E+01
-9.3490E+00;1.1072E+01
-9.3480E+00;1.1075E+01
-9.3470E+00;1.1078E+01
-9.3460E+00;1.1081E+01
-9.3450E+00;1.1084E+01
-9.3440E+00;1.1087E+01
-9.3430E+00;1.1090E+01
-9.3420E+00;1.1093E+01
-9.3410E+00;1.1096E+01
-9.3400E+00;1.1099E+01
-9.3390E+00;1.1102E+01
-9.3380E+00;1.1105E+01
-9.3370E+00;1.1108E+01
-9.3360E+00;1.1111E+01
-9.3350E+00;1.1113E+01
-9.3340E+00;1.1116E+01
-9.3330E+00;1.1119E+01
-9.3320E+00;1.1122E+01
-9.3310E+00;1.1125E+01
-9.3300E+00;1.1128E+01
-9.3290E+00;1.1131E+01
-9.3280E+00;1.1134E+01
-9.3270E+00;1.1137E+01
-9.3260E+00;1.1140E+01
-9.3250E+00;1.1143E+01
-9.3240E+00;1.1146E+01
-9.3230E+00;1.1149E+01
-9.3220E+00;1.1152E+01
-9.3210E+00;1.1155E+01
-9.3200E+00;1.1158E+01
-9.3190E+00;1.1161E+01
-9.3180E+00;1.1163E+01
-9.3170E+00;1.1166E+01
-9.3160E+00;1.1169E+01
-9.3150E+00;1.1172E+01
-9.3140E+00;1.1175E+01
-9.3130E+00;1.1178E+01
-9.3120E+00;1.1181E+01
-9.3110E+00;1.1184E+01
-9.3100E+00;1.1187E+01
-9.3090E+00;1.1190E+01
-9.3080E+00;1.1193E+01
-9.3070E+00;1.1196E+01
-9.3060E+00;1.1199E+01
-9.3050E+00;1.1202E+01
-9.3040E+00;1.1205E+01
-9.3030E+00;1.1208E+01
-9.3020E+00;1.1211E+01
-9.3010E+00;1.1213E+01
-9.3000E+00;1.1216E+01
-9.2990E+00;1.1219E+01
-9.2980E+00;1.1222E+01
-9.2970E+00;1.1225E+01
-9.2960E+00;1.1228E+01
-9.2950E+00;1.1231E+01
-9.2940E+00;1.1234E+01
-9.2930E+00;1.1237E+01
-9.2920E+00;1.1240E+01
-9.2910E+00;1.1243E+01
-9.2900E+00;1.1246E+01
-9.2890E+00;1.1249E+01
-9.2880E+00;1.1252E+01
-9.2870E+00;1.1255E+01
-9.2860E+00;1.1258E+01
-9.2850E+00;1.1261E+01
-9.2840E+00;1.1263E+01
-9.2830E+00;1.1266E+01
-9.2820E+00;1.1269E+01
-9.2810E+00;1.1272E+01
-9.2800E+00;1.1275E+01
-9.2790E+00;1.1278E+01
-9.2780E+00;1.1281E+01
-9.2770E+00;1.1284E+01
-9.2760E+00;1.1287E+01
-9.2750E+00;1.1290E+01
-9.2740E+00;1.1293E+01
-9.2730E+00;1.1296E+01
-9.2720E+00;1.1299E+01
-9.2710E+00;1.1302E+01
-9.2700E+00;1.1305E+01
-9.2690E+00;1.1308E+01
-9.2680E+00;1.1311E+01
-9.2670E+00;1.1313E+01
-9.2660E+00;1.1316E+01
-9.2650E+00;1.1319E+01
-9.2640E+00;1.1322E+01
-9.2630E+00;1.1325E+01
-9.2620E+00;1.1328E+01
-9.2610E+00;1.1331E+01
-9.2600E+00;1.1334E+01
-9.2590E+00;1.1337E+01
-9.2580E+00;1.1340E+01
-9.2570E+00;1.1343E+01
-9.2560E+00;1.1346E+01
-9.2550E+00;1.1349E+01
-9.2540E+00;1.1352E+01
-9.2530E+00;1.1355E+01
-9.2520E+00;1.1358E+01
-9.2510E+00;1.1361E+01
-9.2500E+00;1.1363E+01
-9.2490E+00;1.1366E+01
-9.2480E+00;1.1369E+01
-9.2470E+00;1.1372E+01
-9.2460E+00;1.1375E+01
-9.2450E+00;1.1378E+01
-9.2440E+00;1.1381E+01
-9.2430E+00;1.1384E+01
-9.2420E+00;1.1387E+01
-9.2410E+00;1.1390E+01
-9.2400E+00;1.1393E+01
-9.2390E+00;1.1396E+01
-9.2380E+00;1.1399E+01
-9.2370E+00;1.1402E+01
-9.2360E+00;1.1405E+01
-9.2350E+00;1.1408E+01
-9.2340E+00;1.1411E+01
-9.2330E+00;1.1414E+01
-9.2320E+00;1.1416E+01
-9.2310E+00;1.1419E+01
-9.2300E+00;1.1422E+01
-9.2290E+00;1.1425E+01
-9.2280E+00;1.1428E+01
-9.2270E+00;1.1431E+01
-9.2260E+00;1.1434E+01
-9.2250E+00;1.1437E+01
-9.2240E+00;1.1440E+01
-9.2230E+00;1.1443E+01
-9.2220E+00;1.1446E+01
-9.2210E+00;1.1449E+01
-9.2200E+00;1.1452E+01
-9.2190E+00;1.1455E+01
-9.2180E+00;1.1458E+01
-9.2170E+00;1.1461E+01
-9.2160E+00;1.1464E+01
-9.2150E+00;1.1466E+01
-9.2140E+00;1.1469E+01
-9.2130E+00;1.1472E+01
-9.2120E+00;1.1475E+01
-9.2110E+00;1.1478E+01
-9.2100E+00;1.1481E+01
-9.2090E+00;1.1484E+01
-9.2080E+00;1.1487E+01
-9.2070E+00;1.1490E+01
-9.2060E+00;1.1493E+01
-9.2050E+00;1.1496E+01
-9.2040E+00;1.1499E+01
-9.2030E+00;1.1502E+01
-9.2020E+00;1.1505E+01
-9.2010E+00;1.1508E+01
-9.2000E+00;1.1511E+01
-9.1990E+00;1.1514E+01
-9.1980E+00;1.1516E+01
-9.1970E+00;1.1519E+01
-9.1960E+00;1.1522E+01
-9.1950E+00;1.1525E+01
-9.1940E+00;1.1528E+01
-9.1930E+00;1.1531E+01
-9.1920E+00;1.1534E+01
-9.1910E+00;1.1537E+01
-9.1900E+00;1.1540E+01
-9.1890E+00;1.1543E+01
-9.1880E+00;1.1546E+01
-9.1870E+00;1.1549E+01
-9.1860E+00;1.1552E+01
-9.1850E+00;1.1555E+01
-9.1840E+00;1.1558E+01
-9.1830E+00;1.1561E+01
-9.1820E+00;1.1564E+01
-9.1810E+00;1.1566E+01
-9.1800E+00;1.1569E+01
-9.1790E+00;1.1572E+01
-9.1780E+00;1.1575E+01
-9.1770E+00;1.1578E+01
-9.1760E+00;1.1581E+01
-9.1750E+00;1.1584E+01
-9.1740E+00;1.1587E+01
-9.1730E+00;1.1590E+01
-9.1720E+00;1.1593E+01
-9.1710E+00;1.1596E+01
-9.1700E+00;1.1599E+01
-9.1690E+00;1.1602E+01
-9.1680E+00;1.1605E+01
-9.1670E+00;1.1608E+01
-9.1660E+00;1.1611E+01
-9.1650E+00;1.1614E+01
-9.1640E+00;1.1616E+01
-9.1630E+00;1.1619E+01
-9.1620E+00;1.1622E+01
-9.1610E+00;1.1625E+01
-9.1600E+00;1.1628E+01
-9.1590E+00;1.1631E+01
-9.1580E+00;1.1634E+01
-9.1570E+00;1.1637E+01
-9.1560E+00;1.1640E+01
-9.1550E+00;1.1643E+01
-9.1540E+00;1.1646E+01
-9.1530E+00;1.1649E+01
-9.1520E+00;1.1652E+01
-9.1510E+00;1.1655E+01
-9.1500E+00;1.1658E+01
-9.1490E+00;1.1661E+01
-9.1480E+00;1.1664E+01
-9.1470E+00;1.1667E+01
-9.1460E+00;1.1669E+01
-9.1450E+00;1.1672E+01
-9.1440E+00;1.1675E+01
-9.1430E+00;1.1678E+01
-9.1420E+00;1.1681E+01
-9.1410E+00;1.1684E+01
-9.1400E+00;1.1687E+01
-9.1390E+00;1.1690E+01
-9.1380E+00;1.1693E+01
-9.1370E+00;1.1696E+01
-9.1360E+00;1.1699E+01
-9.1350E+00;1.1702E+01
-9.1340E+00;1.1705E+01
-9.1330E+00;1.1708E+01
-9.1320E+00;1.1711E+01
-9.1310E+00;1.1714E+01
-9.1300E+00;1.1717E+01
-9.1290E+00;1.1719E+01
-9.1280E+00;1.1722E+01
-9.1270E+00;1.1725E+01
-9.1260E+00;1.1728E+01
-9.1250E+00;1.1731E+01
-9.1240E+00;1.1734E+01
-9.1230E+00;1.1737E+01
-9.1220E+00;1.1740E+01
-9.1210E+00;1.1743E+01
-9.1200E+00;1.1746E+01
-9.1190E+00;1.1749E+01
-9.1180E+00;1.1752E+01
-9.1170E+00;1.1755E+01
-9.1160E+00;1.1758E+01
-9.1150E+00;1.1761E+01
-9.1140E+00;1.1764E+01
-9.1130E+00;1.1767E+01
-9.1120E+00;1.1769E+01
-9.1110E+00;1.1772E+01
-9.1100E+00;1.1775E+01
-9.1090E+00;1.1778E+01
-9.1080E+00;1.1781E+01
-9.1070E+00;1.1784E+01
-9.1060E+00;1.1787E+01
-9.1050E+00;1.1790E+01
-9.1040E+00;1.1793E+01
-9.1030E+00;1.1796E+01
-9.1020E+00;1.1799E+01
-9.1010E+00;1.1802E+01
-9.1000E+00;1.1805E+01
-9.0990E+00;1.1808E+01
-9.0980E+00;1.1811E+01
-9.0970E+00;1.1814E+01
-9.0960E+00;1.1817E+01
-9.0950E+00;1.1819E+01
-9.0940E+00;1.1822E+01
-9.0930E+00;1.1825E+01
-9.0920E+00;1.1828E+01
-9.0910E+00;1.1831E+01
-9.0900E+00;1.1834E+01
-9.0890E+00;1.1837E+01
-9.0880E+00;1.1840E+01
-9.0870E+00;1.1843E+01
-9.0860E+00;1.1846E+01
-9.0850E+00;1.1849E+01
-9.0840E+00;1.1852E+01
-9.0830E+00;1.1855E+01
-9.0820E+00;1.1858E+01
-9.0810E+00;1.1861E+01
-9.0800E+00;1.1864E+01
-9.0790E+00;1.1867E+01
-9.0780E+00;1.1869E+01
-9.0770E+00;1.1872E+01
-9.0760E+00;1.1875E+01
-9.0750E+00;1.1878E+01
-9.0740E+00;1.1881E+01
-9.0730E+00;1.1884E+01
-9.0720E+00;1.1887E+01
-9.0710E+00;1.1890E+01
-9.0700E+00;1.1893E+01
-9.0690E+00;1.1896E+01
-9.0680E+00;1.1899E+01
-9.0670E+00;1.1902E+01
-9.0660E+00;1.1905E+01
-9.0650E+00;1.1908E+01
-9.0640E+00;1.1911E+01
-9.0630E+00;1.1914E+01
-9.0620E+00;1.1917E+01
-9.0610E+00;1.1920E+01
-9.0600E+00;1.1922E+01
-9.0590E+00;1.1925E+01
-9.0580E+00;1.1928E+01
-9.0570E+00;1.1931E+01
-9.0560E+00;1.1934E+01
-9.0550E+00;1.1937E+01
-9.0540E+00;1.1940E+01
-9.0530E+00;1.1943E+01
-9.0520E+00;1.1946E+01
-9.0510E+00;1.1949E+01
-9.0500E+00;1.1952E+01
-9.0490E+00;1.1955E+01
-9.0480E+00;1.1958E+01
-9.0470E+00;1.1961E+01
-9.0460E+00;1.1964E+01
-9.0450E+00;1.1967E+01
-9.0440E+00;1.1970E+01
-9.0430E+00;1.1972E+01
-9.0420E+00;1.1975E+01
-9.0410E+00;1.1978E+01
-9.0400E+00;1.1981E+01
-9.0390E+00;1.1984E+01
-9.0380E+00;1.1987E+01
-9.0370E+00;1.1990E+01
-9.0360E+00;1.1993E+01
-9.0350E+00;1.1996E+01
-9.0340E+00;1.1999E+01
-9.0330E+00;1.2002E+01
-9.0320E+00;1.2005E+01
-9.0310E+00;1.2008E+01
-9.0300E+00;1.2011E+01
-9.0290E+00;1.2014E+01
-9.0280E+00;1.2017E+01
-9.0270E+00;1.2020E+01
-9.0260E+00;1.2022E+01
-9.0250E+00;1.2025E+01
-9.0240E+00;1.2028E+01
-9.0230E+00;1.2031E+01
-9.0220E+00;1.2034E+01
-9.0210E+00;1.2037E+01
-9.0200E+00;1.2040E+01
-9.0190E+00;1.2043E+01
-9.0180E+00;1.2046E+01
-9.0170E+00;1.2049E+01
-9.0160E+00;1.2052E+01
-9.0150E+00;1.2055E+01
-9.0140E+00;1.2058E+01
-9.0130E+00;1.2061E+01
-9.0120E+00;1.2064E+01
-9.0110E+00;1.2067E+01
-9.0100E+00;1.2070E+01
-9.0090E+00;1.2072E+01
-9.0080E+00;1.2075E+01
-9.0070E+00;1.2078E+01
-9.0060E+00;1.2081E+01
-9.0050E+00;1.2084E+01
-9.0040E+00;1.2087E+01
-9.0030E+00;1.2090E+01
-9.0020E+00;1.2093E+01
-9.0010E+00;1.2096E+01
-9.0000E+00;1.2099E+01
-8.9990E+00;1.2102E+01
-8.9980E+00;1.2105E+01
-8.9970E+00;1.2108E+01
-8.9960E+00;1.2111E+01
-8.9950E+00;1.2114E+01
-8.9940E+00;1.2117E+01
-8.9930E+00;1.2120E+01
-8.9920E+00;1.2123E+01
-8.9910E+00;1.2125E+01
-8.9900E+00;1.2128E+01
-8.9890E+00;1.2131E+01
-8.9880E+00;1.2134E+01
-8.9870E+00;1.2137E+01
-8.9860E+00;1.2140E+01
-8.9850E+00;1.2143E+01
-8.9840E+00;1.2146E+01
-8.9830E+00;1.2149E+01
-8.9820E+00;1.2152E+01
-8.9810E+00;1.2155E+01
-8.9800E+00;1.2158E+01
-8.9790E+00;1.2161E+01
-8.9780E+00;1.2164E+01
-8.9770E+00;1.2167E+01
-8.9760E+00;1.2170E+01
-8.9750E+00;1.2173E+01
-8.9740E+00;1.2175E+01
-8.9730E+00;1.2178E+01
-8.9720E+00;1.2181E+01
-8.9710E+00;1.2184E+01
-8.9700E+00;1.2187E+01
-8.9690E+00;1.2190E+01
-8.9680E+00;1.2193E+01
-8.9670E+00;1.2196E+01
-8.9660E+00;1.2199E+01
-8.9650E+00;1.2202E+01
-8.9640E+00;1.2205E+01
-8.9630E+00;1.2208E+01
-8.9620E+00;1.2211E+01
-8.9610E+00;1.2214E+01
-8.9600E+00;1.2217E+01
-8.9590E+00;1.2220E+01
-8.9580E+00;1.2223E+01
-8.9570E+00;1.2225E+01
-8.9560E+00;1.2228E+01
-8.9550E+00;1.2231E+01
-8.9540E+00;1.2234E+01
-8.9530E+00;1.2237E+01
-8.9520E+00;1.2240E+01
-8.9510E+00;1.2243E+01
-8.9500E+00;1.2246E+01
-8.9490E+00;1.2249E+01
-8.9480E+00;1.2252E+01
-8.9470E+00;1.2255E+01
-8.9460E+00;1.2258E+01
-8.9450E+00;1.2261E+01
-8.9440E+00;1.2264E+01
-8.9430E+00;1.2267E+01
-8.9420E+00;1.2270E+01
-8.9410E+00;1.2273E+01
-8.9400E+00;1.2275E+01
-8.9390E+00;1.2278E+01
-8.9380E+00;1.2281E+01
-8.9370E+00;1.2284E+01
-8.9360E+00;1.2287E+01
-8.9350E+00;1.2290E+01
-8.9340E+00;1.2293E+01
-8.9330E+00;1.2296E+01
-8.9320E+00;1.2299E+01
-8.9310E+00;1.2302E+01
-8.9300E+00;1.2305E+01
-8.9290E+00;1.2308E+01
-8.9280E+00;1.2311E+01
-8.9270E+00;1.2314E+01
-8.9260E+00;1.2317E+01
-8.9250E+00;1.2320E+01
-8.9240E+00;1.2323E+01
-8.9230E+00;1.2326E+01
-8.9220E+00;1.2328E+01
-8.9210E+00;1.2331E+01
-8.9200E+00;1.2334E+01
-8.9190E+00;1.2337E+01
-8.9180E+00;1.2340E+01
-8.9170E+00;1.2343E+01
-8.9160E+00;1.2346E+01
-8.9150E+00;1.2349E+01
-8.9140E+00;1.2352E+01
-8.9130E+00;1.2355E+01
-8.9120E+00;1.2358E+01
-8.9110E+00;1.2361E+01
-8.9100E+00;1.2364E+01
-8.9090E+00;1.2367E+01
-8.9080E+00;1.2370E+01
-8.9070E+00;1.2373E+01
-8.9060E+00;1.2376E+01
-8.9050E+00;1.2378E+01
-8.9040E+00;1.2381E+01
-8.9030E+00;1.2384E+01
-8.9020E+00;1.2387E+01
-8.9010E+00;1.2390E+01
-8.9000E+00;1.2393E+01
-8.8990E+00;1.2396E+01
-8.8980E+00;1.2399E+01
-8.8970E+00;1.2402E+01
-8.8960E+00;1.2405E+01
-8.8950E+00;1.2408E+01
-8.8940E+00;1.2411E+01
-8.8930E+00;1.2414E+01
-8.8920E+00;1.2417E+01
-8.8910E+00;1.2420E+01
-8.8900E+00;1.2423E+01
-8.8890E+00;1.2426E+01
-8.8880E+00;1.2428E+01
-8.8870E+00;1.2431E+01
-8.8860E+00;1.2434E+01
-8.8850E+00;1.2437E+01
-8.8840E+00;1.2440E+01
-8.8830E+00;1.2443E+01
-8.8820E+00;1.2446E+01
-8.8810E+00;1.2449E+01
-8.8800E+00;1.2452E+01
-8.8790E+00;1.2455E+01
-8.8780E+00;1.2458E+01
-8.8770E+00;1.2461E+01
-8.8760E+00;1.2464E+01
-8.8750E+00;1.2467E+01
-8.8740E+00;1.2470E+01
-8.8730E+00;1.2473E+01
-8.8720E+00;1.2476E+01
-8.8710E+00;1.2478E+01
-8.8700E+00;1.2481E+01
-8.8690E+00;1.2484E+01
-8.8680E+00;1.2487E+01
-8.8670E+00;1.2490E+01
-8.8660E+00;1.2493E+01
-8.8650E+00;1.2496E+01
-8.8640E+00;1.2499E+01
-8.8630E+00;1.2502E+01
-8.8620E+00;1.2505E+01
-8.8610E+00;1.2508E+01
-8.8600E+00;1.2511E+01
-8.8590E+00;1.2514E+01
-8.8580E+00;1.2517E+01
-8.8570E+00;1.2520E+01
-8.8560E+00;1.2523E+01
-8.8550E+00;1.2526E+01
-8.8540E+00;1.2529E+01
-8.8530E+00;1.2531E+01
-8.8520E+00;1.2534E+01
-8.8510E+00;1.2537E+01
-8.8500E+00;1.2540E+01
-8.8490E+00;1.2543E+01
-8.8480E+00;1.2546E+01
-8.8470E+00;1.2549E+01
-8.8460E+00;1.2552E+01
-8.8450E+00;1.2555E+01
-8.8440E+00;1.2558E+01
-8.8430E+00;1.2561E+01
-8.8420E+00;1.2564E+01
-8.8410E+00;1.2567E+01
-8.8400E+00;1.2570E+01
-8.8390E+00;1.2573E+01
-8.8380E+00;1.2576E+01
-8.8370E+00;1.2579E+01
-8.8360E+00;1.2581E+01
-8.8350E+00;1.2584E+01
-8.8340E+00;1.2587E+01
-8.8330E+00;1.2590E+01
-8.8320E+00;1.2593E+01
-8.8310E+00;1.2596E+01
-8.8300E+00;1.2599E+01
-8.8290E+00;1.2602E+01
-8.8280E+00;1.2605E+01
-8.8270E+00;1.2608E+01
-8.8260E+00;1.2611E+01
-8.8250E+00;1.2614E+01
-8.8240E+00;1.2617E+01
-8.8230E+00;1.2620E+01
-8.8220E+00;1.2623E+01
-8.8210E+00;1.2626E+01
-8.8200E+00;1.2629E+01
-8.8190E+00;1.2631E+01
-8.8180E+00;1.2634E+01
-8.8170E+00;1.2637E+01
-8.8160E+00;1.2640E+01
-8.8150E+00;1.2643E+01
-8.8140E+00;1.2646E+01
-8.8130E+00;1.2649E+01
-8.8120E+00;1.2652E+01
-8.8110E+00;1.2655E+01
-8.8100E+00;1.2658E+01
-8.8090E+00;1.2661E+01
-8.8080E+00;1.2664E+01
-8.8070E+00;1.2667E+01
-8.8060E+00;1.2670E+01
-8.8050E+00;1.2673E+01
-8.8040E+00;1.2676E+01
-8.8030E+00;1.2679E+01
-8.8020E+00;1.2681E+01
-8.8010E+00;1.2684E+01
-8.8000E+00;1.2687E+01
-8.7990E+00;1.2690E+01
-8.7980E+00;1.2693E+01
-8.7970E+00;1.2696E+01
-8.7960E+00;1.2699E+01
-8.7950E+00;1.2702E+01
-8.7940E+00;1.2705E+01
-8.7930E+00;1.2708E+01
-8.7920E+00;1.2711E+01
-8.7910E+00;1.2714E+01
-8.7900E+00;1.2717E+01
-8.7890E+00;1.2720E+01
-8.7880E+00;1.2723E+01
-8.7870E+00;1.2726E+01
-8.7860E+00;1.2729E+01
-8.7850E+00;1.2732E+01
-8.7840E+00;1.2734E+01
-8.7830E+00;1.2737E+01
-8.7820E+00;1.2740E+01
-8.7810E+00;1.2743E+01
-8.7800E+00;1.2746E+01
-8.7790E+00;1.2749E+01
-8.7780E+00;1.2752E+01
-8.7770E+00;1.2755E+01
-8.7760E+00;1.2758E+01
-8.7750E+00;1.2761E+01
-8.7740E+00;1.2764E+01
-8.7730E+00;1.2767E+01
-8.7720E+00;1.2770E+01
-8.7710E+00;1.2773E+01
-8.7700E+00;1.2776E+01
-8.7690E+00;1.2779E+01
-8.7680E+00;1.2782E+01
-8.7670E+00;1.2784E+01
-8.7660E+00;1.2787E+01
-8.7650E+00;1.2790E+01
-8.7640E+00;1.2793E+01
-8.7630E+00;1.2796E+01
-8.7620E+00;1.2799E+01
-8.7610E+00;1.2802E+01
-8.7600E+00;1.2805E+01
-8.7590E+00;1.2808E+01
-8.7580E+00;1.2811E+01
-8.7570E+00;1.2814E+01
-8.7560E+00;1.2817E+01
-8.7550E+00;1.2820E+01
-8.7540E+00;1.2823E+01
-8.7530E+00;1.2826E+01
-8.7520E+00;1.2829E+01
-8.7510E+00;1.2832E+01
-8.7500E+00;1.2834E+01
-8.7490E+00;1.2837E+01
-8.7480E+00;1.2840E+01
-8.7470E+00;1.2843E+01
-8.7460E+00;1.2846E+01
-8.7450E+00;1.2849E+01
-8.7440E+00;1.2852E+01
-8.7430E+00;1.2855E+01
-8.7420E+00;1.2858E+01
-8.7410E+00;1.2861E+01
-8.7400E+00;1.2864E+01
-8.7390E+00;1.2867E+01
-8.7380E+00;1.2870E+01
-8.7370E+00;1.2873E+01
-8.7360E+00;1.2876E+01
-8.7350E+00;1.2879E+01
-8.7340E+00;1.2882E+01
-8.7330E+00;1.2885E+01
-8.7320E+00;1.2887E+01
-8.7310E+00;1.2890E+01
-8.7300E+00;1.2893E+01
-8.7290E+00;1.2896E+01
-8.7280E+00;1.2899E+01
-8.7270E+00;1.2902E+01
-8.7260E+00;1.2905E+01
-8.7250E+00;1.2908E+01
-8.7240E+00;1.2911E+01
-8.7230E+00;1.2914E+01
-8.7220E+00;1.2917E+01
-8.7210E+00;1.2920E+01
-8.7200E+00;1.2923E+01
-8.7190E+00;1.2926E+01
-8.7180E+00;1.2929E+01
-8.7170E+00;1.2932E+01
-8.7160E+00;1.2935E+01
-8.7150E+00;1.2937E+01
-8.7140E+00;1.2940E+01
-8.7130E+00;1.2943E+01
-8.7120E+00;1.2946E+01
-8.7110E+00;1.2949E+01
-8.7100E+00;1.2952E+01
-8.7090E+00;1.2955E+01
-8.7080E+00;1.2958E+01
-8.7070E+00;1.2961E+01
-8.7060E+00;1.2964E+01
-8.7050E+00;1.2967E+01
-8.7040E+00;1.2970E+01
-8.7030E+00;1.2973E+01
-8.7020E+00;1.2976E+01
-8.7010E+00;1.2979E+01
-8.7000E+00;1.2982E+01
-8.6990E+00;1.2985E+01
-8.6980E+00;1.2987E+01
-8.6970E+00;1.2990E+01
-8.6960E+00;1.2993E+01
-8.6950E+00;1.2996E+01
-8.6940E+00;1.2999E+01
-8.6930E+00;1.3002E+01
-8.6920E+00;1.3005E+01
-8.6910E+00;1.3008E+01
-8.6900E+00;1.3011E+01
-8.6890E+00;1.3014E+01
-8.6880E+00;1.3017E+01
-8.6870E+00;1.3020E+01
-8.6860E+00;1.3023E+01
-8.6850E+00;1.3026E+01
-8.6840E+00;1.3029E+01
-8.6830E+00;1.3032E+01
-8.6820E+00;1.3035E+01
-8.6810E+00;1.3038E+01
-8.6800E+00;1.3040E+01
-8.6790E+00;1.3043E+01
-8.6780E+00;1.3046E+01
-8.6770E+00;1.3049E+01
-8.6760E+00;1.3052E+01
-8.6750E+00;1.3055E+01
-8.6740E+00;1.3058E+01
-8.6730E+00;1.3061E+01
-8.6720E+00;1.3064E+01
-8.6710E+00;1.3067E+01
-8.6700E+00;1.3070E+01
-8.6690E+00;1.3073E+01
-8.6680E+00;1.3076E+01
-8.6670E+00;1.3079E+01
-8.6660E+00;1.3082E+01
-8.6650E+00;1.3085E+01
-8.6640E+00;1.3088E+01
-8.6630E+00;1.3090E+01
-8.6620E+00;1.3093E+01
-8.6610E+00;1.3096E+01
-8.6600E+00;1.3099E+01
-8.6590E+00;1.3102E+01
-8.6580E+00;1.3105E+01
-8.6570E+00;1.3108E+01
-8.6560E+00;1.3111E+01
-8.6550E+00;1.3114E+01
-8.6540E+00;1.3117E+01
-8.6530E+00;1.3120E+01
-8.6520E+00;1.3123E+01
-8.6510E+00;1.3126E+01
-8.6500E+00;1.3129E+01
-8.6490E+00;1.3132E+01
-8.6480E+00;1.3135E+01
-8.6470E+00;1.3138E+01
-8.6460E+00;1.3140E+01
-8.6450E+00;1.3143E+01
-8.6440E+00;1.3146E+01
-8.6430E+00;1.3149E+01
-8.6420E+00;1.3152E+01
-8.6410E+00;1.3155E+01
-8.6400E+00;1.3158E+01
-8.6390E+00;1.3161E+01
-8.6380E+00;1.3164E+01
-8.6370E+00;1.3167E+01
-8.6360E+00;1.3170E+01
-8.6350E+00;1.3173E+01
-8.6340E+00;1.3176E+01
-8.6330E+00;1.3179E+01
-8.6320E+00;1.3182E+01
-8.6310E+00;1.3185E+01
-8.6300E+00;1.3188E+01
-8.6290E+00;1.3191E+01
-8.6280E+00;1.3193E+01
-8.6270E+00;1.3196E+01
-8.6260E+00;1.3199E+01
-8.6250E+00;1.3202E+01
-8.6240E+00;1.3205E+01
-8.6230E+00;1.3208E+01
-8.6220E+00;1.3211E+01
-8.6210E+00;1.3214E+01
-8.6200E+00;1.3217E+01
-8.6190E+00;1.3220E+01
-8.6180E+00;1.3223E+01
-8.6170E+00;1.3226E+01
-8.6160E+00;1.3229E+01
-8.6150E+00;1.3232E+01
-8.6140E+00;1.3235E+01
-8.6130E+00;1.3238E+01
-8.6120E+00;1.3241E+01
-8.6110E+00;1.3243E+01
-8.6100E+00;1.3246E+01
-8.6090E+00;1.3249E+01
-8.6080E+00;1.3252E+01
-8.6070E+00;1.3255E+01
-8.6060E+00;1.3258E+01
-8.6050E+00;1.3261E+01
-8.6040E+00;1.3264E+01
-8.6030E+00;1.3267E+01
-8.6020E+00;1.3270E+01
-8.6010E+00;1.3273E+01
-8.6000E+00;1.3276E+01
-8.5990E+00;1.3279E+01
-8.5980E+00;1.3282E+01
-8.5970E+00;1.3285E+01
-8.5960E+00;1.3288E+01
-8.5950E+00;1.3291E+01
-8.5940E+00;1.3293E+01
-8.5930E+00;1.3296E+01
-8.5920E+00;1.3299E+01
-8.5910E+00;1.3302E+01
-8.5900E+00;1.3305E+01
-8.5890E+00;1.3308E+01
-8.5880E+00;1.3311E+01
-8.5870E+00;1.3314E+01
-8.5860E+00;1.3317E+01
-8.5850E+00;1.3320E+01
-8.5840E+00;1.3323E+01
-8.5830E+00;1.3326E+01
-8.5820E+00;1.3329E+01
-8.5810E+00;1.3332E+01
-8.5800E+00;1.3335E+01
-8.5790E+00;1.3338E+01
-8.5780E+00;1.3341E+01
-8.5770E+00;1.3343E+01
-8.5760E+00;1.3346E+01
-8.5750E+00;1.3349E+01
-8.5740E+00;1.3352E+01
-8.5730E+00;1.3355E+01
-8.5720E+00;1.3358E+01
-8.5710E+00;1.3361E+01
-8.5700E+00;1.3364E+01
-8.5690E+00;1.3367E+01
-8.5680E+00;1.3370E+01
-8.5670E+00;1.3373E+01
-8.5660E+00;1.3376E+01
-8.5650E+00;1.3379E+01
-8.5640E+00;1.3382E+01
-8.5630E+00;1.3385E+01
-8.5620E+00;1.3388E+01
-8.5610E+00;1.3391E+01
-8.5600E+00;1.3394E+01
-8.5590E+00;1.3396E+01
-8.5580E+00;1.3399E+01
-8.5570E+00;1.3402E+01
-8.5560E+00;1.3405E+01
-8.5550E+00;1.3408E+01
-8.5540E+00;1.3411E+01
-8.5530E+00;1.3414E+01
-8.5520E+00;1.3417E+01
-8.5510E+00;1.3420E+01
-8.5500E+00;1.3423E+01
-8.5490E+00;1.3426E+01
-8.5480E+00;1.3429E+01
-8.5470E+00;1.3432E+01
-8.5460E+00;1.3435E+01
-8.5450E+00;1.3438E+01
-8.5440E+00;1.3441E+01
-8.5430E+00;1.3444E+01
-8.5420E+00;1.3446E+01
-8.5410E+00;1.3449E+01
-8.5400E+00;1.3452E+01
-8.5390E+00;1.3455E+01
-8.5380E+00;1.3458E+01
-8.5370E+00;1.3461E+01
-8.5360E+00;1.3464E+01
-8.5350E+00;1.3467E+01
-8.5340E+00;1.3470E+01
-8.5330E+00;1.3473E+01
-8.5320E+00;1.3476E+01
-8.5310E+00;1.3479E+01
-8.5300E+00;1.3482E+01
-8.5290E+00;1.3485E+01
-8.5280E+00;1.3488E+01
-8.5270E+00;1.3491E+01
-8.5260E+00;1.3494E+01
-8.5250E+00;1.3496E+01
-8.5240E+00;1.3499E+01
-8.5230E+00;1.3502E+01
-8.5220E+00;1.3505E+01
-8.5210E+00;1.3508E+01
-8.5200E+00;1.3511E+01
-8.5190E+00;1.3514E+01
-8.5180E+00;1.3517E+01
-8.5170E+00;1.3520E+01
-8.5160E+00;1.3523E+01
-8.5150E+00;1.3526E+01
-8.5140E+00;1.3529E+01
-8.5130E+00;1.3532E+01
-8.5120E+00;1.3535E+01
-8.5110E+00;1.3538E+01
-8.5100E+00;1.3541E+01
-8.5090E+00;1.3544E+01
-8.5080E+00;1.3547E+01
-8.5070E+00;1.3549E+01
-8.5060E+00;1.3552E+01
-8.5050E+00;1.3555E+01
-8.5040E+00;1.3558E+01
-8.5030E+00;1.3561E+01
-8.5020E+00;1.3564E+01
-8.5010E+00;1.3567E+01
-8.5000E+00;1.3570E+01
-8.4990E+00;1.3573E+01
-8.4980E+00;1.3576E+01
-8.4970E+00;1.3579E+01
-8.4960E+00;1.3582E+01
-8.4950E+00;1.3585E+01
-8.4940E+00;1.3588E+01
-8.4930E+00;1.3591E+01
-8.4920E+00;1.3594E+01
-8.4910E+00;1.3597E+01
-8.4900E+00;1.3599E+01
-8.4890E+00;1.3602E+01
-8.4880E+00;1.3605E+01
-8.4870E+00;1.3608E+01
-8.4860E+00;1.3611E+01
-8.4850E+00;1.3614E+01
-8.4840E+00;1.3617E+01
-8.4830E+00;1.3620E+01
-8.4820E+00;1.3623E+01
-8.4810E+00;1.3626E+01
-8.4800E+00;1.3629E+01
-8.4790E+00;1.3632E+01
-8.4780E+00;1.3635E+01
-8.4770E+00;1.3638E+01
-8.4760E+00;1.3641E+01
-8.4750E+00;1.3644E+01
-8.4740E+00;1.3647E+01
-8.4730E+00;1.3649E+01
-8.4720E+00;1.3652E+01
-8.4710E+00;1.3655E+01
-8.4700E+00;1.3658E+01
-8.4690E+00;1.3661E+01
-8.4680E+00;1.3664E+01
-8.4670E+00;1.3667E+01
-8.4660E+00;1.3670E+01
-8.4650E+00;1.3673E+01
-8.4640E+00;1.3676E+01
-8.4630E+00;1.3679E+01
-8.4620E+00;1.3682E+01
-8.4610E+00;1.3685E+01
-8.4600E+00;1.3688E+01
-8.4590E+00;1.3691E+01
-8.4580E+00;1.3694E+01
-8.4570E+00;1.3697E+01
-8.4560E+00;1.3700E+01
-8.4550E+00;1.3702E+01
-8.4540E+00;1.3705E+01
-8.4530E+00;1.3708E+01
-8.4520E+00;1.3711E+01
-8.4510E+00;1.3714E+01
-8.4500E+00;1.3717E+01
-8.4490E+00;1.3720E+01
-8.4480E+00;1.3723E+01
-8.4470E+00;1.3726E+01
-8.4460E+00;1.3729E+01
-8.4450E+00;1.3732E+01
-8.4440E+00;1.3735E+01
-8.4430E+00;1.3738E+01
-8.4420E+00;1.3741E+01
-8.4410E+00;1.3744E+01
-8.4400E+00;1.3747E+01
-8.4390E+00;1.3750E+01
-8.4380E+00;1.3752E+01
-8.4370E+00;1.3755E+01
-8.4360E+00;1.3758E+01
-8.4350E+00;1.3761E+01
-8.4340E+00;1.3764E+01
-8.4330E+00;1.3767E+01
-8.4320E+00;1.3770E+01
-8.4310E+00;1.3773E+01
-8.4300E+00;1.3776E+01
-8.4290E+00;1.3779E+01
-8.4280E+00;1.3782E+01
-8.4270E+00;1.3785E+01
-8.4260E+00;1.3788E+01
-8.4250E+00;1.3791E+01
-8.4240E+00;1.3794E+01
-8.4230E+00;1.3797E+01
-8.4220E+00;1.3800E+01
-8.4210E+00;1.3803E+01
-8.4200E+00;1.3805E+01
-8.4190E+00;1.3808E+01
-8.4180E+00;1.3811E+01
-8.4170E+00;1.3814E+01
-8.4160E+00;1.3817E+01
-8.4150E+00;1.3820E+01
-8.4140E+00;1.3823E+01
-8.4130E+00;1.3826E+01
-8.4120E+00;1.3829E+01
-8.4110E+00;1.3832E+01
-8.4100E+00;1.3835E+01
-8.4090E+00;1.3838E+01
-8.4080E+00;1.3841E+01
-8.4070E+00;1.3844E+01
-8.4060E+00;1.3847E+01
-8.4050E+00;1.3850E+01
-8.4040E+00;1.3853E+01
-8.4030E+00;1.3855E+01
-8.4020E+00;1.3858E+01
-8.4010E+00;1.3861E+01
-8.4000E+00;1.3864E+01
-8.3990E+00;1.3867E+01
-8.3980E+00;1.3870E+01
-8.3970E+00;1.3873E+01
-8.3960E+00;1.3876E+01
-8.3950E+00;1.3879E+01
-8.3940E+00;1.3882E+01
-8.3930E+00;1.3885E+01
-8.3920E+00;1.3888E+01
-8.3910E+00;1.3891E+01
-8.3900E+00;1.3894E+01
-8.3890E+00;1.3897E+01
-8.3880E+00;1.3900E+01
-8.3870E+00;1.3903E+01
-8.3860E+00;1.3905E+01
-8.3850E+00;1.3908E+01
-8.3840E+00;1.3911E+01
-8.3830E+00;1.3914E+01
-8.3820E+00;1.3917E+01
-8.3810E+00;1.3920E+01
-8.3800E+00;1.3923E+01
-8.3790E+00;1.3926E+01
-8.3780E+00;1.3929E+01
-8.3770E+00;1.3932E+01
-8.3760E+00;1.3935E+01
-8.3750E+00;1.3938E+01
-8.3740E+00;1.3941E+01
-8.3730E+00;1.3944E+01
-8.3720E+00;1.3947E+01
-8.3710E+00;1.3950E+01
-8.3700E+00;1.3953E+01
-8.3690E+00;1.3956E+01
-8.3680E+00;1.3958E+01
-8.3670E+00;1.3961E+01
-8.3660E+00;1.3964E+01
-8.3650E+00;1.3967E+01
-8.3640E+00;1.3970E+01
-8.3630E+00;1.3973E+01
-8.3620E+00;1.3976E+01
-8.3610E+00;1.3979E+01
-8.3600E+00;1.3982E+01
-8.3590E+00;1.3985E+01
-8.3580E+00;1.3988E+01
-8.3570E+00;1.3991E+01
-8.3560E+00;1.3994E+01
-8.3550E+00;1.3997E+01
-8.3540E+00;1.4000E+01
-8.3530E+00;1.4003E+01
-8.3520E+00;1.4006E+01
-8.3510E+00;1.4008E+01
-8.3500E+00;1.4011E+01
-8.3490E+00;1.4014E+01
-8.3480E+00;1.4017E+01
-8.3470E+00;1.4020E+01
-8.3460E+00;1.4023E+01
-8.3450E+00;1.4026E+01
-8.3440E+00;1.4029E+01
-8.3430E+00;1.4032E+01
-8.3420E+00;1.4035E+01
-8.3410E+00;1.4038E+01
-8.3400E+00;1.4041E+01
-8.3390E+00;1.4044E+01
-8.3380E+00;1.4047E+01
-8.3370E+00;1.4050E+01
-8.3360E+00;1.4053E+01
-8.3350E+00;1.4056E+01
-8.3340E+00;1.4058E+01
-8.3330E+00;1.4061E+01
-8.3320E+00;1.4064E+01
-8.3310E+00;1.4067E+01
-8.3300E+00;1.4070E+01
-8.3290E+00;1.4073E+01
-8.3280E+00;1.4076E+01
-8.3270E+00;1.4079E+01
-8.3260E+00;1.4082E+01
-8.3250E+00;1.4085E+01
-8.3240E+00;1.4088E+01
-8.3230E+00;1.4091E+01
-8.3220E+00;1.4094E+01
-8.3210E+00;1.4097E+01
-8.3200E+00;1.4100E+01
-8.3190E+00;1.4103E+01
-8.3180E+00;1.4106E+01
-8.3170E+00;1.4109E+01
-8.3160E+00;1.4111E+01
-8.3150E+00;1.4114E+01
-8.3140E+00;1.4117E+01
-8.3130E+00;1.4120E+01
-8.3120E+00;1.4123E+01
-8.3110E+00;1.4126E+01
-8.3100E+00;1.4129E+01
-8.3090E+00;1.4132E+01
-8.3080E+00;1.4135E+01
-8.3070E+00;1.4138E+01
-8.3060E+00;1.4141E+01
-8.3050E+00;1.4144E+01
-8.3040E+00;1.4147E+01
-8.3030E+00;1.4150E+01
-8.3020E+00;1.4153E+01
-8.3010E+00;1.4156E+01
-8.3000E+00;1.4159E+01
-8.2990E+00;1.4161E+01
-8.2980E+00;1.4164E+01
-8.2970E+00;1.4167E+01
-8.2960E+00;1.4170E+01
-8.2950E+00;1.4173E+01
-8.2940E+00;1.4176E+01
-8.2930E+00;1.4179E+01
-8.2920E+00;1.4182E+01
-8.2910E+00;1.4185E+01
-8.2900E+00;1.4188E+01
-8.2890E+00;1.4191E+01
-8.2880E+00;1.4194E+01
-8.2870E+00;1.4197E+01
-8.2860E+00;1.4200E+01
-8.2850E+00;1.4203E+01
-8.2840E+00;1.4206E+01
-8.2830E+00;1.4209E+01
-8.2820E+00;1.4211E+01
-8.2810E+00;1.4214E+01
-8.2800E+00;1.4217E+01
-8.2790E+00;1.4220E+01
-8.2780E+00;1.4223E+01
-8.2770E+00;1.4226E+01
-8.2760E+00;1.4229E+01
-8.2750E+00;1.4232E+01
-8.2740E+00;1.4235E+01
-8.2730E+00;1.4238E+01
-8.2720E+00;1.4241E+01
-8.2710E+00;1.4244E+01
-8.2700E+00;1.4247E+01
-8.2690E+00;1.4250E+01
-8.2680E+00;1.4253E+01
-8.2670E+00;1.4256E+01
-8.2660E+00;1.4259E+01
-8.2650E+00;1.4262E+01
-8.2640E+00;1.4264E+01
-8.2630E+00;1.4267E+01
-8.2620E+00;1.4270E+01
-8.2610E+00;1.4273E+01
-8.2600E+00;1.4276E+01
-8.2590E+00;1.4279E+01
-8.2580E+00;1.4282E+01
-8.2570E+00;1.4285E+01
-8.2560E+00;1.4288E+01
-8.2550E+00;1.4291E+01
-8.2540E+00;1.4294E+01
-8.2530E+00;1.4297E+01
-8.2520E+00;1.4300E+01
-8.2510E+00;1.4303E+01
-8.2500E+00;1.4306E+01
-8.2490E+00;1.4309E+01
-8.2480E+00;1.4312E+01
-8.2470E+00;1.4314E+01
-8.2460E+00;1.4317E+01
-8.2450E+00;1.4320E+01
-8.2440E+00;1.4323E+01
-8.2430E+00;1.4326E+01
-8.2420E+00;1.4329E+01
-8.2410E+00;1.4332E+01
-8.2400E+00;1.4335E+01
-8.2390E+00;1.4338E+01
-8.2380E+00;1.4341E+01
-8.2370E+00;1.4344E+01
-8.2360E+00;1.4347E+01
-8.2350E+00;1.4350E+01
-8.2340E+00;1.4353E+01
-8.2330E+00;1.4356E+01
-8.2320E+00;1.4359E+01
-8.2310E+00;1.4362E+01
-8.2300E+00;1.4365E+01
-8.2290E+00;1.4367E+01
-8.2280E+00;1.4370E+01
-8.2270E+00;1.4373E+01
-8.2260E+00;1.4376E+01
-8.2250E+00;1.4379E+01
-8.2240E+00;1.4382E+01
-8.2230E+00;1.4385E+01
-8.2220E+00;1.4388E+01
-8.2210E+00;1.4391E+01
-8.2200E+00;1.4394E+01
-8.2190E+00;1.4397E+01
-8.2180E+00;1.4400E+01
-8.2170E+00;1.4403E+01
-8.2160E+00;1.4406E+01
-8.2150E+00;1.4409E+01
-8.2140E+00;1.4412E+01
-8.2130E+00;1.4415E+01
-8.2120E+00;1.4417E+01
-8.2110E+00;1.4420E+01
-8.2100E+00;1.4423E+01
-8.2090E+00;1.4426E+01
-8.2080E+00;1.4429E+01
-8.2070E+00;1.4432E+01
-8.2060E+00;1.4435E+01
-8.2050E+00;1.4438E+01
-8.2040E+00;1.4441E+01
-8.2030E+00;1.4444E+01
-8.2020E+00;1.4447E+01
-8.2010E+00;1.4450E+01
-8.2000E+00;1.4453E+01
-8.1990E+00;1.4456E+01
-8.1980E+00;1.4459E+01
-8.1970E+00;1.4462E+01
-8.1960E+00;1.4465E+01
-8.1950E+00;1.4467E+01
-8.1940E+00;1.4470E+01
-8.1930E+00;1.4473E+01
-8.1920E+00;1.4476E+01
-8.1910E+00;1.4479E+01
-8.1900E+00;1.4482E+01
-8.1890E+00;1.4485E+01
-8.1880E+00;1.4488E+01
-8.1870E+00;1.4491E+01
-8.1860E+00;1.4494E+01
-8.1850E+00;1.4497E+01
-8.1840E+00;1.4500E+01
-8.1830E+00;1.4503E+01
-8.1820E+00;1.4506E+01
-8.1810E+00;1.4509E+01
-8.1800E+00;1.4512E+01
-8.1790E+00;1.4515E+01
-8.1780E+00;1.4518E+01
-8.1770E+00;1.4520E+01
-8.1760E+00;1.4523E+01
-8.1750E+00;1.4526E+01
-8.1740E+00;1.4529E+01
-8.1730E+00;1.4532E+01
-8.1720E+00;1.4535E+01
-8.1710E+00;1.4538E+01
-8.1700E+00;1.4541E+01
-8.1690E+00;1.4544E+01
-8.1680E+00;1.4547E+01
-8.1670E+00;1.4550E+01
-8.1660E+00;1.4553E+01
-8.1650E+00;1.4556E+01
-8.1640E+00;1.4559E+01
-8.1630E+00;1.4562E+01
-8.1620E+00;1.4565E+01
-8.1610E+00;1.4568E+01
-8.1600E+00;1.4570E+01
-8.1590E+00;1.4573E+01
-8.1580E+00;1.4576E+01
-8.1570E+00;1.4579E+01
-8.1560E+00;1.4582E+01
-8.1550E+00;1.4585E+01
-8.1540E+00;1.4588E+01
-8.1530E+00;1.4591E+01
-8.1520E+00;1.4594E+01
-8.1510E+00;1.4597E+01
-8.1500E+00;1.4600E+01
-8.1490E+00;1.4603E+01
-8.1480E+00;1.4606E+01
-8.1470E+00;1.4609E+01
-8.1460E+00;1.4612E+01
-8.1450E+00;1.4615E+01
-8.1440E+00;1.4618E+01
-8.1430E+00;1.4620E+01
-8.1420E+00;1.4623E+01
-8.1410E+00;1.4626E+01
-8.1400E+00;1.4629E+01
-8.1390E+00;1.4632E+01
-8.1380E+00;1.4635E+01
-8.1370E+00;1.4638E+01
-8.1360E+00;1.4641E+01
-8.1350E+00;1.4644E+01
-8.1340E+00;1.4647E+01
-8.1330E+00;1.4650E+01
-8.1320E+00;1.4653E+01
-8.1310E+00;1.4655E+01
-8.1300E+00;1.4658E+01
-8.1290E+00;1.4661E+01
-8.1280E+00;1.4663E+01
-8.1270E+00;1.4666E+01
-8.1260E+00;1.4669E+01
-8.1250E+00;1.4671E+01
-8.1240E+00;1.4674E+01
-8.1230E+00;1.4677E+01
-8.1220E+00;1.4680E+01
-8.1210E+00;1.4682E+01
-8.1200E+00;1.4685E+01
-8.1190E+00;1.4688E+01
-8.1180E+00;1.4690E+01
-8.1170E+00;1.4693E+01
-8.1160E+00;1.4696E+01
-8.1150E+00;1.4698E+01
-8.1140E+00;1.4701E+01
-8.1130E+00;1.4704E+01
-8.1120E+00;1.4706E+01
-8.1110E+00;1.4709E+01
-8.1100E+00;1.4712E+01
-8.1090E+00;1.4715E+01
-8.1080E+00;1.4717E+01
-8.1070E+00;1.4720E+01
-8.1060E+00;1.4723E+01
-8.1050E+00;1.4725E+01
-8.1040E+00;1.4728E+01
-8.1030E+00;1.4731E+01
-8.1020E+00;1.4733E+01
-8.1010E+00;1.4736E+01
-8.1000E+00;1.4739E+01
-8.0990E+00;1.4742E+01
-8.0980E+00;1.4744E+01
-8.0970E+00;1.4747E+01
-8.0960E+00;1.4750E+01
-8.0950E+00;1.4752E+01
-8.0940E+00;1.4755E+01
-8.0930E+00;1.4758E+01
-8.0920E+00;1.4760E+01
-8.0910E+00;1.4763E+01
-8.0900E+00;1.4766E+01
-8.0890E+00;1.4768E+01
-8.0880E+00;1.4771E+01
-8.0870E+00;1.4774E+01
-8.0860E+00;1.4777E+01
-8.0850E+00;1.4779E+01
-8.0840E+00;1.4782E+01
-8.0830E+00;1.4785E+01
-8.0820E+00;1.4787E+01
-8.0810E+00;1.4790E+01
-8.0800E+00;1.4793E+01
-8.0790E+00;1.4795E+01
-8.0780E+00;1.4798E+01
-8.0770E+00;1.4801E+01
-8.0760E+00;1.4803E+01
-8.0750E+00;1.4806E+01
-8.0740E+00;1.4809E+01
-8.0730E+00;1.4812E+01
-8.0720E+00;1.4814E+01
-8.0710E+00;1.4817E+01
-8.0700E+00;1.4820E+01
-8.0690E+00;1.4822E+01
-8.0680E+00;1.4825E+01
-8.0670E+00;1.4828E+01
-8.0660E+00;1.4830E+01
-8.0650E+00;1.4833E+01
-8.0640E+00;1.4836E+01
-8.0630E+00;1.4839E+01
-8.0620E+00;1.4841E+01
-8.0610E+00;1.4844E+01
-8.0600E+00;1.4847E+01
-8.0590E+00;1.4849E+01
-8.0580E+00;1.4852E+01
-8.0570E+00;1.4855E+01
-8.0560E+00;1.4857E+01
-8.0550E+00;1.4860E+01
-8.0540E+00;1.4863E+01
-8.0530E+00;1.4865E+01
-8.0520E+00;1.4868E+01
-8.0510E+00;1.4871E+01
-8.0500E+00;1.4874E+01
-8.0490E+00;1.4876E+01
-8.0480E+00;1.4879E+01
-8.0470E+00;1.4882E+01
-8.0460E+00;1.4884E+01
-8.0450E+00;1.4887E+01
-8.0440E+00;1.4890E+01
-8.0430E+00;1.4892E+01
-8.0420E+00;1.4895E+01
-8.0410E+00;1.4898E+01
-8.0400E+00;1.4901E+01
-8.0390E+00;1.4903E+01
-8.0380E+00;1.4906E+01
-8.0370E+00;1.4909E+01
-8.0360E+00;1.4911E+01
-8.0350E+00;1.4914E+01
-8.0340E+00;1.4917E+01
-8.0330E+00;1.4919E+01
-8.0320E+00;1.4922E+01
-8.0310E+00;1.4925E+01
-8.0300E+00;1.4927E+01
-8.0290E+00;1.4930E+01
-8.0280E+00;1.4933E+01
-8.0270E+00;1.4936E+01
-8.0260E+00;1.4938E+01
-8.0250E+00;1.4941E+01
-8.0240E+00;1.4944E+01
-8.0230E+00;1.4946E+01
-8.0220E+00;1.4949E+01
-8.0210E+00;1.4952E+01
-8.0200E+00;1.4954E+01
-8.0190E+00;1.4957E+01
-8.0180E+00;1.4960E+01
-8.0170E+00;1.4963E+01
-8.0160E+00;1.4965E+01
-8.0150E+00;1.4968E+01
-8.0140E+00;1.4971E+01
-8.0130E+00;1.4973E+01
-8.0120E+00;1.4976E+01
-8.0110E+00;1.4979E+01
-8.0100E+00;1.4981E+01
-8.0090E+00;1.4984E+01
-8.0080E+00;1.4987E+01
-8.0070E+00;1.4989E+01
-8.0060E+00;1.4992E+01
-8.0050E+00;1.4995E+01
-8.0040E+00;1.4998E+01
-8.0030E+00;1.5000E+01
-8.0020E+00;1.5003E+01
-8.0010E+00;1.5006E+01
-8.0000E+00;1.5008E+01
-7.9990E+00;1.5011E+01
-7.9980E+00;1.5014E+01
-7.9970E+00;1.5016E+01
-7.9960E+00;1.5019E+01
-7.9950E+00;1.5022E+01
-7.9940E+00;1.5025E+01
-7.9930E+00;1.5027E+01
-7.9920E+00;1.5030E+01
-7.9910E+00;1.5033E+01
-7.9900E+00;1.5035E+01
-7.9890E+00;1.5038E+01
-7.9880E+00;1.5041E+01
-7.9870E+00;1.5043E+01
-7.9860E+00;1.5046E+01
-7.9850E+00;1.5049E+01
-7.9840E+00;1.5052E+01
-7.9830E+00;1.5054E+01
-7.9820E+00;1.5057E+01
-7.9810E+00;1.5060E+01
-7.9800E+00;1.5062E+01
-7.9790E+00;1.5065E+01
-7.9780E+00;1.5068E+01
-7.9770E+00;1.5070E+01
-7.9760E+00;1.5073E+01
-7.9750E+00;1.5076E+01
-7.9740E+00;1.5078E+01
-7.9730E+00;1.5081E+01
-7.9720E+00;1.5084E+01
-7.9710E+00;1.5087E+01
-7.9700E+00;1.5089E+01
-7.9690E+00;1.5092E+01
-7.9680E+00;1.5095E+01
-7.9670E+00;1.5097E+01
-7.9660E+00;1.5100E+01
-7.9650E+00;1.5103E+01
-7.9640E+00;1.5105E+01
-7.9630E+00;1.5108E+01
-7.9620E+00;1.5111E+01
-7.9610E+00;1.5114E+01
-7.9600E+00;1.5116E+01
-7.9590E+00;1.5119E+01
-7.9580E+00;1.5122E+01
-7.9570E+00;1.5124E+01
-7.9560E+00;1.5127E+01
-7.9550E+00;1.5130E+01
-7.9540E+00;1.5132E+01
-7.9530E+00;1.5135E+01
-7.9520E+00;1.5138E+01
-7.9510E+00;1.5140E+01
-7.9500E+00;1.5143E+01
-7.9490E+00;1.5146E+01
-7.9480E+00;1.5149E+01
-7.9470E+00;1.5151E+01
-7.9460E+00;1.5154E+01
-7.9450E+00;1.5157E+01
-7.9440E+00;1.5159E+01
-7.9430E+00;1.5162E+01
-7.9420E+00;1.5165E+01
-7.9410E+00;1.5167E+01
-7.9400E+00;1.5170E+01
-7.9390E+00;1.5173E+01
-7.9380E+00;1.5176E+01
-7.9370E+00;1.5178E+01
-7.9360E+00;1.5181E+01
-7.9350E+00;1.5184E+01
-7.9340E+00;1.5186E+01
-7.9330E+00;1.5189E+01
-7.9320E+00;1.5192E+01
-7.9310E+00;1.5194E+01
-7.9300E+00;1.5197E+01
-7.9290E+00;1.5200E+01
-7.9280E+00;1.5203E+01
-7.9270E+00;1.5205E+01
-7.9260E+00;1.5208E+01
-7.9250E+00;1.5211E+01
-7.9240E+00;1.5213E+01
-7.9230E+00;1.5216E+01
-7.9220E+00;1.5219E+01
-7.9210E+00;1.5221E+01
-7.9200E+00;1.5224E+01
-7.9190E+00;1.5227E+01
-7.9180E+00;1.5229E+01
-7.9170E+00;1.5232E+01
-7.9160E+00;1.5235E+01
-7.9150E+00;1.5238E+01
-7.9140E+00;1.5240E+01
-7.9130E+00;1.5243E+01
-7.9120E+00;1.5246E+01
-7.9110E+00;1.5248E+01
-7.9100E+00;1.5251E+01
-7.9090E+00;1.5254E+01
-7.9080E+00;1.5256E+01
-7.9070E+00;1.5259E+01
-7.9060E+00;1.5262E+01
-7.9050E+00;1.5265E+01
-7.9040E+00;1.5267E+01
-7.9030E+00;1.5270E+01
-7.9020E+00;1.5273E+01
-7.9010E+00;1.5275E+01
-7.9000E+00;1.5278E+01
-7.8990E+00;1.5281E+01
-7.8980E+00;1.5283E+01
-7.8970E+00;1.5286E+01
-7.8960E+00;1.5289E+01
-7.8950E+00;1.5292E+01
-7.8940E+00;1.5294E+01
-7.8930E+00;1.5297E+01
-7.8920E+00;1.5300E+01
-7.8910E+00;1.5302E+01
-7.8900E+00;1.5305E+01
-7.8890E+00;1.5308E+01
-7.8880E+00;1.5310E+01
-7.8870E+00;1.5313E+01
-7.8860E+00;1.5316E+01
-7.8850E+00;1.5319E+01
-7.8840E+00;1.5321E+01
-7.8830E+00;1.5324E+01
-7.8820E+00;1.5327E+01
-7.8810E+00;1.5329E+01
-7.8800E+00;1.5332E+01
-7.8790E+00;1.5335E+01
-7.8780E+00;1.5337E+01
-7.8770E+00;1.5340E+01
-7.8760E+00;1.5343E+01
-7.8750E+00;1.5345E+01
-7.8740E+00;1.5348E+01
-7.8730E+00;1.5351E+01
-7.8720E+00;1.5354E+01
-7.8710E+00;1.5356E+01
-7.8700E+00;1.5359E+01
-7.8690E+00;1.5362E+01
-7.8680E+00;1.5364E+01
-7.8670E+00;1.5367E+01
-7.8660E+00;1.5370E+01
-7.8650E+00;1.5372E+01
-7.8640E+00;1.5375E+01
-7.8630E+00;1.5378E+01
-7.8620E+00;1.5381E+01
-7.8610E+00;1.5383E+01
-7.8600E+00;1.5386E+01
-7.8590E+00;1.5389E+01
-7.8580E+00;1.5391E+01
-7.8570E+00;1.5394E+01
-7.8560E+00;1.5397E+01
-7.8550E+00;1.5399E+01
-7.8540E+00;1.5402E+01
-7.8530E+00;1.5405E+01
-7.8520E+00;1.5408E+01
-7.8510E+00;1.5410E+01
-7.8500E+00;1.5413E+01
-7.8490E+00;1.5416E+01
-7.8480E+00;1.5418E+01
-7.8470E+00;1.5421E+01
-7.8460E+00;1.5424E+01
-7.8450E+00;1.5426E+01
-7.8440E+00;1.5429E+01
-7.8430E+00;1.5432E+01
-7.8420E+00;1.5435E+01
-7.8410E+00;1.5437E+01
-7.8400E+00;1.5440E+01
-7.8390E+00;1.5443E+01
-7.8380E+00;1.5445E+01
-7.8370E+00;1.5448E+01
-7.8360E+00;1.5451E+01
-7.8350E+00;1.5453E+01
-7.8340E+00;1.5456E+01
-7.8330E+00;1.5459E+01
-7.8320E+00;1.5461E+01
-7.8310E+00;1.5464E+01
-7.8300E+00;1.5467E+01
-7.8290E+00;1.5470E+01
-7.8280E+00;1.5472E+01
-7.8270E+00;1.5475E+01
-7.8260E+00;1.5478E+01
-7.8250E+00;1.5480E+01
-7.8240E+00;1.5483E+01
-7.8230E+00;1.5486E+01
-7.8220E+00;1.5488E+01
-7.8210E+00;1.5491E+01
-7.8200E+00;1.5494E+01
-7.8190E+00;1.5497E+01
-7.8180E+00;1.5499E+01
-7.8170E+00;1.5502E+01
-7.8160E+00;1.5505E+01
-7.8150E+00;1.5507E+01
-7.8140E+00;1.5510E+01
-7.8130E+00;1.5513E+01
-7.8120E+00;1.5515E+01
-7.8110E+00;1.5518E+01
-7.8100E+00;1.5521E+01
-7.8090E+00;1.5524E+01
-7.8080E+00;1.5526E+01
-7.8070E+00;1.5529E+01
-7.8060E+00;1.5532E+01
-7.8050E+00;1.5534E+01
-7.8040E+00;1.5537E+01
-7.8030E+00;1.5540E+01
-7.8020E+00;1.5542E+01
-7.8010E+00;1.5545E+01
-7.8000E+00;1.5548E+01
-7.7990E+00;1.5551E+01
-7.7980E+00;1.5553E+01
-7.7970E+00;1.5556E+01
-7.7960E+00;1.5559E+01
-7.7950E+00;1.5561E+01
-7.7940E+00;1.5564E+01
-7.7930E+00;1.5567E+01
-7.7920E+00;1.5569E+01
-7.7910E+00;1.5572E+01
-7.7900E+00;1.5575E+01
-7.7890E+00;1.5578E+01
-7.7880E+00;1.5580E+01
-7.7870E+00;1.5583E+01
-7.7860E+00;1.5586E+01
-7.7850E+00;1.5588E+01
-7.7840E+00;1.5591E+01
-7.7830E+00;1.5594E+01
-7.7820E+00;1.5596E+01
-7.7810E+00;1.5599E+01
-7.7800E+00;1.5602E+01
-7.7790E+00;1.5604E+01
-7.7780E+00;1.5607E+01
-7.7770E+00;1.5610E+01
-7.7760E+00;1.5613E+01
-7.7750E+00;1.5615E+01
-7.7740E+00;1.5618E+01
-7.7730E+00;1.5621E+01
-7.7720E+00;1.5623E+01
-7.7710E+00;1.5626E+01
-7.7700E+00;1.5629E+01
-7.7690E+00;1.5631E+01
-7.7680E+00;1.5634E+01
-7.7670E+00;1.5637E+01
-7.7660E+00;1.5640E+01
-7.7650E+00;1.5642E+01
-7.7640E+00;1.5645E+01
-7.7630E+00;1.5648E+01
-7.7620E+00;1.5650E+01
-7.7610E+00;1.5653E+01
-7.7600E+00;1.5656E+01
-7.7590E+00;1.5658E+01
-7.7580E+00;1.5661E+01
-7.7570E+00;1.5664E+01
-7.7560E+00;1.5667E+01
-7.7550E+00;1.5669E+01
-7.7540E+00;1.5672E+01
-7.7530E+00;1.5675E+01
-7.7520E+00;1.5677E+01
-7.7510E+00;1.5680E+01
-7.7500E+00;1.5683E+01
-7.7490E+00;1.5685E+01
-7.7480E+00;1.5688E+01
-7.7470E+00;1.5691E+01
-7.7460E+00;1.5694E+01
-7.7450E+00;1.5696E+01
-7.7440E+00;1.5699E+01
-7.7430E+00;1.5702E+01
-7.7420E+00;1.5704E+01
-7.7410E+00;1.5707E+01
-7.7400E+00;1.5710E+01
-7.7390E+00;1.5712E+01
-7.7380E+00;1.5715E+01
-7.7370E+00;1.5718E+01
-7.7360E+00;1.5721E+01
-7.7350E+00;1.5723E+01
-7.7340E+00;1.5726E+01
-7.7330E+00;1.5729E+01
-7.7320E+00;1.5731E+01
-7.7310E+00;1.5734E+01
-7.7300E+00;1.5737E+01
-7.7290E+00;1.5739E+01
-7.7280E+00;1.5742E+01
-7.7270E+00;1.5745E+01
-7.7260E+00;1.5748E+01
-7.7250E+00;1.5750E+01
-7.7240E+00;1.5753E+01
-7.7230E+00;1.5756E+01
-7.7220E+00;1.5758E+01
-7.7210E+00;1.5761E+01
-7.7200E+00;1.5764E+01
-7.7190E+00;1.5766E+01
-7.7180E+00;1.5769E+01
-7.7170E+00;1.5772E+01
-7.7160E+00;1.5775E+01
-7.7150E+00;1.5777E+01
-7.7140E+00;1.5780E+01
-7.7130E+00;1.5783E+01
-7.7120E+00;1.5785E+01
-7.7110E+00;1.5788E+01
-7.7100E+00;1.5791E+01
-7.7090E+00;1.5793E+01
-7.7080E+00;1.5796E+01
-7.7070E+00;1.5799E+01
-7.7060E+00;1.5802E+01
-7.7050E+00;1.5804E+01
-7.7040E+00;1.5807E+01
-7.7030E+00;1.5810E+01
-7.7020E+00;1.5812E+01
-7.7010E+00;1.5815E+01
-7.7000E+00;1.5818E+01
-7.6990E+00;1.5820E+01
-7.6980E+00;1.5823E+01
-7.6970E+00;1.5826E+01
-7.6960E+00;1.5829E+01
-7.6950E+00;1.5831E+01
-7.6940E+00;1.5834E+01
-7.6930E+00;1.5837E+01
-7.6920E+00;1.5839E+01
-7.6910E+00;1.5842E+01
-7.6900E+00;1.5845E+01
-7.6890E+00;1.5847E+01
-7.6880E+00;1.5850E+01
-7.6870E+00;1.5853E+01
-7.6860E+00;1.5855E+01
-7.6850E+00;1.5858E+01
-7.6840E+00;1.5861E+01
-7.6830E+00;1.5864E+01
-7.6820E+00;1.5866E+01
-7.6810E+00;1.5869E+01
-7.6800E+00;1.5872E+01
-7.6790E+00;1.5874E+01
-7.6780E+00;1.5877E+01
-7.6770E+00;1.5880E+01
-7.6760E+00;1.5882E+01
-7.6750E+00;1.5885E+01
-7.6740E+00;1.5888E+01
-7.6730E+00;1.5891E+01
-7.6720E+00;1.5893E+01
-7.6710E+00;1.5896E+01
-7.6700E+00;1.5899E+01
-7.6690E+00;1.5901E+01
-7.6680E+00;1.5904E+01
-7.6670E+00;1.5907E+01
-7.6660E+00;1.5909E+01
-7.6650E+00;1.5912E+01
-7.6640E+00;1.5915E+01
-7.6630E+00;1.5918E+01
-7.6620E+00;1.5920E+01
-7.6610E+00;1.5923E+01
-7.6600E+00;1.5926E+01
-7.6590E+00;1.5928E+01
-7.6580E+00;1.5931E+01
-7.6570E+00;1.5934E+01
-7.6560E+00;1.5936E+01
-7.6550E+00;1.5939E+01
-7.6540E+00;1.5942E+01
-7.6530E+00;1.5945E+01
-7.6520E+00;1.5947E+01
-7.6510E+00;1.5950E+01
-7.6500E+00;1.5953E+01
-7.6490E+00;1.5955E+01
-7.6480E+00;1.5958E+01
-7.6470E+00;1.5961E+01
-7.6460E+00;1.5963E+01
-7.6450E+00;1.5966E+01
-7.6440E+00;1.5969E+01
-7.6430E+00;1.5972E+01
-7.6420E+00;1.5974E+01
-7.6410E+00;1.5977E+01
-7.6400E+00;1.5980E+01
-7.6390E+00;1.5982E+01
-7.6380E+00;1.5985E+01
-7.6370E+00;1.5988E+01
-7.6360E+00;1.5990E+01
-7.6350E+00;1.5993E+01
-7.6340E+00;1.5996E+01
-7.6330E+00;1.5999E+01
-7.6320E+00;1.6001E+01
-7.6310E+00;1.6004E+01
-7.6300E+00;1.6007E+01
-7.6290E+00;1.6009E+01
-7.6280E+00;1.6012E+01
-7.6270E+00;1.6015E+01
-7.6260E+00;1.6017E+01
-7.6250E+00;1.6020E+01
-7.6240E+00;1.6023E+01
-7.6230E+00;1.6026E+01
-7.6220E+00;1.6028E+01
-7.6210E+00;1.6031E+01
-7.6200E+00;1.6034E+01
-7.6190E+00;1.6036E+01
-7.6180E+00;1.6039E+01
-7.6170E+00;1.6042E+01
-7.6160E+00;1.6044E+01
-7.6150E+00;1.6047E+01
-7.6140E+00;1.6050E+01
-7.6130E+00;1.6053E+01
-7.6120E+00;1.6055E+01
-7.6110E+00;1.6058E+01
-7.6100E+00;1.6061E+01
-7.6090E+00;1.6063E+01
-7.6080E+00;1.6066E+01
-7.6070E+00;1.6069E+01
-7.6060E+00;1.6071E+01
-7.6050E+00;1.6074E+01
-7.6040E+00;1.6077E+01
-7.6030E+00;1.6080E+01
-7.6020E+00;1.6082E+01
-7.6010E+00;1.6085E+01
-7.6000E+00;1.6088E+01
-7.5990E+00;1.6090E+01
-7.5980E+00;1.6093E+01
-7.5970E+00;1.6096E+01
-7.5960E+00;1.6098E+01
-7.5950E+00;1.6101E+01
-7.5940E+00;1.6104E+01
-7.5930E+00;1.6107E+01
-7.5920E+00;1.6109E+01
-7.5910E+00;1.6112E+01
-7.5900E+00;1.6115E+01
-7.5890E+00;1.6117E+01
-7.5880E+00;1.6120E+01
-7.5870E+00;1.6123E+01
-7.5860E+00;1.6125E+01
-7.5850E+00;1.6128E+01
-7.5840E+00;1.6131E+01
-7.5830E+00;1.6134E+01
-7.5820E+00;1.6136E+01
-7.5810E+00;1.6139E+01
-7.5800E+00;1.6142E+01
-7.5790E+00;1.6144E+01
-7.5780E+00;1.6147E+01
-7.5770E+00;1.6150E+01
-7.5760E+00;1.6152E+01
-7.5750E+00;1.6155E+01
-7.5740E+00;1.6158E+01
-7.5730E+00;1.6161E+01
-7.5720E+00;1.6163E+01
-7.5710E+00;1.6166E+01
-7.5700E+00;1.6169E+01
-7.5690E+00;1.6171E+01
-7.5680E+00;1.6174E+01
-7.5670E+00;1.6177E+01
-7.5660E+00;1.6180E+01
-7.5650E+00;1.6182E+01
-7.5640E+00;1.6185E+01
-7.5630E+00;1.6188E+01
-7.5620E+00;1.6190E+01
-7.5610E+00;1.6193E+01
-7.5600E+00;1.6196E+01
-7.5590E+00;1.6198E+01
-7.5580E+00;1.6201E+01
-7.5570E+00;1.6204E+01
-7.5560E+00;1.6207E+01
-7.5550E+00;1.6209E+01
-7.5540E+00;1.6212E+01
-7.5530E+00;1.6215E+01
-7.5520E+00;1.6217E+01
-7.5510E+00;1.6220E+01
-7.5500E+00;1.6223E+01
-7.5490E+00;1.6225E+01
-7.5480E+00;1.6228E+01
-7.5470E+00;1.6231E+01
-7.5460E+00;1.6234E+01
-7.5450E+00;1.6236E+01
-7.5440E+00;1.6239E+01
-7.5430E+00;1.6242E+01
-7.5420E+00;1.6244E+01
-7.5410E+00;1.6247E+01
-7.5400E+00;1.6250E+01
-7.5390E+00;1.6252E+01
-7.5380E+00;1.6255E+01
-7.5370E+00;1.6258E+01
-7.5360E+00;1.6261E+01
-7.5350E+00;1.6263E+01
-7.5340E+00;1.6266E+01
-7.5330E+00;1.6269E+01
-7.5320E+00;1.6271E+01
-7.5310E+00;1.6274E+01
-7.5300E+00;1.6277E+01
-7.5290E+00;1.6279E+01
-7.5280E+00;1.6282E+01
-7.5270E+00;1.6285E+01
-7.5260E+00;1.6288E+01
-7.5250E+00;1.6290E+01
-7.5240E+00;1.6293E+01
-7.5230E+00;1.6296E+01
-7.5220E+00;1.6298E+01
-7.5210E+00;1.6301E+01
-7.5200E+00;1.6304E+01
-7.5190E+00;1.6306E+01
-7.5180E+00;1.6309E+01
-7.5170E+00;1.6312E+01
-7.5160E+00;1.6315E+01
-7.5150E+00;1.6317E+01
-7.5140E+00;1.6320E+01
-7.5130E+00;1.6323E+01
-7.5120E+00;1.6325E+01
-7.5110E+00;1.6328E+01
-7.5100E+00;1.6331E+01
-7.5090E+00;1.6333E+01
-7.5080E+00;1.6336E+01
-7.5070E+00;1.6339E+01
-7.5060E+00;1.6342E+01
-7.5050E+00;1.6344E+01
-7.5040E+00;1.6347E+01
-7.5030E+00;1.6350E+01
-7.5020E+00;1.6352E+01
-7.5010E+00;1.6355E+01
-7.5000E+00;1.6341E+01
-7.4990E+00;1.6346E+01
-7.4980E+00;1.6351E+01
-7.4970E+00;1.6357E+01
-7.4960E+00;1.6362E+01
-7.4950E+00;1.6368E+01
-7.4940E+00;1.6373E+01
-7.4930E+00;1.6378E+01
-7.4920E+00;1.6384E+01
-7.4910E+00;1.6389E+01
-7.4900E+00;1.6394E+01
-7.4890E+00;1.6400E+01
-7.4880E+00;1.6405E+01
-7.4870E+00;1.6411E+01
-7.4860E+00;1.6416E+01
-7.4850E+00;1.6421E+01
-7.4840E+00;1.6427E+01
-7.4830E+00;1.6432E+01
-7.4820E+00;1.6438E+01
-7.4810E+00;1.6443E+01
-7.4800E+00;1.6448E+01
-7.4790E+00;1.6454E+01
-7.4780E+00;1.6459E+01
-7.4770E+00;1.6464E+01
-7.4760E+00;1.6470E+01
-7.4750E+00;1.6475E+01
-7.4740E+00;1.6481E+01
-7.4730E+00;1.6486E+01
-7.4720E+00;1.6491E+01
-7.4710E+00;1.6497E+01
-7.4700E+00;1.6502E+01
-7.4690E+00;1.6508E+01
-7.4680E+00;1.6513E+01
-7.4670E+00;1.6518E+01
-7.4660E+00;1.6524E+01
-7.4650E+00;1.6529E+01
-7.4640E+00;1.6535E+01
-7.4630E+00;1.6540E+01
-7.4620E+00;1.6545E+01
-7.4610E+00;1.6551E+01
-7.4600E+00;1.6556E+01
-7.4590E+00;1.6561E+01
-7.4580E+00;1.6567E+01
-7.4570E+00;1.6572E+01
-7.4560E+00;1.6578E+01
-7.4550E+00;1.6583E+01
-7.4540E+00;1.6588E+01
-7.4530E+00;1.6594E+01
-7.4520E+00;1.6599E+01
-7.4510E+00;1.6605E+01
-7.4500E+00;1.6610E+01
-7.4490E+00;1.6615E+01
-7.4480E+00;1.6621E+01
-7.4470E+00;1.6626E+01
-7.4460E+00;1.6632E+01
-7.4450E+00;1.6637E+01
-7.4440E+00;1.6642E+01
-7.4430E+00;1.6648E+01
-7.4420E+00;1.6653E+01
-7.4410E+00;1.6658E+01
-7.4400E+00;1.6664E+01
-7.4390E+00;1.6669E+01
-7.4380E+00;1.6675E+01
-7.4370E+00;1.6680E+01
-7.4360E+00;1.6685E+01
-7.4350E+00;1.6691E+01
-7.4340E+00;1.6696E+01
-7.4330E+00;1.6702E+01
-7.4320E+00;1.6707E+01
-7.4310E+00;1.6712E+01
-7.4300E+00;1.6718E+01
-7.4290E+00;1.6723E+01
-7.4280E+00;1.6729E+01
-7.4270E+00;1.6734E+01
-7.4260E+00;1.6739E+01
-7.4250E+00;1.6745E+01
-7.4240E+00;1.6750E+01
-7.4230E+00;1.6756E+01
-7.4220E+00;1.6761E+01
-7.4210E+00;1.6766E+01
-7.4200E+00;1.6772E+01
-7.4190E+00;1.6777E+01
-7.4180E+00;1.6782E+01
-7.4170E+00;1.6788E+01
-7.4160E+00;1.6793E+01
-7.4150E+00;1.6799E+01
-7.4140E+00;1.6804E+01
-7.4130E+00;1.6809E+01
-7.4120E+00;1.6815E+01
-7.4110E+00;1.6820E+01
-7.4100E+00;1.6826E+01
-7.4090E+00;1.6831E+01
-7.4080E+00;1.6836E+01
-7.4070E+00;1.6842E+01
-7.4060E+00;1.6847E+01
-7.4050E+00;1.6853E+01
-7.4040E+00;1.6858E+01
-7.4030E+00;1.6863E+01
-7.4020E+00;1.6869E+01
-7.4010E+00;1.6874E+01
-7.4000E+00;1.6879E+01
-7.3990E+00;1.6885E+01
-7.3980E+00;1.6890E+01
-7.3970E+00;1.6896E+01
-7.3960E+00;1.6901E+01
-7.3950E+00;1.6906E+01
-7.3940E+00;1.6912E+01
-7.3930E+00;1.6917E+01
-7.3920E+00;1.6923E+01
-7.3910E+00;1.6928E+01
-7.3900E+00;1.6933E+01
-7.3890E+00;1.6939E+01
-7.3880E+00;1.6944E+01
-7.3870E+00;1.6950E+01
-7.3860E+00;1.6955E+01
-7.3850E+00;1.6960E+01
-7.3840E+00;1.6966E+01
-7.3830E+00;1.6971E+01
-7.3820E+00;1.6976E+01
-7.3810E+00;1.6982E+01
-7.3800E+00;1.6987E+01
-7.3790E+00;1.6993E+01
-7.3780E+00;1.6998E+01
-7.3770E+00;1.7003E+01
-7.3760E+00;1.7009E+01
-7.3750E+00;1.7014E+01
-7.3740E+00;1.7020E+01
-7.3730E+00;1.7025E+01
-7.3720E+00;1.7030E+01
-7.3710E+00;1.7036E+01
-7.3700E+00;1.7041E+01
-7.3690E+00;1.7047E+01
-7.3680E+00;1.7052E+01
-7.3670E+00;1.7057E+01
-7.3660E+00;1.7063E+01
-7.3650E+00;1.7068E+01
-7.3640E+00;1.7073E+01
-7.3630E+00;1.7079E+01
-7.3620E+00;1.7084E+01
-7.3610E+00;1.7090E+01
-7.3600E+00;1.7095E+01
-7.3590E+00;1.7100E+01
-7.3580E+00;1.7106E+01
-7.3570E+00;1.7111E+01
-7.3560E+00;1.7117E+01
-7.3550E+00;1.7122E+01
-7.3540E+00;1.7127E+01
-7.3530E+00;1.7133E+01
-7.3520E+00;1.7138E+01
-7.3510E+00;1.7144E+01
-7.3500E+00;1.7149E+01
-7.3490E+00;1.7154E+01
-7.3480E+00;1.7160E+01
-7.3470E+00;1.7165E+01
-7.3460E+00;1.7170E+01
-7.3450E+00;1.7176E+01
-7.3440E+00;1.7181E+01
-7.3430E+00;1.7187E+01
-7.3420E+00;1.7192E+01
-7.3410E+00;1.7197E+01
-7.3400E+00;1.7203E+01
-7.3390E+00;1.7208E+01
-7.3380E+00;1.7214E+01
-7.3370E+00;1.7219E+01
-7.3360E+00;1.7224E+01
-7.3350E+00;1.7230E+01
-7.3340E+00;1.7235E+01
-7.3330E+00;1.7241E+01
-7.3320E+00;1.7246E+01
-7.3310E+00;1.7251E+01
-7.3300E+00;1.7257E+01
-7.3290E+00;1.7262E+01
-7.3280E+00;1.7267E+01
-7.3270E+00;1.7273E+01
-7.3260E+00;1.7278E+01
-7.3250E+00;1.7284E+01
-7.3240E+00;1.7289E+01
-7.3230E+00;1.7294E+01
-7.3220E+00;1.7300E+01
-7.3210E+00;1.7305E+01
-7.3200E+00;1.7311E+01
-7.3190E+00;1.7316E+01
-7.3180E+00;1.7321E+01
-7.3170E+00;1.7327E+01
-7.3160E+00;1.7332E+01
-7.3150E+00;1.7338E+01
-7.3140E+00;1.7343E+01
-7.3130E+00;1.7348E+01
-7.3120E+00;1.7354E+01
-7.3110E+00;1.7359E+01
-7.3100E+00;1.7365E+01
-7.3090E+00;1.7370E+01
-7.3080E+00;1.7375E+01
-7.3070E+00;1.7381E+01
-7.3060E+00;1.7386E+01
-7.3050E+00;1.7391E+01
-7.3040E+00;1.7397E+01
-7.3030E+00;1.7402E+01
-7.3020E+00;1.7408E+01
-7.3010E+00;1.7413E+01
-7.3000E+00;1.7418E+01
-7.2990E+00;1.7424E+01
-7.2980E+00;1.7429E+01
-7.2970E+00;1.7435E+01
-7.2960E+00;1.7440E+01
-7.2950E+00;1.7445E+01
-7.2940E+00;1.7451E+01
-7.2930E+00;1.7456E+01
-7.2920E+00;1.7462E+01
-7.2910E+00;1.7467E+01
-7.2900E+00;1.7472E+01
-7.2890E+00;1.7478E+01
-7.2880E+00;1.7483E+01
-7.2870E+00;1.7488E+01
-7.2860E+00;1.7494E+01
-7.2850E+00;1.7499E+01
-7.2840E+00;1.7505E+01
-7.2830E+00;1.7510E+01
-7.2820E+00;1.7515E+01
-7.2810E+00;1.7521E+01
-7.2800E+00;1.7526E+01
-7.2790E+00;1.7532E+01
-7.2780E+00;1.7537E+01
-7.2770E+00;1.7542E+01
-7.2760E+00;1.7548E+01
-7.2750E+00;1.7553E+01
-7.2740E+00;1.7559E+01
-7.2730E+00;1.7564E+01
-7.2720E+00;1.7569E+01
-7.2710E+00;1.7575E+01
-7.2700E+00;1.7580E+01
-7.2690E+00;1.7586E+01
-7.2680E+00;1.7591E+01
-7.2670E+00;1.7596E+01
-7.2660E+00;1.7602E+01
-7.2650E+00;1.7607E+01
-7.2640E+00;1.7612E+01
-7.2630E+00;1.7618E+01
-7.2620E+00;1.7623E+01
-7.2610E+00;1.7629E+01
-7.2600E+00;1.7634E+01
-7.2590E+00;1.7639E+01
-7.2580E+00;1.7645E+01
-7.2570E+00;1.7650E+01
-7.2560E+00;1.7656E+01
-7.2550E+00;1.7661E+01
-7.2540E+00;1.7666E+01
-7.2530E+00;1.7672E+01
-7.2520E+00;1.7677E+01
-7.2510E+00;1.7683E+01
-7.2500E+00;1.7688E+01
-7.2490E+00;1.7693E+01
-7.2480E+00;1.7699E+01
-7.2470E+00;1.7704E+01
-7.2460E+00;1.7709E+01
-7.2450E+00;1.7715E+01
-7.2440E+00;1.7720E+01
-7.2430E+00;1.7726E+01
-7.2420E+00;1.7731E+01
-7.2410E+00;1.7736E+01
-7.2400E+00;1.7742E+01
-7.2390E+00;1.7747E+01
-7.2380E+00;1.7753E+01
-7.2370E+00;1.7758E+01
-7.2360E+00;1.7763E+01
-7.2350E+00;1.7769E+01
-7.2340E+00;1.7774E+01
-7.2330E+00;1.7780E+01
-7.2320E+00;1.7785E+01
-7.2310E+00;1.7790E+01
-7.2300E+00;1.7796E+01
-7.2290E+00;1.7801E+01
-7.2280E+00;1.7807E+01
-7.2270E+00;1.7812E+01
-7.2260E+00;1.7817E+01
-7.2250E+00;1.7823E+01
-7.2240E+00;1.7828E+01
-7.2230E+00;1.7833E+01
-7.2220E+00;1.7839E+01
-7.2210E+00;1.7844E+01
-7.2200E+00;1.7850E+01
-7.2190E+00;1.7855E+01
-7.2180E+00;1.7860E+01
-7.2170E+00;1.7866E+01
-7.2160E+00;1.7871E+01
-7.2150E+00;1.7877E+01
-7.2140E+00;1.7882E+01
-7.2130E+00;1.7887E+01
-7.2120E+00;1.7893E+01
-7.2110E+00;1.7898E+01
-7.2100E+00;1.7904E+01
-7.2090E+00;1.7909E+01
-7.2080E+00;1.7914E+01
-7.2070E+00;1.7920E+01
-7.2060E+00;1.7925E+01
-7.2050E+00;1.7930E+01
-7.2040E+00;1.7936E+01
-7.2030E+00;1.7941E+01
-7.2020E+00;1.7947E+01
-7.2010E+00;1.7952E+01
-7.2000E+00;1.7957E+01
-7.1990E+00;1.7963E+01
-7.1980E+00;1.7968E+01
-7.1970E+00;1.7974E+01
-7.1960E+00;1.7979E+01
-7.1950E+00;1.7984E+01
-7.1940E+00;1.7990E+01
-7.1930E+00;1.7995E+01
-7.1920E+00;1.8001E+01
-7.1910E+00;1.8006E+01
-7.1900E+00;1.8011E+01
-7.1890E+00;1.8017E+01
-7.1880E+00;1.8022E+01
-7.1870E+00;1.8028E+01
-7.1860E+00;1.8033E+01
-7.1850E+00;1.8038E+01
-7.1840E+00;1.8044E+01
-7.1830E+00;1.8049E+01
-7.1820E+00;1.8054E+01
-7.1810E+00;1.8060E+01
-7.1800E+00;1.8065E+01
-7.1790E+00;1.8071E+01
-7.1780E+00;1.8076E+01
-7.1770E+00;1.8081E+01
-7.1760E+00;1.8087E+01
-7.1750E+00;1.8092E+01
-7.1740E+00;1.8098E+01
-7.1730E+00;1.8103E+01
-7.1720E+00;1.8108E+01
-7.1710E+00;1.8114E+01
-7.1700E+00;1.8119E+01
-7.1690E+00;1.8125E+01
-7.1680E+00;1.8130E+01
-7.1670E+00;1.8135E+01
-7.1660E+00;1.8141E+01
-7.1650E+00;1.8146E+01
-7.1640E+00;1.8151E+01
-7.1630E+00;1.8157E+01
-7.1620E+00;1.8162E+01
-7.1610E+00;1.8168E+01
-7.1600E+00;1.8173E+01
-7.1590E+00;1.8178E+01
-7.1580E+00;1.8184E+01
-7.1570E+00;1.8189E+01
-7.1560E+00;1.8195E+01
-7.1550E+00;1.8200E+01
-7.1540E+00;1.8205E+01
-7.1530E+00;1.8211E+01
-7.1520E+00;1.8216E+01
-7.1510E+00;1.8222E+01
-7.1500E+00;1.8227E+01
-7.1490E+00;1.8232E+01
-7.1480E+00;1.8238E+01
-7.1470E+00;1.8243E+01
-7.1460E+00;1.8249E+01
-7.1450E+00;1.8254E+01
-7.1440E+00;1.8259E+01
-7.1430E+00;1.8265E+01
-7.1420E+00;1.8270E+01
-7.1410E+00;1.8275E+01
-7.1400E+00;1.8281E+01
-7.1390E+00;1.8286E+01
-7.1380E+00;1.8292E+01
-7.1370E+00;1.8297E+01
-7.1360E+00;1.8302E+01
-7.1350E+00;1.8308E+01
-7.1340E+00;1.8313E+01
-7.1330E+00;1.8319E+01
-7.1320E+00;1.8324E+01
-7.1310E+00;1.8329E+01
-7.1300E+00;1.8335E+01
-7.1290E+00;1.8340E+01
-7.1280E+00;1.8346E+01
-7.1270E+00;1.8351E+01
-7.1260E+00;1.8356E+01
-7.1250E+00;1.8362E+01
-7.1240E+00;1.8367E+01
-7.1230E+00;1.8373E+01
-7.1220E+00;1.8378E+01
-7.1210E+00;1.8383E+01
-7.1200E+00;1.8389E+01
-7.1190E+00;1.8394E+01
-7.1180E+00;1.8399E+01
-7.1170E+00;1.8405E+01
-7.1160E+00;1.8410E+01
-7.1150E+00;1.8416E+01
-7.1140E+00;1.8421E+01
-7.1130E+00;1.8426E+01
-7.1120E+00;1.8432E+01
-7.1110E+00;1.8437E+01
-7.1100E+00;1.8443E+01
-7.1090E+00;1.8448E+01
-7.1080E+00;1.8453E+01
-7.1070E+00;1.8459E+01
-7.1060E+00;1.8464E+01
-7.1050E+00;1.8470E+01
-7.1040E+00;1.8475E+01
-7.1030E+00;1.8480E+01
-7.1020E+00;1.8486E+01
-7.1010E+00;1.8491E+01
-7.1000E+00;1.8497E+01
-7.0990E+00;1.8502E+01
-7.0980E+00;1.8507E+01
-7.0970E+00;1.8513E+01
-7.0960E+00;1.8518E+01
-7.0950E+00;1.8523E+01
-7.0940E+00;1.8529E+01
-7.0930E+00;1.8534E+01
-7.0920E+00;1.8540E+01
-7.0910E+00;1.8545E+01
-7.0900E+00;1.8550E+01
-7.0890E+00;1.8556E+01
-7.0880E+00;1.8561E+01
-7.0870E+00;1.8567E+01
-7.0860E+00;1.8572E+01
-7.0850E+00;1.8577E+01
-7.0840E+00;1.8583E+01
-7.0830E+00;1.8588E+01
-7.0820E+00;1.8594E+01
-7.0810E+00;1.8599E+01
-7.0800E+00;1.8604E+01
-7.0790E+00;1.8610E+01
-7.0780E+00;1.8615E+01
-7.0770E+00;1.8621E+01
-7.0760E+00;1.8626E+01
-7.0750E+00;1.8631E+01
-7.0740E+00;1.8637E+01
-7.0730E+00;1.8642E+01
-7.0720E+00;1.8647E+01
-7.0710E+00;1.8653E+01
-7.0700E+00;1.8658E+01
-7.0690E+00;1.8664E+01
-7.0680E+00;1.8669E+01
-7.0670E+00;1.8674E+01
-7.0660E+00;1.8680E+01
-7.0650E+00;1.8685E+01
-7.0640E+00;1.8691E+01
-7.0630E+00;1.8696E+01
-7.0620E+00;1.8701E+01
-7.0610E+00;1.8707E+01
-7.0600E+00;1.8712E+01
-7.0590E+00;1.8718E+01
-7.0580E+00;1.8723E+01
-7.0570E+00;1.8728E+01
-7.0560E+00;1.8734E+01
-7.0550E+00;1.8739E+01
-7.0540E+00;1.8745E+01
-7.0530E+00;1.8750E+01
-7.0520E+00;1.8755E+01
-7.0510E+00;1.8761E+01
-7.0500E+00;1.8766E+01
-7.0490E+00;1.8771E+01
-7.0480E+00;1.8777E+01
-7.0470E+00;1.8782E+01
-7.0460E+00;1.8788E+01
-7.0450E+00;1.8793E+01
-7.0440E+00;1.8798E+01
-7.0430E+00;1.8804E+01
-7.0420E+00;1.8809E+01
-7.0410E+00;1.8815E+01
-7.0400E+00;1.8820E+01
-7.0390E+00;1.8825E+01
-7.0380E+00;1.8831E+01
-7.0370E+00;1.8836E+01
-7.0360E+00;1.8842E+01
-7.0350E+00;1.8847E+01
-7.0340E+00;1.8852E+01
-7.0330E+00;1.8858E+01
-7.0320E+00;1.8863E+01
-7.0310E+00;1.8869E+01
-7.0300E+00;1.8874E+01
-7.0290E+00;1.8879E+01
-7.0280E+00;1.8885E+01
-7.0270E+00;1.8890E+01
-7.0260E+00;1.8895E+01
-7.0250E+00;1.8901E+01
-7.0240E+00;1.8906E+01
-7.0230E+00;1.8912E+01
-7.0220E+00;1.8917E+01
-7.0210E+00;1.8922E+01
-7.0200E+00;1.8928E+01
-7.0190E+00;1.8933E+01
-7.0180E+00;1.8939E+01
-7.0170E+00;1.8944E+01
-7.0160E+00;1.8949E+01
-7.0150E+00;1.8955E+01
-7.0140E+00;1.8960E+01
-7.0130E+00;1.8966E+01
-7.0120E+00;1.8971E+01
-7.0110E+00;1.8976E+01
-7.0100E+00;1.8982E+01
-7.0090E+00;1.8987E+01
-7.0080E+00;1.8993E+01
-7.0070E+00;1.8998E+01
-7.0060E+00;1.9003E+01
-7.0050E+00;1.9009E+01
-7.0040E+00;1.9014E+01
-7.0030E+00;1.9019E+01
-7.0020E+00;1.9025E+01
-7.0010E+00;1.9030E+01
-7.0000E+00;1.9036E+01
-6.9990E+00;1.9041E+01
-6.9980E+00;1.9046E+01
-6.9970E+00;1.9052E+01
-6.9960E+00;1.9057E+01
-6.9950E+00;1.9063E+01
-6.9940E+00;1.9068E+01
-6.9930E+00;1.9073E+01
-6.9920E+00;1.9079E+01
-6.9910E+00;1.9084E+01
-6.9900E+00;1.9090E+01
-6.9890E+00;1.9095E+01
-6.9880E+00;1.9100E+01
-6.9870E+00;1.9106E+01
-6.9860E+00;1.9111E+01
-6.9850E+00;1.9117E+01
-6.9840E+00;1.9122E+01
-6.9830E+00;1.9127E+01
-6.9820E+00;1.9133E+01
-6.9810E+00;1.9138E+01
-6.9800E+00;1.9144E+01
-6.9790E+00;1.9149E+01
-6.9780E+00;1.9154E+01
-6.9770E+00;1.9160E+01
-6.9760E+00;1.9165E+01
-6.9750E+00;1.9170E+01
-6.9740E+00;1.9176E+01
-6.9730E+00;1.9181E+01
-6.9720E+00;1.9187E+01
-6.9710E+00;1.9192E+01
-6.9700E+00;1.9197E+01
-6.9690E+00;1.9203E+01
-6.9680E+00;1.9208E+01
-6.9670E+00;1.9214E+01
-6.9660E+00;1.9219E+01
-6.9650E+00;1.9224E+01
-6.9640E+00;1.9230E+01
-6.9630E+00;1.9235E+01
-6.9620E+00;1.9241E+01
-6.9610E+00;1.9246E+01
-6.9600E+00;1.9251E+01
-6.9590E+00;1.9257E+01
-6.9580E+00;1.9262E+01
-6.9570E+00;1.9268E+01
-6.9560E+00;1.9273E+01
-6.9550E+00;1.9278E+01
-6.9540E+00;1.9284E+01
-6.9530E+00;1.9289E+01
-6.9520E+00;1.9294E+01
-6.9510E+00;1.9300E+01
-6.9500E+00;1.9305E+01
-6.9490E+00;1.9311E+01
-6.9480E+00;1.9316E+01
-6.9470E+00;1.9321E+01
-6.9460E+00;1.9327E+01
-6.9450E+00;1.9332E+01
-6.9440E+00;1.9338E+01
-6.9430E+00;1.9343E+01
-6.9420E+00;1.9348E+01
-6.9410E+00;1.9354E+01
-6.9400E+00;1.9359E+01
-6.9390E+00;1.9365E+01
-6.9380E+00;1.9370E+01
-6.9370E+00;1.9375E+01
-6.9360E+00;1.9381E+01
-6.9350E+00;1.9386E+01
-6.9340E+00;1.9392E+01
-6.9330E+00;1.9397E+01
-6.9320E+00;1.9402E+01
-6.9310E+00;1.9408E+01
-6.9300E+00;1.9413E+01
-6.9290E+00;1.9418E+01
-6.9280E+00;1.9424E+01
-6.9270E+00;1.9429E+01
-6.9260E+00;1.9435E+01
-6.9250E+00;1.9440E+01
-6.9240E+00;1.9445E+01
-6.9230E+00;1.9451E+01
-6.9220E+00;1.9456E+01
-6.9210E+00;1.9462E+01
-6.9200E+00;1.9467E+01
-6.9190E+00;1.9472E+01
-6.9180E+00;1.9478E+01
-6.9170E+00;1.9483E+01
-6.9160E+00;1.9489E+01
-6.9150E+00;1.9494E+01
-6.9140E+00;1.9499E+01
-6.9130E+00;1.9505E+01
-6.9120E+00;1.9510E+01
-6.9110E+00;1.9516E+01
-6.9100E+00;1.9521E+01
-6.9090E+00;1.9526E+01
-6.9080E+00;1.9532E+01
-6.9070E+00;1.9537E+01
-6.9060E+00;1.9543E+01
-6.9050E+00;1.9548E+01
-6.9040E+00;1.9553E+01
-6.9030E+00;1.9559E+01
-6.9020E+00;1.9564E+01
-6.9010E+00;1.9569E+01
-6.9000E+00;1.9575E+01
-6.8990E+00;1.9580E+01
-6.8980E+00;1.9586E+01
-6.8970E+00;1.9591E+01
-6.8960E+00;1.9596E+01
-6.8950E+00;1.9602E+01
-6.8940E+00;1.9607E+01
-6.8930E+00;1.9613E+01
-6.8920E+00;1.9618E+01
-6.8910E+00;1.9623E+01
-6.8900E+00;1.9629E+01
-6.8890E+00;1.9634E+01
-6.8880E+00;1.9640E+01
-6.8870E+00;1.9645E+01
-6.8860E+00;1.9650E+01
-6.8850E+00;1.9656E+01
-6.8840E+00;1.9661E+01
-6.8830E+00;1.9667E+01
-6.8820E+00;1.9672E+01
-6.8810E+00;1.9677E+01
-6.8800E+00;1.9683E+01
-6.8790E+00;1.9688E+01
-6.8780E+00;1.9693E+01
-6.8770E+00;1.9699E+01
-6.8760E+00;1.9704E+01
-6.8750E+00;1.9710E+01
-6.8740E+00;1.9715E+01
-6.8730E+00;1.9720E+01
-6.8720E+00;1.9726E+01
-6.8710E+00;1.9731E+01
-6.8700E+00;1.9737E+01
-6.8690E+00;1.9742E+01
-6.8680E+00;1.9747E+01
-6.8670E+00;1.9753E+01
-6.8660E+00;1.9758E+01
-6.8650E+00;1.9764E+01
-6.8640E+00;1.9769E+01
-6.8630E+00;1.9774E+01
-6.8620E+00;1.9780E+01
-6.8610E+00;1.9785E+01
-6.8600E+00;1.9791E+01
-6.8590E+00;1.9796E+01
-6.8580E+00;1.9801E+01
-6.8570E+00;1.9807E+01
-6.8560E+00;1.9812E+01
-6.8550E+00;1.9818E+01
-6.8540E+00;1.9823E+01
-6.8530E+00;1.9828E+01
-6.8520E+00;1.9834E+01
-6.8510E+00;1.9839E+01
-6.8500E+00;1.9844E+01
-6.8490E+00;1.9850E+01
-6.8480E+00;1.9855E+01
-6.8470E+00;1.9861E+01
-6.8460E+00;1.9866E+01
-6.8450E+00;1.9871E+01
-6.8440E+00;1.9877E+01
-6.8430E+00;1.9882E+01
-6.8420E+00;1.9888E+01
-6.8410E+00;1.9893E+01
-6.8400E+00;1.9898E+01
-6.8390E+00;1.9904E+01
-6.8380E+00;1.9909E+01
-6.8370E+00;1.9915E+01
-6.8360E+00;1.9920E+01
-6.8350E+00;1.9925E+01
-6.8340E+00;1.9931E+01
-6.8330E+00;1.9936E+01
-6.8320E+00;1.9942E+01
-6.8310E+00;1.9947E+01
-6.8300E+00;1.9952E+01
-6.8290E+00;1.9958E+01
-6.8280E+00;1.9963E+01
-6.8270E+00;1.9969E+01
-6.8260E+00;1.9974E+01
-6.8250E+00;1.9979E+01
-6.8240E+00;1.9985E+01
-6.8230E+00;1.9990E+01
-6.8220E+00;1.9995E+01
-6.8210E+00;2.0001E+01
-6.8200E+00;2.0006E+01
-6.8190E+00;2.0012E+01
-6.8180E+00;2.0017E+01
-6.8170E+00;2.0022E+01
-6.8160E+00;2.0028E+01
-6.8150E+00;2.0033E+01
-6.8140E+00;2.0039E+01
-6.8130E+00;2.0044E+01
-6.8120E+00;2.0049E+01
-6.8110E+00;2.0055E+01
-6.8100E+00;2.0060E+01
-6.8090E+00;2.0066E+01
-6.8080E+00;2.0071E+01
-6.8070E+00;2.0076E+01
-6.8060E+00;2.0082E+01
-6.8050E+00;2.0087E+01
-6.8040E+00;2.0093E+01
-6.8030E+00;2.0098E+01
-6.8020E+00;2.0103E+01
-6.8010E+00;2.0109E+01
-6.8000E+00;2.0114E+01
-6.7990E+00;2.0120E+01
-6.7980E+00;2.0125E+01
-6.7970E+00;2.0130E+01
-6.7960E+00;2.0136E+01
-6.7950E+00;2.0141E+01
-6.7940E+00;2.0146E+01
-6.7930E+00;2.0152E+01
-6.7920E+00;2.0157E+01
-6.7910E+00;2.0163E+01
-6.7900E+00;2.0168E+01
-6.7890E+00;2.0173E+01
-6.7880E+00;2.0179E+01
-6.7870E+00;2.0184E+01
-6.7860E+00;2.0190E+01
-6.7850E+00;2.0195E+01
-6.7840E+00;2.0200E+01
-6.7830E+00;2.0206E+01
-6.7820E+00;2.0211E+01
-6.7810E+00;2.0217E+01
-6.7800E+00;2.0222E+01
-6.7790E+00;2.0227E+01
-6.7780E+00;2.0233E+01
-6.7770E+00;2.0238E+01
-6.7760E+00;2.0244E+01
-6.7750E+00;2.0249E+01
-6.7740E+00;2.0254E+01
-6.7730E+00;2.0260E+01
-6.7720E+00;2.0265E+01
-6.7710E+00;2.0271E+01
-6.7700E+00;2.0276E+01
-6.7690E+00;2.0281E+01
-6.7680E+00;2.0287E+01
-6.7670E+00;2.0292E+01
-6.7660E+00;2.0297E+01
-6.7650E+00;2.0303E+01
-6.7640E+00;2.0308E+01
-6.7630E+00;2.0314E+01
-6.7620E+00;2.0319E+01
-6.7610E+00;2.0324E+01
-6.7600E+00;2.0330E+01
-6.7590E+00;2.0335E+01
-6.7580E+00;2.0341E+01
-6.7570E+00;2.0346E+01
-6.7560E+00;2.0351E+01
-6.7550E+00;2.0357E+01
-6.7540E+00;2.0362E+01
-6.7530E+00;2.0368E+01
-6.7520E+00;2.0373E+01
-6.7510E+00;2.0378E+01
-6.7500E+00;2.0384E+01
-6.7490E+00;2.0389E+01
-6.7480E+00;2.0395E+01
-6.7470E+00;2.0400E+01
-6.7460E+00;2.0405E+01
-6.7450E+00;2.0411E+01
-6.7440E+00;2.0416E+01
-6.7430E+00;2.0422E+01
-6.7420E+00;2.0427E+01
-6.7410E+00;2.0432E+01
-6.7400E+00;2.0438E+01
-6.7390E+00;2.0443E+01
-6.7380E+00;2.0448E+01
-6.7370E+00;2.0454E+01
-6.7360E+00;2.0459E+01
-6.7350E+00;2.0465E+01
-6.7340E+00;2.0470E+01
-6.7330E+00;2.0475E+01
-6.7320E+00;2.0481E+01
-6.7310E+00;2.0486E+01
-6.7300E+00;2.0492E+01
-6.7290E+00;2.0497E+01
-6.7280E+00;2.0502E+01
-6.7270E+00;2.0508E+01
-6.7260E+00;2.0513E+01
-6.7250E+00;2.0519E+01
-6.7240E+00;2.0524E+01
-6.7230E+00;2.0529E+01
-6.7220E+00;2.0535E+01
-6.7210E+00;2.0540E+01
-6.7200E+00;2.0546E+01
-6.7190E+00;2.0551E+01
-6.7180E+00;2.0556E+01
-6.7170E+00;2.0562E+01
-6.7160E+00;2.0567E+01
-6.7150E+00;2.0573E+01
-6.7140E+00;2.0578E+01
-6.7130E+00;2.0583E+01
-6.7120E+00;2.0589E+01
-6.7110E+00;2.0594E+01
-6.7100E+00;2.0599E+01
-6.7090E+00;2.0605E+01
-6.7080E+00;2.0610E+01
-6.7070E+00;2.0616E+01
-6.7060E+00;2.0621E+01
-6.7050E+00;2.0626E+01
-6.7040E+00;2.0632E+01
-6.7030E+00;2.0637E+01
-6.7020E+00;2.0643E+01
-6.7010E+00;2.0648E+01
-6.7000E+00;2.0653E+01
-6.6990E+00;2.0659E+01
-6.6980E+00;2.0664E+01
-6.6970E+00;2.0670E+01
-6.6960E+00;2.0675E+01
-6.6950E+00;2.0680E+01
-6.6940E+00;2.0686E+01
-6.6930E+00;2.0691E+01
-6.6920E+00;2.0697E+01
-6.6910E+00;2.0702E+01
-6.6900E+00;2.0707E+01
-6.6890E+00;2.0713E+01
-6.6880E+00;2.0718E+01
-6.6870E+00;2.0724E+01
-6.6860E+00;2.0729E+01
-6.6850E+00;2.0734E+01
-6.6840E+00;2.0740E+01
-6.6830E+00;2.0745E+01
-6.6820E+00;2.0750E+01
-6.6810E+00;2.0756E+01
-6.6800E+00;2.0761E+01
-6.6790E+00;2.0767E+01
-6.6780E+00;2.0772E+01
-6.6770E+00;2.0777E+01
-6.6760E+00;2.0783E+01
-6.6750E+00;2.0788E+01
-6.6740E+00;2.0794E+01
-6.6730E+00;2.0799E+01
-6.6720E+00;2.0804E+01
-6.6710E+00;2.0810E+01
-6.6700E+00;2.0815E+01
-6.6690E+00;2.0821E+01
-6.6680E+00;2.0826E+01
-6.6670E+00;2.0831E+01
-6.6660E+00;2.0837E+01
-6.6650E+00;2.0842E+01
-6.6640E+00;2.0848E+01
-6.6630E+00;2.0853E+01
-6.6620E+00;2.0858E+01
-6.6610E+00;2.0864E+01
-6.6600E+00;2.0869E+01
-6.6590E+00;2.0875E+01
-6.6580E+00;2.0880E+01
-6.6570E+00;2.0885E+01
-6.6560E+00;2.0891E+01
-6.6550E+00;2.0896E+01
-6.6540E+00;2.0901E+01
-6.6530E+00;2.0907E+01
-6.6520E+00;2.0912E+01
-6.6510E+00;2.0918E+01
-6.6500E+00;2.0923E+01
-6.6490E+00;2.0928E+01
-6.6480E+00;2.0934E+01
-6.6470E+00;2.0939E+01
-6.6460E+00;2.0945E+01
-6.6450E+00;2.0950E+01
-6.6440E+00;2.0955E+01
-6.6430E+00;2.0961E+01
-6.6420E+00;2.0966E+01
-6.6410E+00;2.0972E+01
-6.6400E+00;2.0977E+01
-6.6390E+00;2.0982E+01
-6.6380E+00;2.0988E+01
-6.6370E+00;2.0993E+01
-6.6360E+00;2.0999E+01
-6.6350E+00;2.1004E+01
-6.6340E+00;2.1009E+01
-6.6330E+00;2.1015E+01
-6.6320E+00;2.1020E+01
-6.6310E+00;2.1026E+01
-6.6300E+00;2.1031E+01
-6.6290E+00;2.1036E+01
-6.6280E+00;2.1042E+01
-6.6270E+00;2.1047E+01
-6.6260E+00;2.1053E+01
-6.6250E+00;2.1058E+01
-6.6240E+00;2.1063E+01
-6.6230E+00;2.1069E+01
-6.6220E+00;2.1074E+01
-6.6210E+00;2.1079E+01
-6.6200E+00;2.1085E+01
-6.6190E+00;2.1090E+01
-6.6180E+00;2.1096E+01
-6.6170E+00;2.1101E+01
-6.6160E+00;2.1106E+01
-6.6150E+00;2.1112E+01
-6.6140E+00;2.1117E+01
-6.6130E+00;2.1123E+01
-6.6120E+00;2.1128E+01
-6.6110E+00;2.1133E+01
-6.6100E+00;2.1139E+01
-6.6090E+00;2.1144E+01
-6.6080E+00;2.1150E+01
-6.6070E+00;2.1155E+01
-6.6060E+00;2.1160E+01
-6.6050E+00;2.1166E+01
-6.6040E+00;2.1171E+01
-6.6030E+00;2.1177E+01
-6.6020E+00;2.1182E+01
-6.6010E+00;2.1187E+01
-6.6000E+00;2.1193E+01
-6.5990E+00;2.1198E+01
-6.5980E+00;2.1204E+01
-6.5970E+00;2.1209E+01
-6.5960E+00;2.1214E+01
-6.5950E+00;2.1220E+01
-6.5940E+00;2.1225E+01
-6.5930E+00;2.1230E+01
-6.5920E+00;2.1236E+01
-6.5910E+00;2.1241E+01
-6.5900E+00;2.1247E+01
-6.5890E+00;2.1252E+01
-6.5880E+00;2.1257E+01
-6.5870E+00;2.1263E+01
-6.5860E+00;2.1268E+01
-6.5850E+00;2.1274E+01
-6.5840E+00;2.1279E+01
-6.5830E+00;2.1284E+01
-6.5820E+00;2.1290E+01
-6.5810E+00;2.1295E+01
-6.5800E+00;2.1301E+01
-6.5790E+00;2.1306E+01
-6.5780E+00;2.1311E+01
-6.5770E+00;2.1317E+01
-6.5760E+00;2.1322E+01
-6.5750E+00;2.1328E+01
-6.5740E+00;2.1333E+01
-6.5730E+00;2.1338E+01
-6.5720E+00;2.1344E+01
-6.5710E+00;2.1349E+01
-6.5700E+00;2.1355E+01
-6.5690E+00;2.1360E+01
-6.5680E+00;2.1365E+01
-6.5670E+00;2.1371E+01
-6.5660E+00;2.1376E+01
-6.5650E+00;2.1382E+01
-6.5640E+00;2.1387E+01
-6.5630E+00;2.1392E+01
-6.5620E+00;2.1398E+01
-6.5610E+00;2.1403E+01
-6.5600E+00;2.1408E+01
-6.5590E+00;2.1414E+01
-6.5580E+00;2.1419E+01
-6.5570E+00;2.1425E+01
-6.5560E+00;2.1430E+01
-6.5550E+00;2.1435E+01
-6.5540E+00;2.1441E+01
-6.5530E+00;2.1446E+01
-6.5520E+00;2.1452E+01
-6.5510E+00;2.1457E+01
-6.5500E+00;2.1462E+01
-6.5490E+00;2.1468E+01
-6.5480E+00;2.1473E+01
-6.5470E+00;2.1479E+01
-6.5460E+00;2.1484E+01
-6.5450E+00;2.1489E+01
-6.5440E+00;2.1495E+01
-6.5430E+00;2.1500E+01
-6.5420E+00;2.1506E+01
-6.5410E+00;2.1511E+01
-6.5400E+00;2.1516E+01
-6.5390E+00;2.1522E+01
-6.5380E+00;2.1527E+01
-6.5370E+00;2.1533E+01
-6.5360E+00;2.1538E+01
-6.5350E+00;2.1543E+01
-6.5340E+00;2.1549E+01
-6.5330E+00;2.1554E+01
-6.5320E+00;2.1559E+01
-6.5310E+00;2.1565E+01
-6.5300E+00;2.1570E+01
-6.5290E+00;2.1576E+01
-6.5280E+00;2.1581E+01
-6.5270E+00;2.1586E+01
-6.5260E+00;2.1592E+01
-6.5250E+00;2.1597E+01
-6.5240E+00;2.1603E+01
-6.5230E+00;2.1608E+01
-6.5220E+00;2.1613E+01
-6.5210E+00;2.1619E+01
-6.5200E+00;2.1624E+01
-6.5190E+00;2.1630E+01
-6.5180E+00;2.1635E+01
-6.5170E+00;2.1640E+01
-6.5160E+00;2.1646E+01
-6.5150E+00;2.1651E+01
-6.5140E+00;2.1657E+01
-6.5130E+00;2.1662E+01
-6.5120E+00;2.1667E+01
-6.5110E+00;2.1673E+01
-6.5100E+00;2.1678E+01
-6.5090E+00;2.1684E+01
-6.5080E+00;2.1689E+01
-6.5070E+00;2.1694E+01
-6.5060E+00;2.1700E+01
-6.5050E+00;2.1705E+01
-6.5040E+00;2.1711E+01
-6.5030E+00;2.1716E+01
-6.5020E+00;2.1721E+01
-6.5010E+00;2.1727E+01
-6.5000E+00;2.1732E+01
-6.4990E+00;2.1737E+01
-6.4980E+00;2.1743E+01
-6.4970E+00;2.1748E+01
-6.4960E+00;2.1754E+01
-6.4950E+00;2.1759E+01
-6.4940E+00;2.1764E+01
-6.4930E+00;2.1770E+01
-6.4920E+00;2.1775E+01
-6.4910E+00;2.1781E+01
-6.4900E+00;2.1786E+01
-6.4890E+00;2.1791E+01
-6.4880E+00;2.1797E+01
-6.4870E+00;2.1802E+01
-6.4860E+00;2.1808E+01
-6.4850E+00;2.1813E+01
-6.4840E+00;2.1818E+01
-6.4830E+00;2.1824E+01
-6.4820E+00;2.1829E+01
-6.4810E+00;2.1835E+01
-6.4800E+00;2.1840E+01
-6.4790E+00;2.1845E+01
-6.4780E+00;2.1851E+01
-6.4770E+00;2.1856E+01
-6.4760E+00;2.1862E+01
-6.4750E+00;2.1867E+01
-6.4740E+00;2.1872E+01
-6.4730E+00;2.1878E+01
-6.4720E+00;2.1883E+01
-6.4710E+00;2.1889E+01
-6.4700E+00;2.1894E+01
-6.4690E+00;2.1899E+01
-6.4680E+00;2.1905E+01
-6.4670E+00;2.1910E+01
-6.4660E+00;2.1915E+01
-6.4650E+00;2.1921E+01
-6.4640E+00;2.1926E+01
-6.4630E+00;2.1932E+01
-6.4620E+00;2.1937E+01
-6.4610E+00;2.1942E+01
-6.4600E+00;2.1948E+01
-6.4590E+00;2.1953E+01
-6.4580E+00;2.1959E+01
-6.4570E+00;2.1964E+01
-6.4560E+00;2.1969E+01
-6.4550E+00;2.1975E+01
-6.4540E+00;2.1980E+01
-6.4530E+00;2.1986E+01
-6.4520E+00;2.1991E+01
-6.4510E+00;2.1996E+01
-6.4500E+00;2.2002E+01
-6.4490E+00;2.2007E+01
-6.4480E+00;2.2013E+01
-6.4470E+00;2.2018E+01
-6.4460E+00;2.2023E+01
-6.4450E+00;2.2029E+01
-6.4440E+00;2.2034E+01
-6.4430E+00;2.2040E+01
-6.4420E+00;2.2045E+01
-6.4410E+00;2.2050E+01
-6.4400E+00;2.2056E+01
-6.4390E+00;2.2061E+01
-6.4380E+00;2.2067E+01
-6.4370E+00;2.2072E+01
-6.4360E+00;2.2077E+01
-6.4350E+00;2.2083E+01
-6.4340E+00;2.2088E+01
-6.4330E+00;2.2093E+01
-6.4320E+00;2.2099E+01
-6.4310E+00;2.2104E+01
-6.4300E+00;2.2110E+01
-6.4290E+00;2.2115E+01
-6.4280E+00;2.2120E+01
-6.4270E+00;2.2126E+01
-6.4260E+00;2.2131E+01
-6.4250E+00;2.2137E+01
-6.4240E+00;2.2142E+01
-6.4230E+00;2.2147E+01
-6.4220E+00;2.2153E+01
-6.4210E+00;2.2158E+01
-6.4200E+00;2.2164E+01
-6.4190E+00;2.2169E+01
-6.4180E+00;2.2174E+01
-6.4170E+00;2.2180E+01
-6.4160E+00;2.2185E+01
-6.4150E+00;2.2191E+01
-6.4140E+00;2.2196E+01
-6.4130E+00;2.2201E+01
-6.4120E+00;2.2207E+01
-6.4110E+00;2.2212E+01
-6.4100E+00;2.2218E+01
-6.4090E+00;2.2223E+01
-6.4080E+00;2.2228E+01
-6.4070E+00;2.2234E+01
-6.4060E+00;2.2239E+01
-6.4050E+00;2.2245E+01
-6.4040E+00;2.2250E+01
-6.4030E+00;2.2255E+01
-6.4020E+00;2.2261E+01
-6.4010E+00;2.2266E+01
-6.4000E+00;2.2271E+01
-6.3990E+00;2.2277E+01
-6.3980E+00;2.2282E+01
-6.3970E+00;2.2288E+01
-6.3960E+00;2.2293E+01
-6.3950E+00;2.2298E+01
-6.3940E+00;2.2304E+01
-6.3930E+00;2.2309E+01
-6.3920E+00;2.2315E+01
-6.3910E+00;2.2320E+01
-6.3900E+00;2.2325E+01
-6.3890E+00;2.2331E+01
-6.3880E+00;2.2336E+01
-6.3870E+00;2.2342E+01
-6.3860E+00;2.2347E+01
-6.3850E+00;2.2352E+01
-6.3840E+00;2.2358E+01
-6.3830E+00;2.2363E+01
-6.3820E+00;2.2369E+01
-6.3810E+00;2.2374E+01
-6.3800E+00;2.2379E+01
-6.3790E+00;2.2385E+01
-6.3780E+00;2.2390E+01
-6.3770E+00;2.2396E+01
-6.3760E+00;2.2401E+01
-6.3750E+00;2.2406E+01
-6.3740E+00;2.2412E+01
-6.3730E+00;2.2417E+01
-6.3720E+00;2.2423E+01
-6.3710E+00;2.2428E+01
-6.3700E+00;2.2433E+01
-6.3690E+00;2.2439E+01
-6.3680E+00;2.2444E+01
-6.3670E+00;2.2450E+01
-6.3660E+00;2.2455E+01
-6.3650E+00;2.2460E+01
-6.3640E+00;2.2466E+01
-6.3630E+00;2.2471E+01
-6.3620E+00;2.2476E+01
-6.3610E+00;2.2482E+01
-6.3600E+00;2.2487E+01
-6.3590E+00;2.2493E+01
-6.3580E+00;2.2498E+01
-6.3570E+00;2.2503E+01
-6.3560E+00;2.2509E+01
-6.3550E+00;2.2514E+01
-6.3540E+00;2.2520E+01
-6.3530E+00;2.2525E+01
-6.3520E+00;2.2530E+01
-6.3510E+00;2.2536E+01
-6.3500E+00;2.2541E+01
-6.3490E+00;2.2547E+01
-6.3480E+00;2.2552E+01
-6.3470E+00;2.2557E+01
-6.3460E+00;2.2563E+01
-6.3450E+00;2.2568E+01
-6.3440E+00;2.2574E+01
-6.3430E+00;2.2579E+01
-6.3420E+00;2.2584E+01
-6.3410E+00;2.2590E+01
-6.3400E+00;2.2595E+01
-6.3390E+00;2.2601E+01
-6.3380E+00;2.2606E+01
-6.3370E+00;2.2611E+01
-6.3360E+00;2.2616E+01
-6.3350E+00;2.2621E+01
-6.3340E+00;2.2626E+01
-6.3330E+00;2.2631E+01
-6.3320E+00;2.2635E+01
-6.3310E+00;2.2640E+01
-6.3300E+00;2.2645E+01
-6.3290E+00;2.2650E+01
-6.3280E+00;2.2654E+01
-6.3270E+00;2.2659E+01
-6.3260E+00;2.2664E+01
-6.3250E+00;2.2669E+01
-6.3240E+00;2.2673E+01
-6.3230E+00;2.2678E+01
-6.3220E+00;2.2683E+01
-6.3210E+00;2.2687E+01
-6.3200E+00;2.2692E+01
-6.3190E+00;2.2697E+01
-6.3180E+00;2.2702E+01
-6.3170E+00;2.2706E+01
-6.3160E+00;2.2711E+01
-6.3150E+00;2.2716E+01
-6.3140E+00;2.2721E+01
-6.3130E+00;2.2725E+01
-6.3120E+00;2.2730E+01
-6.3110E+00;2.2735E+01
-6.3100E+00;2.2740E+01
-6.3090E+00;2.2744E+01
-6.3080E+00;2.2749E+01
-6.3070E+00;2.2754E+01
-6.3060E+00;2.2759E+01
-6.3050E+00;2.2763E+01
-6.3040E+00;2.2768E+01
-6.3030E+00;2.2773E+01
-6.3020E+00;2.2778E+01
-6.3010E+00;2.2782E+01
-6.3000E+00;2.2787E+01
-6.2990E+00;2.2792E+01
-6.2980E+00;2.2797E+01
-6.2970E+00;2.2801E+01
-6.2960E+00;2.2806E+01
-6.2950E+00;2.2811E+01
-6.2940E+00;2.2816E+01
-6.2930E+00;2.2820E+01
-6.2920E+00;2.2825E+01
-6.2910E+00;2.2830E+01
-6.2900E+00;2.2834E+01
-6.2890E+00;2.2839E+01
-6.2880E+00;2.2844E+01
-6.2870E+00;2.2849E+01
-6.2860E+00;2.2853E+01
-6.2850E+00;2.2858E+01
-6.2840E+00;2.2863E+01
-6.2830E+00;2.2868E+01
-6.2820E+00;2.2872E+01
-6.2810E+00;2.2877E+01
-6.2800E+00;2.2882E+01
-6.2790E+00;2.2887E+01
-6.2780E+00;2.2891E+01
-6.2770E+00;2.2896E+01
-6.2760E+00;2.2901E+01
-6.2750E+00;2.2906E+01
-6.2740E+00;2.2910E+01
-6.2730E+00;2.2915E+01
-6.2720E+00;2.2920E+01
-6.2710E+00;2.2925E+01
-6.2700E+00;2.2929E+01
-6.2690E+00;2.2934E+01
-6.2680E+00;2.2939E+01
-6.2670E+00;2.2944E+01
-6.2660E+00;2.2948E+01
-6.2650E+00;2.2953E+01
-6.2640E+00;2.2958E+01
-6.2630E+00;2.2963E+01
-6.2620E+00;2.2967E+01
-6.2610E+00;2.2972E+01
-6.2600E+00;2.2977E+01
-6.2590E+00;2.2982E+01
-6.2580E+00;2.2986E+01
-6.2570E+00;2.2991E+01
-6.2560E+00;2.2996E+01
-6.2550E+00;2.3001E+01
-6.2540E+00;2.3005E+01
-6.2530E+00;2.3010E+01
-6.2520E+00;2.3015E+01
-6.2510E+00;2.3020E+01
-6.2500E+00;2.3024E+01
-6.2490E+00;2.3029E+01
-6.2480E+00;2.3034E+01
-6.2470E+00;2.3039E+01
-6.2460E+00;2.3043E+01
-6.2450E+00;2.3048E+01
-6.2440E+00;2.3053E+01
-6.2430E+00;2.3058E+01
-6.2420E+00;2.3062E+01
-6.2410E+00;2.3067E+01
-6.2400E+00;2.3072E+01
-6.2390E+00;2.3077E+01
-6.2380E+00;2.3081E+01
-6.2370E+00;2.3086E+01
-6.2360E+00;2.3091E+01
-6.2350E+00;2.3096E+01
-6.2340E+00;2.3100E+01
-6.2330E+00;2.3105E+01
-6.2320E+00;2.3110E+01
-6.2310E+00;2.3115E+01
-6.2300E+00;2.3119E+01
-6.2290E+00;2.3124E+01
-6.2280E+00;2.3129E+01
-6.2270E+00;2.3134E+01
-6.2260E+00;2.3138E+01
-6.2250E+00;2.3143E+01
-6.2240E+00;2.3148E+01
-6.2230E+00;2.3153E+01
-6.2220E+00;2.3157E+01
-6.2210E+00;2.3162E+01
-6.2200E+00;2.3167E+01
-6.2190E+00;2.3172E+01
-6.2180E+00;2.3176E+01
-6.2170E+00;2.3181E+01
-6.2160E+00;2.3186E+01
-6.2150E+00;2.3191E+01
-6.2140E+00;2.3195E+01
-6.2130E+00;2.3200E+01
-6.2120E+00;2.3205E+01
-6.2110E+00;2.3210E+01
-6.2100E+00;2.3214E+01
-6.2090E+00;2.3219E+01
-6.2080E+00;2.3224E+01
-6.2070E+00;2.3229E+01
-6.2060E+00;2.3233E+01
-6.2050E+00;2.3238E+01
-6.2040E+00;2.3243E+01
-6.2030E+00;2.3248E+01
-6.2020E+00;2.3252E+01
-6.2010E+00;2.3257E+01
-6.2000E+00;2.3262E+01
-6.1990E+00;2.3267E+01
-6.1980E+00;2.3271E+01
-6.1970E+00;2.3276E+01
-6.1960E+00;2.3281E+01
-6.1950E+00;2.3286E+01
-6.1940E+00;2.3290E+01
-6.1930E+00;2.3295E+01
-6.1920E+00;2.3300E+01
-6.1910E+00;2.3305E+01
-6.1900E+00;2.3309E+01
-6.1890E+00;2.3314E+01
-6.1880E+00;2.3319E+01
-6.1870E+00;2.3324E+01
-6.1860E+00;2.3328E+01
-6.1850E+00;2.3333E+01
-6.1840E+00;2.3338E+01
-6.1830E+00;2.3343E+01
-6.1820E+00;2.3347E+01
-6.1810E+00;2.3352E+01
-6.1800E+00;2.3357E+01
-6.1790E+00;2.3362E+01
-6.1780E+00;2.3366E+01
-6.1770E+00;2.3371E+01
-6.1760E+00;2.3376E+01
-6.1750E+00;2.3381E+01
-6.1740E+00;2.3385E+01
-6.1730E+00;2.3390E+01
-6.1720E+00;2.3395E+01
-6.1710E+00;2.3400E+01
-6.1700E+00;2.3404E+01
-6.1690E+00;2.3409E+01
-6.1680E+00;2.3414E+01
-6.1670E+00;2.3419E+01
-6.1660E+00;2.3424E+01
-6.1650E+00;2.3428E+01
-6.1640E+00;2.3433E+01
-6.1630E+00;2.3438E+01
-6.1620E+00;2.3443E+01
-6.1610E+00;2.3447E+01
-6.1600E+00;2.3452E+01
-6.1590E+00;2.3457E+01
-6.1580E+00;2.3462E+01
-6.1570E+00;2.3466E+01
-6.1560E+00;2.3471E+01
-6.1550E+00;2.3476E+01
-6.1540E+00;2.3481E+01
-6.1530E+00;2.3485E+01
-6.1520E+00;2.3490E+01
-6.1510E+00;2.3495E+01
-6.1500E+00;2.3500E+01
-6.1490E+00;2.3504E+01
-6.1480E+00;2.3509E+01
-6.1470E+00;2.3514E+01
-6.1460E+00;2.3519E+01
-6.1450E+00;2.3523E+01
-6.1440E+00;2.3528E+01
-6.1430E+00;2.3533E+01
-6.1420E+00;2.3538E+01
-6.1410E+00;2.3542E+01
-6.1400E+00;2.3547E+01
-6.1390E+00;2.3552E+01
-6.1380E+00;2.3557E+01
-6.1370E+00;2.3562E+01
-6.1360E+00;2.3566E+01
-6.1350E+00;2.3571E+01
-6.1340E+00;2.3576E+01
-6.1330E+00;2.3581E+01
-6.1320E+00;2.3585E+01
-6.1310E+00;2.3590E+01
-6.1300E+00;2.3595E+01
-6.1290E+00;2.3600E+01
-6.1280E+00;2.3604E+01
-6.1270E+00;2.3609E+01
-6.1260E+00;2.3614E+01
-6.1250E+00;2.3619E+01
-6.1240E+00;2.3623E+01
-6.1230E+00;2.3628E+01
-6.1220E+00;2.3633E+01
-6.1210E+00;2.3638E+01
-6.1200E+00;2.3642E+01
-6.1190E+00;2.3647E+01
-6.1180E+00;2.3652E+01
-6.1170E+00;2.3657E+01
-6.1160E+00;2.3661E+01
-6.1150E+00;2.3666E+01
-6.1140E+00;2.3671E+01
-6.1130E+00;2.3676E+01
-6.1120E+00;2.3681E+01
-6.1110E+00;2.3685E+01
-6.1100E+00;2.3690E+01
-6.1090E+00;2.3695E+01
-6.1080E+00;2.3700E+01
-6.1070E+00;2.3704E+01
-6.1060E+00;2.3709E+01
-6.1050E+00;2.3714E+01
-6.1040E+00;2.3719E+01
-6.1030E+00;2.3723E+01
-6.1020E+00;2.3728E+01
-6.1010E+00;2.3733E+01
-6.1000E+00;2.3738E+01
-6.0990E+00;2.3742E+01
-6.0980E+00;2.3747E+01
-6.0970E+00;2.3752E+01
-6.0960E+00;2.3757E+01
-6.0950E+00;2.3762E+01
-6.0940E+00;2.3766E+01
-6.0930E+00;2.3771E+01
-6.0920E+00;2.3776E+01
-6.0910E+00;2.3781E+01
-6.0900E+00;2.3785E+01
-6.0890E+00;2.3790E+01
-6.0880E+00;2.3795E+01
-6.0870E+00;2.3800E+01
-6.0860E+00;2.3804E+01
-6.0850E+00;2.3809E+01
-6.0840E+00;2.3814E+01
-6.0830E+00;2.3819E+01
-6.0820E+00;2.3823E+01
-6.0810E+00;2.3828E+01
-6.0800E+00;2.3833E+01
-6.0790E+00;2.3838E+01
-6.0780E+00;2.3843E+01
-6.0770E+00;2.3847E+01
-6.0760E+00;2.3852E+01
-6.0750E+00;2.3857E+01
-6.0740E+00;2.3862E+01
-6.0730E+00;2.3866E+01
-6.0720E+00;2.3871E+01
-6.0710E+00;2.3876E+01
-6.0700E+00;2.3881E+01
-6.0690E+00;2.3885E+01
-6.0680E+00;2.3890E+01
-6.0670E+00;2.3895E+01
-6.0660E+00;2.3900E+01
-6.0650E+00;2.3905E+01
-6.0640E+00;2.3909E+01
-6.0630E+00;2.3914E+01
-6.0620E+00;2.3919E+01
-6.0610E+00;2.3924E+01
-6.0600E+00;2.3928E+01
-6.0590E+00;2.3933E+01
-6.0580E+00;2.3938E+01
-6.0570E+00;2.3943E+01
-6.0560E+00;2.3947E+01
-6.0550E+00;2.3952E+01
-6.0540E+00;2.3957E+01
-6.0530E+00;2.3962E+01
-6.0520E+00;2.3967E+01
-6.0510E+00;2.3971E+01
-6.0500E+00;2.3976E+01
-6.0490E+00;2.3981E+01
-6.0480E+00;2.3986E+01
-6.0470E+00;2.3990E+01
-6.0460E+00;2.3995E+01
-6.0450E+00;2.4000E+01
-6.0440E+00;2.4005E+01
-6.0430E+00;2.4009E+01
-6.0420E+00;2.4014E+01
-6.0410E+00;2.4019E+01
-6.0400E+00;2.4024E+01
-6.0390E+00;2.4029E+01
-6.0380E+00;2.4033E+01
-6.0370E+00;2.4038E+01
-6.0360E+00;2.4043E+01
-6.0350E+00;2.4048E+01
-6.0340E+00;2.4052E+01
-6.0330E+00;2.4057E+01
-6.0320E+00;2.4062E+01
-6.0310E+00;2.4067E+01
-6.0300E+00;2.4071E+01
-6.0290E+00;2.4076E+01
-6.0280E+00;2.4081E+01
-6.0270E+00;2.4086E+01
-6.0260E+00;2.4091E+01
-6.0250E+00;2.4095E+01
-6.0240E+00;2.4100E+01
-6.0230E+00;2.4105E+01
-6.0220E+00;2.4110E+01
-6.0210E+00;2.4114E+01
-6.0200E+00;2.4119E+01
-6.0190E+00;2.4124E+01
-6.0180E+00;2.4129E+01
-6.0170E+00;2.4133E+01
-6.0160E+00;2.4138E+01
-6.0150E+00;2.4143E+01
-6.0140E+00;2.4148E+01
-6.0130E+00;2.4153E+01
-6.0120E+00;2.4157E+01
-6.0110E+00;2.4162E+01
-6.0100E+00;2.4167E+01
-6.0090E+00;2.4172E+01
-6.0080E+00;2.4176E+01
-6.0070E+00;2.4181E+01
-6.0060E+00;2.4186E+01
-6.0050E+00;2.4191E+01
-6.0040E+00;2.4196E+01
-6.0030E+00;2.4200E+01
-6.0020E+00;2.4205E+01
-6.0010E+00;2.4210E+01
-6.0000E+00;2.4215E+01
-5.9990E+00;2.4219E+01
-5.9980E+00;2.4224E+01
-5.9970E+00;2.4229E+01
-5.9960E+00;2.4234E+01
-5.9950E+00;2.4239E+01
-5.9940E+00;2.4243E+01
-5.9930E+00;2.4248E+01
-5.9920E+00;2.4253E+01
-5.9910E+00;2.4258E+01
-5.9900E+00;2.4262E+01
-5.9890E+00;2.4267E+01
-5.9880E+00;2.4272E+01
-5.9870E+00;2.4277E+01
-5.9860E+00;2.4281E+01
-5.9850E+00;2.4286E+01
-5.9840E+00;2.4291E+01
-5.9830E+00;2.4296E+01
-5.9820E+00;2.4301E+01
-5.9810E+00;2.4305E+01
-5.9800E+00;2.4310E+01
-5.9790E+00;2.4315E+01
-5.9780E+00;2.4320E+01
-5.9770E+00;2.4324E+01
-5.9760E+00;2.4329E+01
-5.9750E+00;2.4334E+01
-5.9740E+00;2.4339E+01
-5.9730E+00;2.4344E+01
-5.9720E+00;2.4348E+01
-5.9710E+00;2.4353E+01
-5.9700E+00;2.4358E+01
-5.9690E+00;2.4363E+01
-5.9680E+00;2.4367E+01
-5.9670E+00;2.4372E+01
-5.9660E+00;2.4377E+01
-5.9650E+00;2.4382E+01
-5.9640E+00;2.4387E+01
-5.9630E+00;2.4391E+01
-5.9620E+00;2.4396E+01
-5.9610E+00;2.4401E+01
-5.9600E+00;2.4406E+01
-5.9590E+00;2.4410E+01
-5.9580E+00;2.4415E+01
-5.9570E+00;2.4420E+01
-5.9560E+00;2.4425E+01
-5.9550E+00;2.4430E+01
-5.9540E+00;2.4434E+01
-5.9530E+00;2.4439E+01
-5.9520E+00;2.4444E+01
-5.9510E+00;2.4449E+01
-5.9500E+00;2.4453E+01
-5.9490E+00;2.4458E+01
-5.9480E+00;2.4463E+01
-5.9470E+00;2.4468E+01
-5.9460E+00;2.4473E+01
-5.9450E+00;2.4477E+01
-5.9440E+00;2.4482E+01
-5.9430E+00;2.4487E+01
-5.9420E+00;2.4492E+01
-5.9410E+00;2.4496E+01
-5.9400E+00;2.4501E+01
-5.9390E+00;2.4506E+01
-5.9380E+00;2.4511E+01
-5.9370E+00;2.4516E+01
-5.9360E+00;2.4520E+01
-5.9350E+00;2.4525E+01
-5.9340E+00;2.4530E+01
-5.9330E+00;2.4535E+01
-5.9320E+00;2.4540E+01
-5.9310E+00;2.4544E+01
-5.9300E+00;2.4549E+01
-5.9290E+00;2.4554E+01
-5.9280E+00;2.4564E+01
-5.9270E+00;2.4573E+01
-5.9260E+00;2.4583E+01
-5.9250E+00;2.4593E+01
-5.9240E+00;2.4603E+01
-5.9230E+00;2.4613E+01
-5.9220E+00;2.4622E+01
-5.9210E+00;2.4632E+01
-5.9200E+00;2.4642E+01
-5.9190E+00;2.4652E+01
-5.9180E+00;2.4662E+01
-5.9170E+00;2.4671E+01
-5.9160E+00;2.4681E+01
-5.9150E+00;2.4691E+01
-5.9140E+00;2.4701E+01
-5.9130E+00;2.4711E+01
-5.9120E+00;2.4720E+01
-5.9110E+00;2.4730E+01
-5.9100E+00;2.4740E+01
-5.9090E+00;2.4750E+01
-5.9080E+00;2.4760E+01
-5.9070E+00;2.4769E+01
-5.9060E+00;2.4779E+01
-5.9050E+00;2.4789E+01
-5.9040E+00;2.4799E+01
-5.9030E+00;2.4809E+01
-5.9020E+00;2.4818E+01
-5.9010E+00;2.4828E+01
-5.9000E+00;2.4838E+01
-5.8990E+00;2.4848E+01
-5.8980E+00;2.4858E+01
-5.8970E+00;2.4867E+01
-5.8960E+00;2.4877E+01
-5.8950E+00;2.4887E+01
-5.8940E+00;2.4897E+01
-5.8930E+00;2.4907E+01
-5.8920E+00;2.4916E+01
-5.8910E+00;2.4926E+01
-5.8900E+00;2.4936E+01
-5.8890E+00;2.4946E+01
-5.8880E+00;2.4956E+01
-5.8870E+00;2.4965E+01
-5.8860E+00;2.4975E+01
-5.8850E+00;2.4985E+01
-5.8840E+00;2.4995E+01
-5.8830E+00;2.5005E+01
-5.8820E+00;2.5014E+01
-5.8810E+00;2.5024E+01
-5.8800E+00;2.5034E+01
-5.8790E+00;2.5044E+01
-5.8780E+00;2.5054E+01
-5.8770E+00;2.5063E+01
-5.8760E+00;2.5073E+01
-5.8750E+00;2.5083E+01
-5.8740E+00;2.5093E+01
-5.8730E+00;2.5103E+01
-5.8720E+00;2.5112E+01
-5.8710E+00;2.5122E+01
-5.8700E+00;2.5132E+01
-5.8690E+00;2.5142E+01
-5.8680E+00;2.5152E+01
-5.8670E+00;2.5161E+01
-5.8660E+00;2.5171E+01
-5.8650E+00;2.5181E+01
-5.8640E+00;2.5191E+01
-5.8630E+00;2.5201E+01
-5.8620E+00;2.5210E+01
-5.8610E+00;2.5220E+01
-5.8600E+00;2.5230E+01
-5.8590E+00;2.5240E+01
-5.8580E+00;2.5250E+01
-5.8570E+00;2.5259E+01
-5.8560E+00;2.5269E+01
-5.8550E+00;2.5279E+01
-5.8540E+00;2.5289E+01
-5.8530E+00;2.5299E+01
-5.8520E+00;2.5308E+01
-5.8510E+00;2.5318E+01
-5.8500E+00;2.5328E+01
-5.8490E+00;2.5338E+01
-5.8480E+00;2.5348E+01
-5.8470E+00;2.5357E+01
-5.8460E+00;2.5367E+01
-5.8450E+00;2.5377E+01
-5.8440E+00;2.5387E+01
-5.8430E+00;2.5397E+01
-5.8420E+00;2.5406E+01
-5.8410E+00;2.5416E+01
-5.8400E+00;2.5426E+01
-5.8390E+00;2.5436E+01
-5.8380E+00;2.5446E+01
-5.8370E+00;2.5455E+01
-5.8360E+00;2.5465E+01
-5.8350E+00;2.5475E+01
-5.8340E+00;2.5485E+01
-5.8330E+00;2.5495E+01
-5.8320E+00;2.5504E+01
-5.8310E+00;2.5514E+01
-5.8300E+00;2.5524E+01
-5.8290E+00;2.5534E+01
-5.8280E+00;2.5544E+01
-5.8270E+00;2.5553E+01
-5.8260E+00;2.5563E+01
-5.8250E+00;2.5573E+01
-5.8240E+00;2.5583E+01
-5.8230E+00;2.5593E+01
-5.8220E+00;2.5602E+01
-5.8210E+00;2.5612E+01
-5.8200E+00;2.5622E+01
-5.8190E+00;2.5632E+01
-5.8180E+00;2.5642E+01
-5.8170E+00;2.5652E+01
-5.8160E+00;2.5661E+01
-5.8150E+00;2.5671E+01
-5.8140E+00;2.5681E+01
-5.8130E+00;2.5691E+01
-5.8120E+00;2.5701E+01
-5.8110E+00;2.5710E+01
-5.8100E+00;2.5720E+01
-5.8090E+00;2.5730E+01
-5.8080E+00;2.5740E+01
-5.8070E+00;2.5750E+01
-5.8060E+00;2.5759E+01
-5.8050E+00;2.5769E+01
-5.8040E+00;2.5779E+01
-5.8030E+00;2.5789E+01
-5.8020E+00;2.5799E+01
-5.8010E+00;2.5808E+01
-5.8000E+00;2.5818E+01
-5.7990E+00;2.5828E+01
-5.7980E+00;2.5838E+01
-5.7970E+00;2.5848E+01
-5.7960E+00;2.5857E+01
-5.7950E+00;2.5867E+01
-5.7940E+00;2.5877E+01
-5.7930E+00;2.5887E+01
-5.7920E+00;2.5897E+01
-5.7910E+00;2.5906E+01
-5.7900E+00;2.5916E+01
-5.7890E+00;2.5926E+01
-5.7880E+00;2.5936E+01
-5.7870E+00;2.5946E+01
-5.7860E+00;2.5955E+01
-5.7850E+00;2.5965E+01
-5.7840E+00;2.5975E+01
-5.7830E+00;2.5985E+01
-5.7820E+00;2.5995E+01
-5.7810E+00;2.6004E+01
-5.7800E+00;2.6014E+01
-5.7790E+00;2.6024E+01
-5.7780E+00;2.6034E+01
-5.7770E+00;2.6044E+01
-5.7760E+00;2.6053E+01
-5.7750E+00;2.6063E+01
-5.7740E+00;2.6073E+01
-5.7730E+00;2.6083E+01
-5.7720E+00;2.6093E+01
-5.7710E+00;2.6102E+01
-5.7700E+00;2.6112E+01
-5.7690E+00;2.6122E+01
-5.7680E+00;2.6132E+01
-5.7670E+00;2.6142E+01
-5.7660E+00;2.6151E+01
-5.7650E+00;2.6161E+01
-5.7640E+00;2.6171E+01
-5.7630E+00;2.6181E+01
-5.7620E+00;2.6191E+01
-5.7610E+00;2.6200E+01
-5.7600E+00;2.6210E+01
-5.7590E+00;2.6220E+01
-5.7580E+00;2.6230E+01
-5.7570E+00;2.6240E+01
-5.7560E+00;2.6249E+01
-5.7550E+00;2.6259E+01
-5.7540E+00;2.6269E+01
-5.7530E+00;2.6279E+01
-5.7520E+00;2.6289E+01
-5.7510E+00;2.6298E+01
-5.7500E+00;2.6308E+01
-5.7490E+00;2.6318E+01
-5.7480E+00;2.6328E+01
-5.7470E+00;2.6338E+01
-5.7460E+00;2.6347E+01
-5.7450E+00;2.6357E+01
-5.7440E+00;2.6367E+01
-5.7430E+00;2.6377E+01
-5.7420E+00;2.6387E+01
-5.7410E+00;2.6396E+01
-5.7400E+00;2.6406E+01
-5.7390E+00;2.6416E+01
-5.7380E+00;2.6426E+01
-5.7370E+00;2.6436E+01
-5.7360E+00;2.6445E+01
-5.7350E+00;2.6455E+01
-5.7340E+00;2.6465E+01
-5.7330E+00;2.6475E+01
-5.7320E+00;2.6485E+01
-5.7310E+00;2.6495E+01
-5.7300E+00;2.6504E+01
-5.7290E+00;2.6514E+01
-5.7280E+00;2.6524E+01
-5.7270E+00;2.6534E+01
-5.7260E+00;2.6544E+01
-5.7250E+00;2.6553E+01
-5.7240E+00;2.6563E+01
-5.7230E+00;2.6573E+01
-5.7220E+00;2.6583E+01
-5.7210E+00;2.6593E+01
-5.7200E+00;2.6602E+01
-5.7190E+00;2.6612E+01
-5.7180E+00;2.6622E+01
-5.7170E+00;2.6632E+01
-5.7160E+00;2.6642E+01
-5.7150E+00;2.6651E+01
-5.7140E+00;2.6661E+01
-5.7130E+00;2.6671E+01
-5.7120E+00;2.6681E+01
-5.7110E+00;2.6691E+01
-5.7100E+00;2.6700E+01
-5.7090E+00;2.6710E+01
-5.7080E+00;2.6720E+01
-5.7070E+00;2.6730E+01
-5.7060E+00;2.6740E+01
-5.7050E+00;2.6749E+01
-5.7040E+00;2.6759E+01
-5.7030E+00;2.6769E+01
-5.7020E+00;2.6779E+01
-5.7010E+00;2.6789E+01
-5.7000E+00;2.6798E+01
-5.6990E+00;2.6808E+01
-5.6980E+00;2.6818E+01
-5.6970E+00;2.6828E+01
-5.6960E+00;2.6838E+01
-5.6950E+00;2.6847E+01
-5.6940E+00;2.6857E+01
-5.6930E+00;2.6867E+01
-5.6920E+00;2.6877E+01
-5.6910E+00;2.6887E+01
-5.6900E+00;2.6896E+01
-5.6890E+00;2.6906E+01
-5.6880E+00;2.6916E+01
-5.6870E+00;2.6926E+01
-5.6860E+00;2.6936E+01
-5.6850E+00;2.6945E+01
-5.6840E+00;2.6955E+01
-5.6830E+00;2.6965E+01
-5.6820E+00;2.6975E+01
-5.6810E+00;2.6985E+01
-5.6800E+00;2.6994E+01
-5.6790E+00;2.7004E+01
-5.6780E+00;2.7014E+01
-5.6770E+00;2.7024E+01
-5.6760E+00;2.7034E+01
-5.6750E+00;2.7043E+01
-5.6740E+00;2.7053E+01
-5.6730E+00;2.7063E+01
-5.6720E+00;2.7073E+01
-5.6710E+00;2.7083E+01
-5.6700E+00;2.7092E+01
-5.6690E+00;2.7102E+01
-5.6680E+00;2.7112E+01
-5.6670E+00;2.7122E+01
-5.6660E+00;2.7132E+01
-5.6650E+00;2.7142E+01
-5.6640E+00;2.7151E+01
-5.6630E+00;2.7161E+01
-5.6620E+00;2.7171E+01
-5.6610E+00;2.7181E+01
-5.6600E+00;2.7191E+01
-5.6590E+00;2.7200E+01
-5.6580E+00;2.7210E+01
-5.6570E+00;2.7220E+01
-5.6560E+00;2.7230E+01
-5.6550E+00;2.7240E+01
-5.6540E+00;2.7249E+01
-5.6530E+00;2.7259E+01
-5.6520E+00;2.7269E+01
-5.6510E+00;2.7279E+01
-5.6500E+00;2.7289E+01
-5.6490E+00;2.7298E+01
-5.6480E+00;2.7308E+01
-5.6470E+00;2.7318E+01
-5.6460E+00;2.7328E+01
-5.6450E+00;2.7338E+01
-5.6440E+00;2.7347E+01
-5.6430E+00;2.7357E+01
-5.6420E+00;2.7367E+01
-5.6410E+00;2.7377E+01
-5.6400E+00;2.7387E+01
-5.6390E+00;2.7396E+01
-5.6380E+00;2.7406E+01
-5.6370E+00;2.7416E+01
-5.6360E+00;2.7426E+01
-5.6350E+00;2.7436E+01
-5.6340E+00;2.7445E+01
-5.6330E+00;2.7455E+01
-5.6320E+00;2.7465E+01
-5.6310E+00;2.7475E+01
-5.6300E+00;2.7485E+01
-5.6290E+00;2.7494E+01
-5.6280E+00;2.7504E+01
-5.6270E+00;2.7514E+01
-5.6260E+00;2.7524E+01
-5.6250E+00;2.7534E+01
-5.6240E+00;2.7543E+01
-5.6230E+00;2.7553E+01
-5.6220E+00;2.7563E+01
-5.6210E+00;2.7573E+01
-5.6200E+00;2.7583E+01
-5.6190E+00;2.7592E+01
-5.6180E+00;2.7602E+01
-5.6170E+00;2.7612E+01
-5.6160E+00;2.7622E+01
-5.6150E+00;2.7632E+01
-5.6140E+00;2.7642E+01
-5.6130E+00;2.7651E+01
-5.6120E+00;2.7661E+01
-5.6110E+00;2.7671E+01
-5.6100E+00;2.7681E+01
-5.6090E+00;2.7691E+01
-5.6080E+00;2.7700E+01
-5.6070E+00;2.7710E+01
-5.6060E+00;2.7720E+01
-5.6050E+00;2.7730E+01
-5.6040E+00;2.7740E+01
-5.6030E+00;2.7749E+01
-5.6020E+00;2.7759E+01
-5.6010E+00;2.7769E+01
-5.6000E+00;2.7779E+01
-5.5990E+00;2.7789E+01
-5.5980E+00;2.7798E+01
-5.5970E+00;2.7808E+01
-5.5960E+00;2.7818E+01
-5.5950E+00;2.7828E+01
-5.5940E+00;2.7838E+01
-5.5930E+00;2.7847E+01
-5.5920E+00;2.7857E+01
-5.5910E+00;2.7867E+01
-5.5900E+00;2.7877E+01
-5.5890E+00;2.7887E+01
-5.5880E+00;2.7896E+01
-5.5870E+00;2.7906E+01
-5.5860E+00;2.7916E+01
-5.5850E+00;2.7926E+01
-5.5840E+00;2.7936E+01
-5.5830E+00;2.7945E+01
-5.5820E+00;2.7955E+01
-5.5810E+00;2.7965E+01
-5.5800E+00;2.7975E+01
-5.5790E+00;2.7985E+01
-5.5780E+00;2.7994E+01
-5.5770E+00;2.8004E+01
-5.5760E+00;2.8014E+01
-5.5750E+00;2.8024E+01
-5.5740E+00;2.8034E+01
-5.5730E+00;2.8043E+01
-5.5720E+00;2.8053E+01
-5.5710E+00;2.8063E+01
-5.5700E+00;2.8073E+01
-5.5690E+00;2.8083E+01
-5.5680E+00;2.8092E+01
-5.5670E+00;2.8102E+01
-5.5660E+00;2.8112E+01
-5.5650E+00;2.8122E+01
-5.5640E+00;2.8132E+01
-5.5630E+00;2.8142E+01
-5.5620E+00;2.8151E+01
-5.5610E+00;2.8161E+01
-5.5600E+00;2.8171E+01
-5.5590E+00;2.8181E+01
-5.5580E+00;2.8191E+01
-5.5570E+00;2.8200E+01
-5.5560E+00;2.8210E+01
-5.5550E+00;2.8220E+01
-5.5540E+00;2.8230E+01
-5.5530E+00;2.8240E+01
-5.5520E+00;2.8249E+01
-5.5510E+00;2.8259E+01
-5.5500E+00;2.8269E+01
-5.5490E+00;2.8279E+01
-5.5480E+00;2.8289E+01
-5.5470E+00;2.8298E+01
-5.5460E+00;2.8308E+01
-5.5450E+00;2.8318E+01
-5.5440E+00;2.8328E+01
-5.5430E+00;2.8338E+01
-5.5420E+00;2.8347E+01
-5.5410E+00;2.8357E+01
-5.5400E+00;2.8367E+01
-5.5390E+00;2.8377E+01
-5.5380E+00;2.8387E+01
-5.5370E+00;2.8396E+01
-5.5360E+00;2.8406E+01
-5.5350E+00;2.8416E+01
-5.5340E+00;2.8426E+01
-5.5330E+00;2.8436E+01
-5.5320E+00;2.8445E+01
-5.5310E+00;2.8455E+01
-5.5300E+00;2.8465E+01
-5.5290E+00;2.8475E+01
-5.5280E+00;2.8485E+01
-5.5270E+00;2.8494E+01
-5.5260E+00;2.8504E+01
-5.5250E+00;2.8514E+01
-5.5240E+00;2.8524E+01
-5.5230E+00;2.8534E+01
-5.5220E+00;2.8543E+01
-5.5210E+00;2.8553E+01
-5.5200E+00;2.8563E+01
-5.5190E+00;2.8573E+01
-5.5180E+00;2.8583E+01
-5.5170E+00;2.8593E+01
-5.5160E+00;2.8602E+01
-5.5150E+00;2.8612E+01
-5.5140E+00;2.8622E+01
-5.5130E+00;2.8632E+01
-5.5120E+00;2.8642E+01
-5.5110E+00;2.8651E+01
-5.5100E+00;2.8661E+01
-5.5090E+00;2.8671E+01
-5.5080E+00;2.8681E+01
-5.5070E+00;2.8691E+01
-5.5060E+00;2.8700E+01
-5.5050E+00;2.8710E+01
-5.5040E+00;2.8720E+01
-5.5030E+00;2.8730E+01
-5.5020E+00;2.8740E+01
-5.5010E+00;2.8749E+01
-5.5000E+00;2.8759E+01
-5.4990E+00;2.8769E+01
-5.4980E+00;2.8779E+01
-5.4970E+00;2.8789E+01
-5.4960E+00;2.8798E+01
-5.4950E+00;2.8808E+01
-5.4940E+00;2.8818E+01
-5.4930E+00;2.8828E+01
-5.4920E+00;2.8838E+01
-5.4910E+00;2.8847E+01
-5.4900E+00;2.8857E+01
-5.4890E+00;2.8867E+01
-5.4880E+00;2.8877E+01
-5.4870E+00;2.8887E+01
-5.4860E+00;2.8896E+01
-5.4850E+00;2.8906E+01
-5.4840E+00;2.8916E+01
-5.4830E+00;2.8926E+01
-5.4820E+00;2.8936E+01
-5.4810E+00;2.8945E+01
-5.4800E+00;2.8955E+01
-5.4790E+00;2.8965E+01
-5.4780E+00;2.8975E+01
-5.4770E+00;2.8985E+01
-5.4760E+00;2.8995E+01
-5.4750E+00;2.9004E+01
-5.4740E+00;2.9014E+01
-5.4730E+00;2.9024E+01
-5.4720E+00;2.9034E+01
-5.4710E+00;2.9044E+01
-5.4700E+00;2.9053E+01
-5.4690E+00;2.9063E+01
-5.4680E+00;2.9073E+01
-5.4670E+00;2.9083E+01
-5.4660E+00;2.9093E+01
-5.4650E+00;2.9102E+01
-5.4640E+00;2.9112E+01
-5.4630E+00;2.9122E+01
-5.4620E+00;2.9132E+01
-5.4610E+00;2.9142E+01
-5.4600E+00;2.9151E+01
-5.4590E+00;2.9161E+01
-5.4580E+00;2.9171E+01
-5.4570E+00;2.9181E+01
-5.4560E+00;2.9191E+01
-5.4550E+00;2.9200E+01
-5.4540E+00;2.9210E+01
-5.4530E+00;2.9220E+01
-5.4520E+00;2.9230E+01
-5.4510E+00;2.9240E+01
-5.4500E+00;2.9249E+01
-5.4490E+00;2.9259E+01
-5.4480E+00;2.9269E+01
-5.4470E+00;2.9279E+01
-5.4460E+00;2.9289E+01
-5.4450E+00;2.9298E+01
-5.4440E+00;2.9308E+01
-5.4430E+00;2.9318E+01
-5.4420E+00;2.9328E+01
-5.4410E+00;2.9338E+01
-5.4400E+00;2.9347E+01
-5.4390E+00;2.9357E+01
-5.4380E+00;2.9367E+01
-5.4370E+00;2.9377E+01
-5.4360E+00;2.9387E+01
-5.4350E+00;2.9397E+01
-5.4340E+00;2.9406E+01
-5.4330E+00;2.9416E+01
-5.4320E+00;2.9426E+01
-5.4310E+00;2.9436E+01
-5.4300E+00;2.9446E+01
-5.4290E+00;2.9455E+01
-5.4280E+00;2.9465E+01
-5.4270E+00;2.9475E+01
-5.4260E+00;2.9485E+01
-5.4250E+00;2.9495E+01
-5.4240E+00;2.9504E+01
-5.4230E+00;2.9514E+01
-5.4220E+00;2.9524E+01
-5.4210E+00;2.9534E+01
-5.4200E+00;2.9544E+01
-5.4190E+00;2.9553E+01
-5.4180E+00;2.9563E+01
-5.4170E+00;2.9573E+01
-5.4160E+00;2.9583E+01
-5.4150E+00;2.9593E+01
-5.4140E+00;2.9602E+01
-5.4130E+00;2.9612E+01
-5.4120E+00;2.9622E+01
-5.4110E+00;2.9632E+01
-5.4100E+00;2.9642E+01
-5.4090E+00;2.9651E+01
-5.4080E+00;2.9661E+01
-5.4070E+00;2.9671E+01
-5.4060E+00;2.9681E+01
-5.4050E+00;2.9691E+01
-5.4040E+00;2.9700E+01
-5.4030E+00;2.9710E+01
-5.4020E+00;2.9720E+01
-5.4010E+00;2.9730E+01
-5.4000E+00;2.9740E+01
-5.3990E+00;2.9749E+01
-5.3980E+00;2.9759E+01
-5.3970E+00;2.9769E+01
-5.3960E+00;2.9779E+01
-5.3950E+00;2.9789E+01
-5.3940E+00;2.9799E+01
-5.3930E+00;2.9808E+01
-5.3920E+00;2.9818E+01
-5.3910E+00;2.9828E+01
-5.3900E+00;2.9838E+01
-5.3890E+00;2.9848E+01
-5.3880E+00;2.9857E+01
-5.3870E+00;2.9867E+01
-5.3860E+00;2.9877E+01
-5.3850E+00;2.9887E+01
-5.3840E+00;2.9897E+01
-5.3830E+00;2.9906E+01
-5.3820E+00;2.9916E+01
-5.3810E+00;2.9926E+01
-5.3800E+00;2.9936E+01
-5.3790E+00;2.9946E+01
-5.3780E+00;2.9955E+01
-5.3770E+00;2.9965E+01
-5.3760E+00;2.9975E+01
-5.3750E+00;2.9985E+01
-5.3740E+00;2.9995E+01
-5.3730E+00;3.0004E+01
-5.3720E+00;3.0014E+01
-5.3710E+00;3.0024E+01
-5.3700E+00;3.0034E+01
-5.3690E+00;3.0044E+01
-5.3680E+00;3.0053E+01
-5.3670E+00;3.0063E+01
-5.3660E+00;3.0073E+01
-5.3650E+00;3.0083E+01
-5.3640E+00;3.0093E+01
-5.3630E+00;3.0102E+01
-5.3620E+00;3.0112E+01
-5.3610E+00;3.0122E+01
-5.3600E+00;3.0132E+01
-5.3590E+00;3.0142E+01
-5.3580E+00;3.0152E+01
-5.3570E+00;3.0161E+01
-5.3560E+00;3.0171E+01
-5.3550E+00;3.0181E+01
-5.3540E+00;3.0191E+01
-5.3530E+00;3.0201E+01
-5.3520E+00;3.0210E+01
-5.3510E+00;3.0220E+01
-5.3500E+00;3.0230E+01
-5.3490E+00;3.0240E+01
-5.3480E+00;3.0250E+01
-5.3470E+00;3.0259E+01
-5.3460E+00;3.0269E+01
-5.3450E+00;3.0279E+01
-5.3440E+00;3.0289E+01
-5.3430E+00;3.0299E+01
-5.3420E+00;3.0308E+01
-5.3410E+00;3.0318E+01
-5.3400E+00;3.0328E+01
-5.3390E+00;3.0338E+01
-5.3380E+00;3.0348E+01
-5.3370E+00;3.0357E+01
-5.3360E+00;3.0367E+01
-5.3350E+00;3.0377E+01
-5.3340E+00;3.0387E+01
-5.3330E+00;3.0397E+01
-5.3320E+00;3.0406E+01
-5.3310E+00;3.0416E+01
-5.3300E+00;3.0426E+01
-5.3290E+00;3.0436E+01
-5.3280E+00;3.0446E+01
-5.3270E+00;3.0456E+01
-5.3260E+00;3.0465E+01
-5.3250E+00;3.0475E+01
-5.3240E+00;3.0485E+01
-5.3230E+00;3.0495E+01
-5.3220E+00;3.0505E+01
-5.3210E+00;3.0514E+01
-5.3200E+00;3.0524E+01
-5.3190E+00;3.0534E+01
-5.3180E+00;3.0544E+01
-5.3170E+00;3.0554E+01
-5.3160E+00;3.0563E+01
-5.3150E+00;3.0573E+01
-5.3140E+00;3.0583E+01
-5.3130E+00;3.0593E+01
-5.3120E+00;3.0603E+01
-5.3110E+00;3.0612E+01
-5.3100E+00;3.0622E+01
-5.3090E+00;3.0632E+01
-5.3080E+00;3.0642E+01
-5.3070E+00;3.0652E+01
-5.3060E+00;3.0661E+01
-5.3050E+00;3.0671E+01
-5.3040E+00;3.0681E+01
-5.3030E+00;3.0691E+01
-5.3020E+00;3.0701E+01
-5.3010E+00;3.0710E+01
-5.3000E+00;3.0720E+01
-5.2990E+00;3.0730E+01
-5.2980E+00;3.0740E+01
-5.2970E+00;3.0750E+01
-5.2960E+00;3.0759E+01
-5.2950E+00;3.0769E+01
-5.2940E+00;3.0779E+01
-5.2930E+00;3.0789E+01
-5.2920E+00;3.0799E+01
-5.2910E+00;3.0809E+01
-5.2900E+00;3.0818E+01
-5.2890E+00;3.0828E+01
-5.2880E+00;3.0838E+01
-5.2870E+00;3.0848E+01
-5.2860E+00;3.0858E+01
-5.2850E+00;3.0867E+01
-5.2840E+00;3.0877E+01
-5.2830E+00;3.0887E+01
-5.2820E+00;3.0897E+01
-5.2810E+00;3.0907E+01
-5.2800E+00;3.0916E+01
-5.2790E+00;3.0926E+01
-5.2780E+00;3.0936E+01
-5.2770E+00;3.0946E+01
-5.2760E+00;3.0956E+01
-5.2750E+00;3.0965E+01
-5.2740E+00;3.0975E+01
-5.2730E+00;3.0985E+01
-5.2720E+00;3.0995E+01
-5.2710E+00;3.1005E+01
-5.2700E+00;3.1014E+01
-5.2690E+00;3.1024E+01
-5.2680E+00;3.1034E+01
-5.2670E+00;3.1044E+01
-5.2660E+00;3.1054E+01
-5.2650E+00;3.1063E+01
-5.2640E+00;3.1073E+01
-5.2630E+00;3.1083E+01
-5.2620E+00;3.1093E+01
-5.2610E+00;3.1103E+01
-5.2600E+00;3.1113E+01
-5.2590E+00;3.1122E+01
-5.2580E+00;3.1132E+01
-5.2570E+00;3.1142E+01
-5.2560E+00;3.1152E+01
-5.2550E+00;3.1162E+01
-5.2540E+00;3.1171E+01
-5.2530E+00;3.1181E+01
-5.2520E+00;3.1191E+01
-5.2510E+00;3.1201E+01
-5.2500E+00;3.1211E+01
-5.2490E+00;3.1220E+01
-5.2480E+00;3.1230E+01
-5.2470E+00;3.1240E+01
-5.2460E+00;3.1250E+01
-5.2450E+00;3.1260E+01
-5.2440E+00;3.1269E+01
-5.2430E+00;3.1279E+01
-5.2420E+00;3.1289E+01
-5.2410E+00;3.1299E+01
-5.2400E+00;3.1309E+01
-5.2390E+00;3.1318E+01
-5.2380E+00;3.1328E+01
-5.2370E+00;3.1338E+01
-5.2360E+00;3.1348E+01
-5.2350E+00;3.1358E+01
-5.2340E+00;3.1367E+01
-5.2330E+00;3.1377E+01
-5.2320E+00;3.1387E+01
-5.2310E+00;3.1397E+01
-5.2300E+00;3.1407E+01
-5.2290E+00;3.1417E+01
-5.2280E+00;3.1426E+01
-5.2270E+00;3.1436E+01
-5.2260E+00;3.1446E+01
-5.2250E+00;3.1456E+01
-5.2240E+00;3.1466E+01
-5.2230E+00;3.1475E+01
-5.2220E+00;3.1485E+01
-5.2210E+00;3.1495E+01
-5.2200E+00;3.1505E+01
-5.2190E+00;3.1515E+01
-5.2180E+00;3.1524E+01
-5.2170E+00;3.1534E+01
-5.2160E+00;3.1544E+01
-5.2150E+00;3.1554E+01
-5.2140E+00;3.1564E+01
-5.2130E+00;3.1573E+01
-5.2120E+00;3.1583E+01
-5.2110E+00;3.1593E+01
-5.2100E+00;3.1603E+01
-5.2090E+00;3.1613E+01
-5.2080E+00;3.1622E+01
-5.2070E+00;3.1632E+01
-5.2060E+00;3.1642E+01
-5.2050E+00;3.1652E+01
-5.2040E+00;3.1662E+01
-5.2030E+00;3.1671E+01
-5.2020E+00;3.1681E+01
-5.2010E+00;3.1691E+01
-5.2000E+00;3.1701E+01
-5.1990E+00;3.1711E+01
-5.1980E+00;3.1721E+01
-5.1970E+00;3.1730E+01
-5.1960E+00;3.1740E+01
-5.1950E+00;3.1750E+01
-5.1940E+00;3.1760E+01
-5.1930E+00;3.1770E+01
-5.1920E+00;3.1779E+01
-5.1910E+00;3.1789E+01
-5.1900E+00;3.1799E+01
-5.1890E+00;3.1809E+01
-5.1880E+00;3.1819E+01
-5.1870E+00;3.1828E+01
-5.1860E+00;3.1838E+01
-5.1850E+00;3.1848E+01
-5.1840E+00;3.1858E+01
-5.1830E+00;3.1868E+01
-5.1820E+00;3.1877E+01
-5.1810E+00;3.1887E+01
-5.1800E+00;3.1897E+01
-5.1790E+00;3.1907E+01
-5.1780E+00;3.1917E+01
-5.1770E+00;3.1926E+01
-5.1760E+00;3.1936E+01
-5.1750E+00;3.1946E+01
-5.1740E+00;3.1956E+01
-5.1730E+00;3.1966E+01
-5.1720E+00;3.1975E+01
-5.1710E+00;3.1985E+01
-5.1700E+00;3.1995E+01
-5.1690E+00;3.2005E+01
-5.1680E+00;3.2015E+01
-5.1670E+00;3.2025E+01
-5.1660E+00;3.2034E+01
-5.1650E+00;3.2044E+01
-5.1640E+00;3.2054E+01
-5.1630E+00;3.2064E+01
-5.1620E+00;3.2074E+01
-5.1610E+00;3.2083E+01
-5.1600E+00;3.2093E+01
-5.1590E+00;3.2103E+01
-5.1580E+00;3.2113E+01
-5.1570E+00;3.2123E+01
-5.1560E+00;3.2132E+01
-5.1550E+00;3.2142E+01
-5.1540E+00;3.2152E+01
-5.1530E+00;3.2162E+01
-5.1520E+00;3.2172E+01
-5.1510E+00;3.2181E+01
-5.1500E+00;3.2191E+01
-5.1490E+00;3.2201E+01
-5.1480E+00;3.2211E+01
-5.1470E+00;3.2221E+01
-5.1460E+00;3.2230E+01
-5.1450E+00;3.2240E+01
-5.1440E+00;3.2250E+01
-5.1430E+00;3.2260E+01
-5.1420E+00;3.2270E+01
-5.1410E+00;3.2280E+01
-5.1400E+00;3.2289E+01
-5.1390E+00;3.2299E+01
-5.1380E+00;3.2309E+01
-5.1370E+00;3.2319E+01
-5.1360E+00;3.2329E+01
-5.1350E+00;3.2338E+01
-5.1340E+00;3.2348E+01
-5.1330E+00;3.2358E+01
-5.1320E+00;3.2368E+01
-5.1310E+00;3.2378E+01
-5.1300E+00;3.2387E+01
-5.1290E+00;3.2397E+01
-5.1280E+00;3.2407E+01
-5.1270E+00;3.2417E+01
-5.1260E+00;3.2427E+01
-5.1250E+00;3.2436E+01
-5.1240E+00;3.2446E+01
-5.1230E+00;3.2456E+01
-5.1220E+00;3.2466E+01
-5.1210E+00;3.2476E+01
-5.1200E+00;3.2485E+01
-5.1190E+00;3.2495E+01
-5.1180E+00;3.2505E+01
-5.1170E+00;3.2515E+01
-5.1160E+00;3.2525E+01
-5.1150E+00;3.2534E+01
-5.1140E+00;3.2544E+01
-5.1130E+00;3.2554E+01
-5.1120E+00;3.2564E+01
-5.1110E+00;3.2574E+01
-5.1100E+00;3.2584E+01
-5.1090E+00;3.2593E+01
-5.1080E+00;3.2603E+01
-5.1070E+00;3.2613E+01
-5.1060E+00;3.2623E+01
-5.1050E+00;3.2633E+01
-5.1040E+00;3.2642E+01
-5.1030E+00;3.2652E+01
-5.1020E+00;3.2662E+01
-5.1010E+00;3.2672E+01
-5.1000E+00;3.2682E+01
-5.0990E+00;3.2691E+01
-5.0980E+00;3.2701E+01
-5.0970E+00;3.2711E+01
-5.0960E+00;3.2721E+01
-5.0950E+00;3.2731E+01
-5.0940E+00;3.2740E+01
-5.0930E+00;3.2750E+01
-5.0920E+00;3.2760E+01
-5.0910E+00;3.2770E+01
-5.0900E+00;3.2780E+01
-5.0890E+00;3.2789E+01
-5.0880E+00;3.2799E+01
-5.0870E+00;3.2809E+01
-5.0860E+00;3.2819E+01
-5.0850E+00;3.2829E+01
-5.0840E+00;3.2839E+01
-5.0830E+00;3.2848E+01
-5.0820E+00;3.2858E+01
-5.0810E+00;3.2868E+01
-5.0800E+00;3.2878E+01
-5.0790E+00;3.2888E+01
-5.0780E+00;3.2897E+01
-5.0770E+00;3.2907E+01
-5.0760E+00;3.2917E+01
-5.0750E+00;3.2927E+01
-5.0740E+00;3.2937E+01
-5.0730E+00;3.2946E+01
-5.0720E+00;3.2956E+01
-5.0710E+00;3.2966E+01
-5.0700E+00;3.2976E+01
-5.0690E+00;3.2986E+01
-5.0680E+00;3.2995E+01
-5.0670E+00;3.3005E+01
-5.0660E+00;3.3015E+01
-5.0650E+00;3.3025E+01
-5.0640E+00;3.3035E+01
-5.0630E+00;3.3044E+01
-5.0620E+00;3.3054E+01
-5.0610E+00;3.3064E+01
-5.0600E+00;3.3074E+01
-5.0590E+00;3.3084E+01
-5.0580E+00;3.3093E+01
-5.0570E+00;3.3103E+01
-5.0560E+00;3.3113E+01
-5.0550E+00;3.3123E+01
-5.0540E+00;3.3133E+01
-5.0530E+00;3.3143E+01
-5.0520E+00;3.3152E+01
-5.0510E+00;3.3162E+01
-5.0500E+00;3.3172E+01
-5.0490E+00;3.3182E+01
-5.0480E+00;3.3192E+01
-5.0470E+00;3.3201E+01
-5.0460E+00;3.3211E+01
-5.0450E+00;3.3221E+01
-5.0440E+00;3.3231E+01
-5.0430E+00;3.3241E+01
-5.0420E+00;3.3250E+01
-5.0410E+00;3.3260E+01
-5.0400E+00;3.3270E+01
-5.0390E+00;3.3280E+01
-5.0380E+00;3.3290E+01
-5.0370E+00;3.3299E+01
-5.0360E+00;3.3309E+01
-5.0350E+00;3.3319E+01
-5.0340E+00;3.3329E+01
-5.0330E+00;3.3339E+01
-5.0320E+00;3.3348E+01
-5.0310E+00;3.3358E+01
-5.0300E+00;3.3368E+01
-5.0290E+00;3.3378E+01
-5.0280E+00;3.3388E+01
-5.0270E+00;3.3398E+01
-5.0260E+00;3.3407E+01
-5.0250E+00;3.3417E+01
-5.0240E+00;3.3427E+01
-5.0230E+00;3.3437E+01
-5.0220E+00;3.3447E+01
-5.0210E+00;3.3456E+01
-5.0200E+00;3.3466E+01
-5.0190E+00;3.3476E+01
-5.0180E+00;3.3486E+01
-5.0170E+00;3.3496E+01
-5.0160E+00;3.3505E+01
-5.0150E+00;3.3515E+01
-5.0140E+00;3.3525E+01
-5.0130E+00;3.3535E+01
-5.0120E+00;3.3545E+01
-5.0110E+00;3.3554E+01
-5.0100E+00;3.3564E+01
-5.0090E+00;3.3574E+01
-5.0080E+00;3.3584E+01
-5.0070E+00;3.3594E+01
-5.0060E+00;3.3603E+01
-5.0050E+00;3.3613E+01
-5.0040E+00;3.3623E+01
-5.0030E+00;3.3633E+01
-5.0020E+00;3.3643E+01
-5.0010E+00;3.3653E+01
-5.0000E+00;3.3662E+01
-4.9990E+00;3.3672E+01
-4.9980E+00;3.3682E+01
-4.9970E+00;3.3692E+01
-4.9960E+00;3.3702E+01
-4.9950E+00;3.3711E+01
-4.9940E+00;3.3721E+01
-4.9930E+00;3.3731E+01
-4.9920E+00;3.3741E+01
-4.9910E+00;3.3751E+01
-4.9900E+00;3.3760E+01
-4.9890E+00;3.3770E+01
-4.9880E+00;3.3780E+01
-4.9870E+00;3.3790E+01
-4.9860E+00;3.3800E+01
-4.9850E+00;3.3809E+01
-4.9840E+00;3.3819E+01
-4.9830E+00;3.3829E+01
-4.9820E+00;3.3839E+01
-4.9810E+00;3.3849E+01
-4.9800E+00;3.3858E+01
-4.9790E+00;3.3868E+01
-4.9780E+00;3.3878E+01
-4.9770E+00;3.3888E+01
-4.9760E+00;3.3898E+01
-4.9750E+00;3.3908E+01
-4.9740E+00;3.3917E+01
-4.9730E+00;3.3927E+01
-4.9720E+00;3.3937E+01
-4.9710E+00;3.3947E+01
-4.9700E+00;3.3957E+01
-4.9690E+00;3.3966E+01
-4.9680E+00;3.3976E+01
-4.9670E+00;3.3986E+01
-4.9660E+00;3.3996E+01
-4.9650E+00;3.4006E+01
-4.9640E+00;3.4015E+01
-4.9630E+00;3.4025E+01
-4.9620E+00;3.4035E+01
-4.9610E+00;3.4045E+01
-4.9600E+00;3.4055E+01
-4.9590E+00;3.4064E+01
-4.9580E+00;3.4074E+01
-4.9570E+00;3.4084E+01
-4.9560E+00;3.4094E+01
-4.9550E+00;3.4104E+01
-4.9540E+00;3.4113E+01
-4.9530E+00;3.4123E+01
-4.9520E+00;3.4133E+01
-4.9510E+00;3.4143E+01
-4.9500E+00;3.4153E+01
-4.9490E+00;3.4163E+01
-4.9480E+00;3.4172E+01
-4.9470E+00;3.4182E+01
-4.9460E+00;3.4192E+01
-4.9450E+00;3.4202E+01
-4.9440E+00;3.4212E+01
-4.9430E+00;3.4221E+01
-4.9420E+00;3.4231E+01
-4.9410E+00;3.4241E+01
-4.9400E+00;3.4251E+01
-4.9390E+00;3.4261E+01
-4.9380E+00;3.4270E+01
-4.9370E+00;3.4280E+01
-4.9360E+00;3.4290E+01
-4.9350E+00;3.4300E+01
-4.9340E+00;3.4310E+01
-4.9330E+00;3.4319E+01
-4.9320E+00;3.4329E+01
-4.9310E+00;3.4339E+01
-4.9300E+00;3.4349E+01
-4.9290E+00;3.4359E+01
-4.9280E+00;3.4368E+01
-4.9270E+00;3.4378E+01
-4.9260E+00;3.4388E+01
-4.9250E+00;3.4398E+01
-4.9240E+00;3.4408E+01
-4.9230E+00;3.4418E+01
-4.9220E+00;3.4427E+01
-4.9210E+00;3.4437E+01
-4.9200E+00;3.4447E+01
-4.9190E+00;3.4457E+01
-4.9180E+00;3.4467E+01
-4.9170E+00;3.4476E+01
-4.9160E+00;3.4486E+01
-4.9150E+00;3.4496E+01
-4.9140E+00;3.4506E+01
-4.9130E+00;3.4516E+01
-4.9120E+00;3.4525E+01
-4.9110E+00;3.4535E+01
-4.9100E+00;3.4545E+01
-4.9090E+00;3.4555E+01
-4.9080E+00;3.4565E+01
-4.9070E+00;3.4574E+01
-4.9060E+00;3.4584E+01
-4.9050E+00;3.4594E+01
-4.9040E+00;3.4604E+01
-4.9030E+00;3.4614E+01
-4.9020E+00;3.4623E+01
-4.9010E+00;3.4633E+01
-4.9000E+00;3.4643E+01
-4.8990E+00;3.4653E+01
-4.8980E+00;3.4663E+01
-4.8970E+00;3.4673E+01
-4.8960E+00;3.4682E+01
-4.8950E+00;3.4692E+01
-4.8940E+00;3.4702E+01
-4.8930E+00;3.4712E+01
-4.8920E+00;3.4722E+01
-4.8910E+00;3.4731E+01
-4.8900E+00;3.4741E+01
-4.8890E+00;3.4751E+01
-4.8880E+00;3.4761E+01
-4.8870E+00;3.4771E+01
-4.8860E+00;3.4780E+01
-4.8850E+00;3.4790E+01
-4.8840E+00;3.4800E+01
-4.8830E+00;3.4810E+01
-4.8820E+00;3.4820E+01
-4.8810E+00;3.4829E+01
-4.8800E+00;3.4839E+01
-4.8790E+00;3.4849E+01
-4.8780E+00;3.4859E+01
-4.8770E+00;3.4869E+01
-4.8760E+00;3.4879E+01
-4.8750E+00;3.4888E+01
-4.8740E+00;3.4898E+01
-4.8730E+00;3.4908E+01
-4.8720E+00;3.4918E+01
-4.8710E+00;3.4928E+01
-4.8700E+00;3.4937E+01
-4.8690E+00;3.4947E+01
-4.8680E+00;3.4957E+01
-4.8670E+00;3.4967E+01
-4.8660E+00;3.4977E+01
-4.8650E+00;3.4986E+01
-4.8640E+00;3.4996E+01
-4.8630E+00;3.5006E+01
-4.8620E+00;3.5016E+01
-4.8610E+00;3.5026E+01
-4.8600E+00;3.5035E+01
-4.8590E+00;3.5045E+01
-4.8580E+00;3.5055E+01
-4.8570E+00;3.5065E+01
-4.8560E+00;3.5075E+01
-4.8550E+00;3.5084E+01
-4.8540E+00;3.5094E+01
-4.8530E+00;3.5104E+01
-4.8520E+00;3.5114E+01
-4.8510E+00;3.5124E+01
-4.8500E+00;3.5134E+01
-4.8490E+00;3.5143E+01
-4.8480E+00;3.5153E+01
-4.8470E+00;3.5163E+01
-4.8460E+00;3.5173E+01
-4.8450E+00;3.5183E+01
-4.8440E+00;3.5192E+01
-4.8430E+00;3.5202E+01
-4.8420E+00;3.5212E+01
-4.8410E+00;3.5222E+01
-4.8400E+00;3.5232E+01
-4.8390E+00;3.5241E+01
-4.8380E+00;3.5251E+01
-4.8370E+00;3.5261E+01
-4.8360E+00;3.5271E+01
-4.8350E+00;3.5281E+01
-4.8340E+00;3.5290E+01
-4.8330E+00;3.5300E+01
-4.8320E+00;3.5310E+01
-4.8310E+00;3.5320E+01
-4.8300E+00;3.5330E+01
-4.8290E+00;3.5339E+01
-4.8280E+00;3.5349E+01
-4.8270E+00;3.5359E+01
-4.8260E+00;3.5369E+01
-4.8250E+00;3.5379E+01
-4.8240E+00;3.5389E+01
-4.8230E+00;3.5398E+01
-4.8220E+00;3.5408E+01
-4.8210E+00;3.5418E+01
-4.8200E+00;3.5428E+01
-4.8190E+00;3.5438E+01
-4.8180E+00;3.5447E+01
-4.8170E+00;3.5457E+01
-4.8160E+00;3.5467E+01
-4.8150E+00;3.5477E+01
-4.8140E+00;3.5487E+01
-4.8130E+00;3.5496E+01
-4.8120E+00;3.5506E+01
-4.8110E+00;3.5516E+01
-4.8100E+00;3.5526E+01
-4.8090E+00;3.5536E+01
-4.8080E+00;3.5545E+01
-4.8070E+00;3.5555E+01
-4.8060E+00;3.5565E+01
-4.8050E+00;3.5575E+01
-4.8040E+00;3.5585E+01
-4.8030E+00;3.5595E+01
-4.8020E+00;3.5604E+01
-4.8010E+00;3.5614E+01
-4.8000E+00;3.5624E+01
-4.7990E+00;3.5634E+01
-4.7980E+00;3.5644E+01
-4.7970E+00;3.5653E+01
-4.7960E+00;3.5663E+01
-4.7950E+00;3.5673E+01
-4.7940E+00;3.5683E+01
-4.7930E+00;3.5693E+01
-4.7920E+00;3.5702E+01
-4.7910E+00;3.5712E+01
-4.7900E+00;3.5722E+01
-4.7890E+00;3.5732E+01
-4.7880E+00;3.5742E+01
-4.7870E+00;3.5751E+01
-4.7860E+00;3.5761E+01
-4.7850E+00;3.5771E+01
-4.7840E+00;3.5781E+01
-4.7830E+00;3.5791E+01
-4.7820E+00;3.5800E+01
-4.7810E+00;3.5810E+01
-4.7800E+00;3.5820E+01
-4.7790E+00;3.5830E+01
-4.7780E+00;3.5840E+01
-4.7770E+00;3.5850E+01
-4.7760E+00;3.5859E+01
-4.7750E+00;3.5869E+01
-4.7740E+00;3.5879E+01
-4.7730E+00;3.5889E+01
-4.7720E+00;3.5899E+01
-4.7710E+00;3.5908E+01
-4.7700E+00;3.5918E+01
-4.7690E+00;3.5928E+01
-4.7680E+00;3.5938E+01
-4.7670E+00;3.5948E+01
-4.7660E+00;3.5957E+01
-4.7650E+00;3.5967E+01
-4.7640E+00;3.5977E+01
-4.7630E+00;3.5987E+01
-4.7620E+00;3.5997E+01
-4.7610E+00;3.6006E+01
-4.7600E+00;3.6016E+01
-4.7590E+00;3.6026E+01
-4.7580E+00;3.6036E+01
-4.7570E+00;3.6044E+01
-4.7560E+00;3.6053E+01
-4.7550E+00;3.6062E+01
-4.7540E+00;3.6071E+01
-4.7530E+00;3.6080E+01
-4.7520E+00;3.6089E+01
-4.7510E+00;3.6098E+01
-4.7500E+00;3.6107E+01
-4.7490E+00;3.6115E+01
-4.7480E+00;3.6124E+01
-4.7470E+00;3.6133E+01
-4.7460E+00;3.6142E+01
-4.7450E+00;3.6151E+01
-4.7440E+00;3.6160E+01
-4.7430E+00;3.6169E+01
-4.7420E+00;3.6178E+01
-4.7410E+00;3.6186E+01
-4.7400E+00;3.6195E+01
-4.7390E+00;3.6204E+01
-4.7380E+00;3.6213E+01
-4.7370E+00;3.6222E+01
-4.7360E+00;3.6231E+01
-4.7350E+00;3.6240E+01
-4.7340E+00;3.6249E+01
-4.7330E+00;3.6258E+01
-4.7320E+00;3.6266E+01
-4.7310E+00;3.6275E+01
-4.7300E+00;3.6284E+01
-4.7290E+00;3.6293E+01
-4.7280E+00;3.6302E+01
-4.7270E+00;3.6311E+01
-4.7260E+00;3.6320E+01
-4.7250E+00;3.6329E+01
-4.7240E+00;3.6338E+01
-4.7230E+00;3.6346E+01
-4.7220E+00;3.6355E+01
-4.7210E+00;3.6364E+01
-4.7200E+00;3.6373E+01
-4.7190E+00;3.6382E+01
-4.7180E+00;3.6391E+01
-4.7170E+00;3.6400E+01
-4.7160E+00;3.6409E+01
-4.7150E+00;3.6418E+01
-4.7140E+00;3.6426E+01
-4.7130E+00;3.6435E+01
-4.7120E+00;3.6444E+01
-4.7110E+00;3.6453E+01
-4.7100E+00;3.6462E+01
-4.7090E+00;3.6471E+01
-4.7080E+00;3.6480E+01
-4.7070E+00;3.6489E+01
-4.7060E+00;3.6498E+01
-4.7050E+00;3.6507E+01
-4.7040E+00;3.6515E+01
-4.7030E+00;3.6524E+01
-4.7020E+00;3.6533E+01
-4.7010E+00;3.6542E+01
-4.7000E+00;3.6551E+01
-4.6990E+00;3.6560E+01
-4.6980E+00;3.6569E+01
-4.6970E+00;3.6578E+01
-4.6960E+00;3.6587E+01
-4.6950E+00;3.6596E+01
-4.6940E+00;3.6604E+01
-4.6930E+00;3.6613E+01
-4.6920E+00;3.6622E+01
-4.6910E+00;3.6631E+01
-4.6900E+00;3.6640E+01
-4.6890E+00;3.6649E+01
-4.6880E+00;3.6658E+01
-4.6870E+00;3.6667E+01
-4.6860E+00;3.6676E+01
-4.6850E+00;3.6685E+01
-4.6840E+00;3.6694E+01
-4.6830E+00;3.6702E+01
-4.6820E+00;3.6711E+01
-4.6810E+00;3.6720E+01
-4.6800E+00;3.6729E+01
-4.6790E+00;3.6738E+01
-4.6780E+00;3.6747E+01
-4.6770E+00;3.6756E+01
-4.6760E+00;3.6765E+01
-4.6750E+00;3.6774E+01
-4.6740E+00;3.6783E+01
-4.6730E+00;3.6792E+01
-4.6720E+00;3.6800E+01
-4.6710E+00;3.6809E+01
-4.6700E+00;3.6818E+01
-4.6690E+00;3.6827E+01
-4.6680E+00;3.6836E+01
-4.6670E+00;3.6845E+01
-4.6660E+00;3.6854E+01
-4.6650E+00;3.6863E+01
-4.6640E+00;3.6872E+01
-4.6630E+00;3.6881E+01
-4.6620E+00;3.6890E+01
-4.6610E+00;3.6899E+01
-4.6600E+00;3.6908E+01
-4.6590E+00;3.6916E+01
-4.6580E+00;3.6925E+01
-4.6570E+00;3.6934E+01
-4.6560E+00;3.6943E+01
-4.6550E+00;3.6952E+01
-4.6540E+00;3.6961E+01
-4.6530E+00;3.6970E+01
-4.6520E+00;3.6979E+01
-4.6510E+00;3.6988E+01
-4.6500E+00;3.6997E+01
-4.6490E+00;3.7006E+01
-4.6480E+00;3.7015E+01
-4.6470E+00;3.7024E+01
-4.6460E+00;3.7032E+01
-4.6450E+00;3.7041E+01
-4.6440E+00;3.7050E+01
-4.6430E+00;3.7059E+01
-4.6420E+00;3.7068E+01
-4.6410E+00;3.7077E+01
-4.6400E+00;3.7086E+01
-4.6390E+00;3.7095E+01
-4.6380E+00;3.7104E+01
-4.6370E+00;3.7113E+01
-4.6360E+00;3.7122E+01
-4.6350E+00;3.7131E+01
-4.6340E+00;3.7140E+01
-4.6330E+00;3.7149E+01
-4.6320E+00;3.7157E+01
-4.6310E+00;3.7166E+01
-4.6300E+00;3.7175E+01
-4.6290E+00;3.7184E+01
-4.6280E+00;3.7193E+01
-4.6270E+00;3.7202E+01
-4.6260E+00;3.7211E+01
-4.6250E+00;3.7220E+01
-4.6240E+00;3.7229E+01
-4.6230E+00;3.7238E+01
-4.6220E+00;3.7247E+01
-4.6210E+00;3.7256E+01
-4.6200E+00;3.7265E+01
-4.6190E+00;3.7274E+01
-4.6180E+00;3.7283E+01
-4.6170E+00;3.7292E+01
-4.6160E+00;3.7300E+01
-4.6150E+00;3.7309E+01
-4.6140E+00;3.7318E+01
-4.6130E+00;3.7327E+01
-4.6120E+00;3.7336E+01
-4.6110E+00;3.7345E+01
-4.6100E+00;3.7354E+01
-4.6090E+00;3.7363E+01
-4.6080E+00;3.7372E+01
-4.6070E+00;3.7381E+01
-4.6060E+00;3.7390E+01
-4.6050E+00;3.7399E+01
-4.6040E+00;3.7408E+01
-4.6030E+00;3.7417E+01
-4.6020E+00;3.7426E+01
-4.6010E+00;3.7435E+01
-4.6000E+00;3.7444E+01
-4.5990E+00;3.7453E+01
-4.5980E+00;3.7461E+01
-4.5970E+00;3.7470E+01
-4.5960E+00;3.7479E+01
-4.5950E+00;3.7488E+01
-4.5940E+00;3.7497E+01
-4.5930E+00;3.7506E+01
-4.5920E+00;3.7515E+01
-4.5910E+00;3.7524E+01
-4.5900E+00;3.7533E+01
-4.5890E+00;3.7542E+01
-4.5880E+00;3.7551E+01
-4.5870E+00;3.7560E+01
-4.5860E+00;3.7569E+01
-4.5850E+00;3.7578E+01
-4.5840E+00;3.7587E+01
-4.5830E+00;3.7596E+01
-4.5820E+00;3.7605E+01
-4.5810E+00;3.7614E+01
-4.5800E+00;3.7623E+01
-4.5790E+00;3.7632E+01
-4.5780E+00;3.7641E+01
-4.5770E+00;3.7650E+01
-4.5760E+00;3.7658E+01
-4.5750E+00;3.7667E+01
-4.5740E+00;3.7676E+01
-4.5730E+00;3.7685E+01
-4.5720E+00;3.7694E+01
-4.5710E+00;3.7703E+01
-4.5700E+00;3.7712E+01
-4.5690E+00;3.7721E+01
-4.5680E+00;3.7730E+01
-4.5670E+00;3.7739E+01
-4.5660E+00;3.7748E+01
-4.5650E+00;3.7757E+01
-4.5640E+00;3.7766E+01
-4.5630E+00;3.7775E+01
-4.5620E+00;3.7784E+01
-4.5610E+00;3.7793E+01
-4.5600E+00;3.7802E+01
-4.5590E+00;3.7811E+01
-4.5580E+00;3.7820E+01
-4.5570E+00;3.7829E+01
-4.5560E+00;3.7838E+01
-4.5550E+00;3.7847E+01
-4.5540E+00;3.7856E+01
-4.5530E+00;3.7865E+01
-4.5520E+00;3.7874E+01
-4.5510E+00;3.7883E+01
-4.5500E+00;3.7892E+01
-4.5490E+00;3.7901E+01
-4.5480E+00;3.7909E+01
-4.5470E+00;3.7918E+01
-4.5460E+00;3.7927E+01
-4.5450E+00;3.7936E+01
-4.5440E+00;3.7945E+01
-4.5430E+00;3.7954E+01
-4.5420E+00;3.7963E+01
-4.5410E+00;3.7972E+01
-4.5400E+00;3.7981E+01
-4.5390E+00;3.7990E+01
-4.5380E+00;3.7999E+01
-4.5370E+00;3.8008E+01
-4.5360E+00;3.8017E+01
-4.5350E+00;3.8026E+01
-4.5340E+00;3.8035E+01
-4.5330E+00;3.8044E+01
-4.5320E+00;3.8053E+01
-4.5310E+00;3.8062E+01
-4.5300E+00;3.8071E+01
-4.5290E+00;3.8080E+01
-4.5280E+00;3.8089E+01
-4.5270E+00;3.8098E+01
-4.5260E+00;3.8107E+01
-4.5250E+00;3.8116E+01
-4.5240E+00;3.8125E+01
-4.5230E+00;3.8134E+01
-4.5220E+00;3.8143E+01
-4.5210E+00;3.8152E+01
-4.5200E+00;3.8161E+01
-4.5190E+00;3.8170E+01
-4.5180E+00;3.8179E+01
-4.5170E+00;3.8188E+01
-4.5160E+00;3.8197E+01
-4.5150E+00;3.8206E+01
-4.5140E+00;3.8215E+01
-4.5130E+00;3.8224E+01
-4.5120E+00;3.8233E+01
-4.5110E+00;3.8242E+01
-4.5100E+00;3.8251E+01
-4.5090E+00;3.8260E+01
-4.5080E+00;3.8269E+01
-4.5070E+00;3.8278E+01
-4.5060E+00;3.8287E+01
-4.5050E+00;3.8296E+01
-4.5040E+00;3.8305E+01
-4.5030E+00;3.8314E+01
-4.5020E+00;3.8323E+01
-4.5010E+00;3.8332E+01
-4.5000E+00;3.8341E+01
-4.4990E+00;3.8350E+01
-4.4980E+00;3.8359E+01
-4.4970E+00;3.8368E+01
-4.4960E+00;3.8377E+01
-4.4950E+00;3.8386E+01
-4.4940E+00;3.8395E+01
-4.4930E+00;3.8404E+01
-4.4920E+00;3.8413E+01
-4.4910E+00;3.8422E+01
-4.4900E+00;3.8431E+01
-4.4890E+00;3.8440E+01
-4.4880E+00;3.8448E+01
-4.4870E+00;3.8457E+01
-4.4860E+00;3.8466E+01
-4.4850E+00;3.8475E+01
-4.4840E+00;3.8484E+01
-4.4830E+00;3.8493E+01
-4.4820E+00;3.8502E+01
-4.4810E+00;3.8511E+01
-4.4800E+00;3.8520E+01
-4.4790E+00;3.8529E+01
-4.4780E+00;3.8538E+01
-4.4770E+00;3.8547E+01
-4.4760E+00;3.8556E+01
-4.4750E+00;3.8565E+01
-4.4740E+00;3.8574E+01
-4.4730E+00;3.8583E+01
-4.4720E+00;3.8592E+01
-4.4710E+00;3.8601E+01
-4.4700E+00;3.8610E+01
-4.4690E+00;3.8619E+01
-4.4680E+00;3.8629E+01
-4.4670E+00;3.8638E+01
-4.4660E+00;3.8647E+01
-4.4650E+00;3.8656E+01
-4.4640E+00;3.8665E+01
-4.4630E+00;3.8674E+01
-4.4620E+00;3.8683E+01
-4.4610E+00;3.8692E+01
-4.4600E+00;3.8701E+01
-4.4590E+00;3.8710E+01
-4.4580E+00;3.8719E+01
-4.4570E+00;3.8728E+01
-4.4560E+00;3.8737E+01
-4.4550E+00;3.8746E+01
-4.4540E+00;3.8755E+01
-4.4530E+00;3.8764E+01
-4.4520E+00;3.8773E+01
-4.4510E+00;3.8782E+01
-4.4500E+00;3.8791E+01
-4.4490E+00;3.8800E+01
-4.4480E+00;3.8809E+01
-4.4470E+00;3.8818E+01
-4.4460E+00;3.8827E+01
-4.4450E+00;3.8836E+01
-4.4440E+00;3.8845E+01
-4.4430E+00;3.8854E+01
-4.4420E+00;3.8863E+01
-4.4410E+00;3.8872E+01
-4.4400E+00;3.8881E+01
-4.4390E+00;3.8890E+01
-4.4380E+00;3.8901E+01
-4.4370E+00;3.8919E+01
-4.4360E+00;3.8937E+01
-4.4350E+00;3.8955E+01
-4.4340E+00;3.8973E+01
-4.4330E+00;3.8991E+01
-4.4320E+00;3.9009E+01
-4.4310E+00;3.9026E+01
-4.4300E+00;3.9044E+01
-4.4290E+00;3.9062E+01
-4.4280E+00;3.9080E+01
-4.4270E+00;3.9098E+01
-4.4260E+00;3.9116E+01
-4.4250E+00;3.9134E+01
-4.4240E+00;3.9152E+01
-4.4230E+00;3.9170E+01
-4.4220E+00;3.9188E+01
-4.4210E+00;3.9205E+01
-4.4200E+00;3.9223E+01
-4.4190E+00;3.9241E+01
-4.4180E+00;3.9259E+01
-4.4170E+00;3.9277E+01
-4.4160E+00;3.9295E+01
-4.4150E+00;3.9313E+01
-4.4140E+00;3.9331E+01
-4.4130E+00;3.9349E+01
-4.4120E+00;3.9366E+01
-4.4110E+00;3.9384E+01
-4.4100E+00;3.9402E+01
-4.4090E+00;3.9420E+01
-4.4080E+00;3.9438E+01
-4.4070E+00;3.9456E+01
-4.4060E+00;3.9474E+01
-4.4050E+00;3.9492E+01
-4.4040E+00;3.9510E+01
-4.4030E+00;3.9527E+01
-4.4020E+00;3.9545E+01
-4.4010E+00;3.9563E+01
-4.4000E+00;3.9581E+01
-4.3990E+00;3.9599E+01
-4.3980E+00;3.9617E+01
-4.3970E+00;3.9635E+01
-4.3960E+00;3.9653E+01
-4.3950E+00;3.9671E+01
-4.3940E+00;3.9689E+01
-4.3930E+00;3.9706E+01
-4.3920E+00;3.9724E+01
-4.3910E+00;3.9742E+01
-4.3900E+00;3.9760E+01
-4.3890E+00;3.9778E+01
-4.3880E+00;3.9796E+01
-4.3870E+00;3.9814E+01
-4.3860E+00;3.9832E+01
-4.3850E+00;3.9850E+01
-4.3840E+00;3.9868E+01
-4.3830E+00;3.9885E+01
-4.3820E+00;3.9903E+01
-4.3810E+00;3.9921E+01
-4.3800E+00;3.9939E+01
-4.3790E+00;3.9957E+01
-4.3780E+00;3.9975E+01
-4.3770E+00;3.9993E+01
-4.3760E+00;4.0011E+01
-4.3750E+00;4.0029E+01
-4.3740E+00;4.0046E+01
-4.3730E+00;4.0064E+01
-4.3720E+00;4.0082E+01
-4.3710E+00;4.0100E+01
-4.3700E+00;4.0118E+01
-4.3690E+00;4.0136E+01
-4.3680E+00;4.0154E+01
-4.3670E+00;4.0172E+01
-4.3660E+00;4.0190E+01
-4.3650E+00;4.0208E+01
-4.3640E+00;4.0225E+01
-4.3630E+00;4.0243E+01
-4.3620E+00;4.0261E+01
-4.3610E+00;4.0279E+01
-4.3600E+00;4.0297E+01
-4.3590E+00;4.0315E+01
-4.3580E+00;4.0333E+01
-4.3570E+00;4.0351E+01
-4.3560E+00;4.0369E+01
-4.3550E+00;4.0387E+01
-4.3540E+00;4.0404E+01
-4.3530E+00;4.0422E+01
-4.3520E+00;4.0440E+01
-4.3510E+00;4.0458E+01
-4.3500E+00;4.0476E+01
-4.3490E+00;4.0494E+01
-4.3480E+00;4.0512E+01
-4.3470E+00;4.0530E+01
-4.3460E+00;4.0548E+01
-4.3450E+00;4.0566E+01
-4.3440E+00;4.0583E+01
-4.3430E+00;4.0601E+01
-4.3420E+00;4.0619E+01
-4.3410E+00;4.0637E+01
-4.3400E+00;4.0655E+01
-4.3390E+00;4.0673E+01
-4.3380E+00;4.0691E+01
-4.3370E+00;4.0709E+01
-4.3360E+00;4.0727E+01
-4.3350E+00;4.0745E+01
-4.3340E+00;4.0762E+01
-4.3330E+00;4.0780E+01
-4.3320E+00;4.0798E+01
-4.3310E+00;4.0816E+01
-4.3300E+00;4.0834E+01
-4.3290E+00;4.0852E+01
-4.3280E+00;4.0870E+01
-4.3270E+00;4.0888E+01
-4.3260E+00;4.0906E+01
-4.3250E+00;4.0924E+01
-4.3240E+00;4.0941E+01
-4.3230E+00;4.0959E+01
-4.3220E+00;4.0977E+01
-4.3210E+00;4.0995E+01
-4.3200E+00;4.1013E+01
-4.3190E+00;4.1031E+01
-4.3180E+00;4.1049E+01
-4.3170E+00;4.1067E+01
-4.3160E+00;4.1085E+01
-4.3150E+00;4.1103E+01
-4.3140E+00;4.1120E+01
-4.3130E+00;4.1138E+01
-4.3120E+00;4.1156E+01
-4.3110E+00;4.1174E+01
-4.3100E+00;4.1192E+01
-4.3090E+00;4.1210E+01
-4.3080E+00;4.1228E+01
-4.3070E+00;4.1246E+01
-4.3060E+00;4.1264E+01
-4.3050E+00;4.1282E+01
-4.3040E+00;4.1300E+01
-4.3030E+00;4.1317E+01
-4.3020E+00;4.1335E+01
-4.3010E+00;4.1353E+01
-4.3000E+00;4.1371E+01
-4.2990E+00;4.1389E+01
-4.2980E+00;4.1407E+01
-4.2970E+00;4.1425E+01
-4.2960E+00;4.1443E+01
-4.2950E+00;4.1461E+01
-4.2940E+00;4.1479E+01
-4.2930E+00;4.1496E+01
-4.2920E+00;4.1514E+01
-4.2910E+00;4.1532E+01
-4.2900E+00;4.1550E+01
-4.2890E+00;4.1568E+01
-4.2880E+00;4.1586E+01
-4.2870E+00;4.1604E+01
-4.2860E+00;4.1622E+01
-4.2850E+00;4.1640E+01
-4.2840E+00;4.1658E+01
-4.2830E+00;4.1676E+01
-4.2820E+00;4.1693E+01
-4.2810E+00;4.1711E+01
-4.2800E+00;4.1729E+01
-4.2790E+00;4.1747E+01
-4.2780E+00;4.1765E+01
-4.2770E+00;4.1783E+01
-4.2760E+00;4.1801E+01
-4.2750E+00;4.1819E+01
-4.2740E+00;4.1837E+01
-4.2730E+00;4.1855E+01
-4.2720E+00;4.1872E+01
-4.2710E+00;4.1890E+01
-4.2700E+00;4.1908E+01
-4.2690E+00;4.1926E+01
-4.2680E+00;4.1944E+01
-4.2670E+00;4.1962E+01
-4.2660E+00;4.1980E+01
-4.2650E+00;4.1998E+01
-4.2640E+00;4.2016E+01
-4.2630E+00;4.2034E+01
-4.2620E+00;4.2052E+01
-4.2610E+00;4.2069E+01
-4.2600E+00;4.2087E+01
-4.2590E+00;4.2105E+01
-4.2580E+00;4.2123E+01
-4.2570E+00;4.2141E+01
-4.2560E+00;4.2159E+01
-4.2550E+00;4.2177E+01
-4.2540E+00;4.2195E+01
-4.2530E+00;4.2213E+01
-4.2520E+00;4.2231E+01
-4.2510E+00;4.2249E+01
-4.2500E+00;4.2266E+01
-4.2490E+00;4.2284E+01
-4.2480E+00;4.2302E+01
-4.2470E+00;4.2320E+01
-4.2460E+00;4.2338E+01
-4.2450E+00;4.2356E+01
-4.2440E+00;4.2374E+01
-4.2430E+00;4.2392E+01
-4.2420E+00;4.2410E+01
-4.2410E+00;4.2428E+01
-4.2400E+00;4.2446E+01
-4.2390E+00;4.2463E+01
-4.2380E+00;4.2481E+01
-4.2370E+00;4.2499E+01
-4.2360E+00;4.2517E+01
-4.2350E+00;4.2535E+01
-4.2340E+00;4.2553E+01
-4.2330E+00;4.2571E+01
-4.2320E+00;4.2589E+01
-4.2310E+00;4.2607E+01
-4.2300E+00;4.2625E+01
-4.2290E+00;4.2643E+01
-4.2280E+00;4.2660E+01
-4.2270E+00;4.2678E+01
-4.2260E+00;4.2696E+01
-4.2250E+00;4.2714E+01
-4.2240E+00;4.2732E+01
-4.2230E+00;4.2750E+01
-4.2220E+00;4.2768E+01
-4.2210E+00;4.2786E+01
-4.2200E+00;4.2804E+01
-4.2190E+00;4.2822E+01
-4.2180E+00;4.2840E+01
-4.2170E+00;4.2857E+01
-4.2160E+00;4.2875E+01
-4.2150E+00;4.2893E+01
-4.2140E+00;4.2911E+01
-4.2130E+00;4.2929E+01
-4.2120E+00;4.2947E+01
-4.2110E+00;4.2965E+01
-4.2100E+00;4.2983E+01
-4.2090E+00;4.3001E+01
-4.2080E+00;4.3019E+01
-4.2070E+00;4.3037E+01
-4.2060E+00;4.3054E+01
-4.2050E+00;4.3072E+01
-4.2040E+00;4.3090E+01
-4.2030E+00;4.3108E+01
-4.2020E+00;4.3126E+01
-4.2010E+00;4.3144E+01
-4.2000E+00;4.3162E+01
-4.1990E+00;4.3180E+01
-4.1980E+00;4.3198E+01
-4.1970E+00;4.3216E+01
-4.1960E+00;4.3234E+01
-4.1950E+00;4.3252E+01
-4.1940E+00;4.3269E+01
-4.1930E+00;4.3287E+01
-4.1920E+00;4.3305E+01
-4.1910E+00;4.3323E+01
-4.1900E+00;4.3341E+01
-4.1890E+00;4.3359E+01
-4.1880E+00;4.3377E+01
-4.1870E+00;4.3395E+01
-4.1860E+00;4.3413E+01
-4.1850E+00;4.3431E+01
-4.1840E+00;4.3449E+01
-4.1830E+00;4.3466E+01
-4.1820E+00;4.3484E+01
-4.1810E+00;4.3502E+01
-4.1800E+00;4.3520E+01
-4.1790E+00;4.3538E+01
-4.1780E+00;4.3556E+01
-4.1770E+00;4.3574E+01
-4.1760E+00;4.3592E+01
-4.1750E+00;4.3610E+01
-4.1740E+00;4.3628E+01
-4.1730E+00;4.3646E+01
-4.1720E+00;4.3664E+01
-4.1710E+00;4.3681E+01
-4.1700E+00;4.3699E+01
-4.1690E+00;4.3717E+01
-4.1680E+00;4.3735E+01
-4.1670E+00;4.3753E+01
-4.1660E+00;4.3771E+01
-4.1650E+00;4.3789E+01
-4.1640E+00;4.3807E+01
-4.1630E+00;4.3825E+01
-4.1620E+00;4.3843E+01
-4.1610E+00;4.3861E+01
-4.1600E+00;4.3879E+01
-4.1590E+00;4.3896E+01
-4.1580E+00;4.3914E+01
-4.1570E+00;4.3932E+01
-4.1560E+00;4.3950E+01
-4.1550E+00;4.3968E+01
-4.1540E+00;4.3986E+01
-4.1530E+00;4.4004E+01
-4.1520E+00;4.4022E+01
-4.1510E+00;4.4040E+01
-4.1500E+00;4.4058E+01
-4.1490E+00;4.4076E+01
-4.1480E+00;4.4094E+01
-4.1470E+00;4.4111E+01
-4.1460E+00;4.4129E+01
-4.1450E+00;4.4147E+01
-4.1440E+00;4.4165E+01
-4.1430E+00;4.4183E+01
-4.1420E+00;4.4201E+01
-4.1410E+00;4.4219E+01
-4.1400E+00;4.4237E+01
-4.1390E+00;4.4255E+01
-4.1380E+00;4.4273E+01
-4.1370E+00;4.4291E+01
-4.1360E+00;4.4309E+01
-4.1350E+00;4.4326E+01
-4.1340E+00;4.4344E+01
-4.1330E+00;4.4362E+01
-4.1320E+00;4.4380E+01
-4.1310E+00;4.4398E+01
-4.1300E+00;4.4416E+01
-4.1290E+00;4.4434E+01
-4.1280E+00;4.4452E+01
-4.1270E+00;4.4470E+01
-4.1260E+00;4.4488E+01
-4.1250E+00;4.4506E+01
-4.1240E+00;4.4524E+01
-4.1230E+00;4.4541E+01
-4.1220E+00;4.4559E+01
-4.1210E+00;4.4577E+01
-4.1200E+00;4.4595E+01
-4.1190E+00;4.4613E+01
-4.1180E+00;4.4631E+01
-4.1170E+00;4.4649E+01
-4.1160E+00;4.4667E+01
-4.1150E+00;4.4685E+01
-4.1140E+00;4.4703E+01
-4.1130E+00;4.4721E+01
-4.1120E+00;4.4739E+01
-4.1110E+00;4.4756E+01
-4.1100E+00;4.4774E+01
-4.1090E+00;4.4792E+01
-4.1080E+00;4.4810E+01
-4.1070E+00;4.4828E+01
-4.1060E+00;4.4846E+01
-4.1050E+00;4.4864E+01
-4.1040E+00;4.4882E+01
-4.1030E+00;4.4900E+01
-4.1020E+00;4.4918E+01
-4.1010E+00;4.4936E+01
-4.1000E+00;4.4954E+01
-4.0990E+00;4.4972E+01
-4.0980E+00;4.4989E+01
-4.0970E+00;4.5007E+01
-4.0960E+00;4.5025E+01
-4.0950E+00;4.5043E+01
-4.0940E+00;4.5061E+01
-4.0930E+00;4.5079E+01
-4.0920E+00;4.5097E+01
-4.0910E+00;4.5115E+01
-4.0900E+00;4.5133E+01
-4.0890E+00;4.5151E+01
-4.0880E+00;4.5169E+01
-4.0870E+00;4.5187E+01
-4.0860E+00;4.5204E+01
-4.0850E+00;4.5222E+01
-4.0840E+00;4.5240E+01
-4.0830E+00;4.5258E+01
-4.0820E+00;4.5276E+01
-4.0810E+00;4.5294E+01
-4.0800E+00;4.5312E+01
-4.0790E+00;4.5330E+01
-4.0780E+00;4.5348E+01
-4.0770E+00;4.5366E+01
-4.0760E+00;4.5384E+01
-4.0750E+00;4.5402E+01
-4.0740E+00;4.5420E+01
-4.0730E+00;4.5437E+01
-4.0720E+00;4.5455E+01
-4.0710E+00;4.5473E+01
-4.0700E+00;4.5491E+01
-4.0690E+00;4.5509E+01
-4.0680E+00;4.5527E+01
-4.0670E+00;4.5545E+01
-4.0660E+00;4.5563E+01
-4.0650E+00;4.5581E+01
-4.0640E+00;4.5599E+01
-4.0630E+00;4.5617E+01
-4.0620E+00;4.5635E+01
-4.0610E+00;4.5653E+01
-4.0600E+00;4.5670E+01
-4.0590E+00;4.5688E+01
-4.0580E+00;4.5706E+01
-4.0570E+00;4.5724E+01
-4.0560E+00;4.5742E+01
-4.0550E+00;4.5760E+01
-4.0540E+00;4.5778E+01
-4.0530E+00;4.5796E+01
-4.0520E+00;4.5814E+01
-4.0510E+00;4.5832E+01
-4.0500E+00;4.5850E+01
-4.0490E+00;4.5868E+01
-4.0480E+00;4.5886E+01
-4.0470E+00;4.5903E+01
-4.0460E+00;4.5921E+01
-4.0450E+00;4.5939E+01
-4.0440E+00;4.5957E+01
-4.0430E+00;4.5975E+01
-4.0420E+00;4.5993E+01
-4.0410E+00;4.6011E+01
-4.0400E+00;4.6029E+01
-4.0390E+00;4.6047E+01
-4.0380E+00;4.6065E+01
-4.0370E+00;4.6083E+01
-4.0360E+00;4.6101E+01
-4.0350E+00;4.6119E+01
-4.0340E+00;4.6136E+01
-4.0330E+00;4.6154E+01
-4.0320E+00;4.6172E+01
-4.0310E+00;4.6190E+01
-4.0300E+00;4.6208E+01
-4.0290E+00;4.6226E+01
-4.0280E+00;4.6244E+01
-4.0270E+00;4.6262E+01
-4.0260E+00;4.6280E+01
-4.0250E+00;4.6298E+01
-4.0240E+00;4.6316E+01
-4.0230E+00;4.6334E+01
-4.0220E+00;4.6352E+01
-4.0210E+00;4.6369E+01
-4.0200E+00;4.6387E+01
-4.0190E+00;4.6405E+01
-4.0180E+00;4.6423E+01
-4.0170E+00;4.6441E+01
-4.0160E+00;4.6459E+01
-4.0150E+00;4.6477E+01
-4.0140E+00;4.6495E+01
-4.0130E+00;4.6513E+01
-4.0120E+00;4.6531E+01
-4.0110E+00;4.6549E+01
-4.0100E+00;4.6567E+01
-4.0090E+00;4.6585E+01
-4.0080E+00;4.6602E+01
-4.0070E+00;4.6620E+01
-4.0060E+00;4.6638E+01
-4.0050E+00;4.6656E+01
-4.0040E+00;4.6674E+01
-4.0030E+00;4.6692E+01
-4.0020E+00;4.6710E+01
-4.0010E+00;4.6728E+01
-4.0000E+00;4.6746E+01
-3.9990E+00;4.6764E+01
-3.9980E+00;4.6782E+01
-3.9970E+00;4.6800E+01
-3.9960E+00;4.6818E+01
-3.9950E+00;4.6836E+01
-3.9940E+00;4.6853E+01
-3.9930E+00;4.6871E+01
-3.9920E+00;4.6889E+01
-3.9910E+00;4.6907E+01
-3.9900E+00;4.6925E+01
-3.9890E+00;4.6943E+01
-3.9880E+00;4.6961E+01
-3.9870E+00;4.6979E+01
-3.9860E+00;4.6997E+01
-3.9850E+00;4.7015E+01
-3.9840E+00;4.7033E+01
-3.9830E+00;4.7051E+01
-3.9820E+00;4.7069E+01
-3.9810E+00;4.7086E+01
-3.9800E+00;4.7104E+01
-3.9790E+00;4.7122E+01
-3.9780E+00;4.7140E+01
-3.9770E+00;4.7158E+01
-3.9760E+00;4.7176E+01
-3.9750E+00;4.7194E+01
-3.9740E+00;4.7212E+01
-3.9730E+00;4.7230E+01
-3.9720E+00;4.7248E+01
-3.9710E+00;4.7266E+01
-3.9700E+00;4.7284E+01
-3.9690E+00;4.7302E+01
-3.9680E+00;4.7320E+01
-3.9670E+00;4.7337E+01
-3.9660E+00;4.7355E+01
-3.9650E+00;4.7373E+01
-3.9640E+00;4.7391E+01
-3.9630E+00;4.7409E+01
-3.9620E+00;4.7427E+01
-3.9610E+00;4.7445E+01
-3.9600E+00;4.7463E+01
-3.9590E+00;4.7481E+01
-3.9580E+00;4.7499E+01
-3.9570E+00;4.7517E+01
-3.9560E+00;4.7535E+01
-3.9550E+00;4.7553E+01
-3.9540E+00;4.7571E+01
-3.9530E+00;4.7588E+01
-3.9520E+00;4.7606E+01
-3.9510E+00;4.7624E+01
-3.9500E+00;4.7642E+01
-3.9490E+00;4.7660E+01
-3.9480E+00;4.7678E+01
-3.9470E+00;4.7696E+01
-3.9460E+00;4.7714E+01
-3.9450E+00;4.7732E+01
-3.9440E+00;4.7750E+01
-3.9430E+00;4.7768E+01
-3.9420E+00;4.7786E+01
-3.9410E+00;4.7804E+01
-3.9400E+00;4.7822E+01
-3.9390E+00;4.7839E+01
-3.9380E+00;4.7857E+01
-3.9370E+00;4.7875E+01
-3.9360E+00;4.7893E+01
-3.9350E+00;4.7911E+01
-3.9340E+00;4.7929E+01
-3.9330E+00;4.7947E+01
-3.9320E+00;4.7965E+01
-3.9310E+00;4.7983E+01
-3.9300E+00;4.8001E+01
-3.9290E+00;4.8019E+01
-3.9280E+00;4.8037E+01
-3.9270E+00;4.8055E+01
-3.9260E+00;4.8073E+01
-3.9250E+00;4.8091E+01
-3.9240E+00;4.8108E+01
-3.9230E+00;4.8126E+01
-3.9220E+00;4.8144E+01
-3.9210E+00;4.8162E+01
-3.9200E+00;4.8180E+01
-3.9190E+00;4.8198E+01
-3.9180E+00;4.8216E+01
-3.9170E+00;4.8234E+01
-3.9160E+00;4.8252E+01
-3.9150E+00;4.8270E+01
-3.9140E+00;4.8288E+01
-3.9130E+00;4.8306E+01
-3.9120E+00;4.8324E+01
-3.9110E+00;4.8342E+01
-3.9100E+00;4.8359E+01
-3.9090E+00;4.8377E+01
-3.9080E+00;4.8395E+01
-3.9070E+00;4.8413E+01
-3.9060E+00;4.8431E+01
-3.9050E+00;4.8449E+01
-3.9040E+00;4.8467E+01
-3.9030E+00;4.8485E+01
-3.9020E+00;4.8503E+01
-3.9010E+00;4.8521E+01
-3.9000E+00;4.8539E+01
-3.8990E+00;4.8557E+01
-3.8980E+00;4.8575E+01
-3.8970E+00;4.8593E+01
-3.8960E+00;4.8611E+01
-3.8950E+00;4.8628E+01
-3.8940E+00;4.8646E+01
-3.8930E+00;4.8664E+01
-3.8920E+00;4.8682E+01
-3.8910E+00;4.8700E+01
-3.8900E+00;4.8718E+01
-3.8890E+00;4.8736E+01
-3.8880E+00;4.8754E+01
-3.8870E+00;4.8772E+01
-3.8860E+00;4.8790E+01
-3.8850E+00;4.8808E+01
-3.8840E+00;4.8826E+01
-3.8830E+00;4.8844E+01
-3.8820E+00;4.8862E+01
-3.8810E+00;4.8880E+01
-3.8800E+00;4.8897E+01
-3.8790E+00;4.8915E+01
-3.8780E+00;4.8933E+01
-3.8770E+00;4.8951E+01
-3.8760E+00;4.8969E+01
-3.8750E+00;4.8987E+01
-3.8740E+00;4.9005E+01
-3.8730E+00;4.9023E+01
-3.8720E+00;4.9041E+01
-3.8710E+00;4.9059E+01
-3.8700E+00;4.9077E+01
-3.8690E+00;4.9095E+01
-3.8680E+00;4.9113E+01
-3.8670E+00;4.9131E+01
-3.8660E+00;4.9149E+01
-3.8650E+00;4.9166E+01
-3.8640E+00;4.9184E+01
-3.8630E+00;4.9202E+01
-3.8620E+00;4.9220E+01
-3.8610E+00;4.9238E+01
-3.8600E+00;4.9256E+01
-3.8590E+00;4.9274E+01
-3.8580E+00;4.9292E+01
-3.8570E+00;4.9310E+01
-3.8560E+00;4.9328E+01
-3.8550E+00;4.9346E+01
-3.8540E+00;4.9364E+01
-3.8530E+00;4.9382E+01
-3.8520E+00;4.9400E+01
-3.8510E+00;4.9418E+01
-3.8500E+00;4.9435E+01
-3.8490E+00;4.9453E+01
-3.8480E+00;4.9471E+01
-3.8470E+00;4.9489E+01
-3.8460E+00;4.9507E+01
-3.8450E+00;4.9525E+01
-3.8440E+00;4.9543E+01
-3.8430E+00;4.9561E+01
-3.8420E+00;4.9579E+01
-3.8410E+00;4.9597E+01
-3.8400E+00;4.9615E+01
-3.8390E+00;4.9633E+01
-3.8380E+00;4.9651E+01
-3.8370E+00;4.9669E+01
-3.8360E+00;4.9687E+01
-3.8350E+00;4.9704E+01
-3.8340E+00;4.9722E+01
-3.8330E+00;4.9740E+01
-3.8320E+00;4.9758E+01
-3.8310E+00;4.9776E+01
-3.8300E+00;4.9794E+01
-3.8290E+00;4.9812E+01
-3.8280E+00;4.9830E+01
-3.8270E+00;4.9848E+01
-3.8260E+00;4.9866E+01
-3.8250E+00;4.9884E+01
-3.8240E+00;4.9902E+01
-3.8230E+00;4.9920E+01
-3.8220E+00;4.9938E+01
-3.8210E+00;4.9956E+01
-3.8200E+00;4.9974E+01
-3.8190E+00;4.9991E+01
-3.8180E+00;5.0009E+01
-3.8170E+00;5.0027E+01
-3.8160E+00;5.0045E+01
-3.8150E+00;5.0063E+01
-3.8140E+00;5.0081E+01
-3.8130E+00;5.0099E+01
-3.8120E+00;5.0117E+01
-3.8110E+00;5.0135E+01
-3.8100E+00;5.0153E+01
-3.8090E+00;5.0171E+01
-3.8080E+00;5.0189E+01
-3.8070E+00;5.0207E+01
-3.8060E+00;5.0225E+01
-3.8050E+00;5.0243E+01
-3.8040E+00;5.0261E+01
-3.8030E+00;5.0278E+01
-3.8020E+00;5.0296E+01
-3.8010E+00;5.0314E+01
-3.8000E+00;5.0332E+01
-3.7990E+00;5.0350E+01
-3.7980E+00;5.0368E+01
-3.7970E+00;5.0386E+01
-3.7960E+00;5.0404E+01
-3.7950E+00;5.0422E+01
-3.7940E+00;5.0440E+01
-3.7930E+00;5.0458E+01
-3.7920E+00;5.0476E+01
-3.7910E+00;5.0494E+01
-3.7900E+00;5.0512E+01
-3.7890E+00;5.0530E+01
-3.7880E+00;5.0548E+01
-3.7870E+00;5.0565E+01
-3.7860E+00;5.0583E+01
-3.7850E+00;5.0601E+01
-3.7840E+00;5.0619E+01
-3.7830E+00;5.0637E+01
-3.7820E+00;5.0655E+01
-3.7810E+00;5.0673E+01
-3.7800E+00;5.0691E+01
-3.7790E+00;5.0709E+01
-3.7780E+00;5.0727E+01
-3.7770E+00;5.0745E+01
-3.7760E+00;5.0763E+01
-3.7750E+00;5.0781E+01
-3.7740E+00;5.0799E+01
-3.7730E+00;5.0817E+01
-3.7720E+00;5.0835E+01
-3.7710E+00;5.0852E+01
-3.7700E+00;5.0870E+01
-3.7690E+00;5.0888E+01
-3.7680E+00;5.0906E+01
-3.7670E+00;5.0924E+01
-3.7660E+00;5.0942E+01
-3.7650E+00;5.0960E+01
-3.7640E+00;5.0978E+01
-3.7630E+00;5.0996E+01
-3.7620E+00;5.1014E+01
-3.7610E+00;5.1032E+01
-3.7600E+00;5.1050E+01
-3.7590E+00;5.1068E+01
-3.7580E+00;5.1086E+01
-3.7570E+00;5.1104E+01
-3.7560E+00;5.1122E+01
-3.7550E+00;5.1139E+01
-3.7540E+00;5.1157E+01
-3.7530E+00;5.1175E+01
-3.7520E+00;5.1193E+01
-3.7510E+00;5.1211E+01
-3.7500E+00;5.1229E+01
-3.7490E+00;5.1247E+01
-3.7480E+00;5.1265E+01
-3.7470E+00;5.1283E+01
-3.7460E+00;5.1301E+01
-3.7450E+00;5.1319E+01
-3.7440E+00;5.1337E+01
-3.7430E+00;5.1355E+01
-3.7420E+00;5.1373E+01
-3.7410E+00;5.1391E+01
-3.7400E+00;5.1409E+01
-3.7390E+00;5.1427E+01
-3.7380E+00;5.1444E+01
-3.7370E+00;5.1462E+01
-3.7360E+00;5.1480E+01
-3.7350E+00;5.1498E+01
-3.7340E+00;5.1516E+01
-3.7330E+00;5.1534E+01
-3.7320E+00;5.1552E+01
-3.7310E+00;5.1570E+01
-3.7300E+00;5.1588E+01
-3.7290E+00;5.1606E+01
-3.7280E+00;5.1624E+01
-3.7270E+00;5.1642E+01
-3.7260E+00;5.1660E+01
-3.7250E+00;5.1678E+01
-3.7240E+00;5.1696E+01
-3.7230E+00;5.1714E+01
-3.7220E+00;5.1732E+01
-3.7210E+00;5.1749E+01
-3.7200E+00;5.1767E+01
-3.7190E+00;5.1785E+01
-3.7180E+00;5.1803E+01
-3.7170E+00;5.1821E+01
-3.7160E+00;5.1839E+01
-3.7150E+00;5.1857E+01
-3.7140E+00;5.1875E+01
-3.7130E+00;5.1893E+01
-3.7120E+00;5.1911E+01
-3.7110E+00;5.1929E+01
-3.7100E+00;5.1947E+01
-3.7090E+00;5.1965E+01
-3.7080E+00;5.1983E+01
-3.7070E+00;5.2001E+01
-3.7060E+00;5.2019E+01
-3.7050E+00;5.2037E+01
-3.7040E+00;5.2054E+01
-3.7030E+00;5.2072E+01
-3.7020E+00;5.2090E+01
-3.7010E+00;5.2108E+01
-3.7000E+00;5.2126E+01
-3.6990E+00;5.2144E+01
-3.6980E+00;5.2162E+01
-3.6970E+00;5.2180E+01
-3.6960E+00;5.2198E+01
-3.6950E+00;5.2216E+01
-3.6940E+00;5.2234E+01
-3.6930E+00;5.2252E+01
-3.6920E+00;5.2270E+01
-3.6910E+00;5.2288E+01
-3.6900E+00;5.2306E+01
-3.6890E+00;5.2324E+01
-3.6880E+00;5.2342E+01
-3.6870E+00;5.2359E+01
-3.6860E+00;5.2377E+01
-3.6850E+00;5.2395E+01
-3.6840E+00;5.2413E+01
-3.6830E+00;5.2431E+01
-3.6820E+00;5.2449E+01
-3.6810E+00;5.2467E+01
-3.6800E+00;5.2485E+01
-3.6790E+00;5.2503E+01
-3.6780E+00;5.2521E+01
-3.6770E+00;5.2539E+01
-3.6760E+00;5.2557E+01
-3.6750E+00;5.2575E+01
-3.6740E+00;5.2593E+01
-3.6730E+00;5.2611E+01
-3.6720E+00;5.2629E+01
-3.6710E+00;5.2647E+01
-3.6700E+00;5.2664E+01
-3.6690E+00;5.2682E+01
-3.6680E+00;5.2700E+01
-3.6670E+00;5.2718E+01
-3.6660E+00;5.2736E+01
-3.6650E+00;5.2754E+01
-3.6640E+00;5.2772E+01
-3.6630E+00;5.2790E+01
-3.6620E+00;5.2808E+01
-3.6610E+00;5.2826E+01
-3.6600E+00;5.2844E+01
-3.6590E+00;5.2862E+01
-3.6580E+00;5.2880E+01
-3.6570E+00;5.2898E+01
-3.6560E+00;5.2916E+01
-3.6550E+00;5.2934E+01
-3.6540E+00;5.2952E+01
-3.6530E+00;5.2970E+01
-3.6520E+00;5.2987E+01
-3.6510E+00;5.3005E+01
-3.6500E+00;5.3023E+01
-3.6490E+00;5.3041E+01
-3.6480E+00;5.3059E+01
-3.6470E+00;5.3077E+01
-3.6460E+00;5.3095E+01
-3.6450E+00;5.3113E+01
-3.6440E+00;5.3131E+01
-3.6430E+00;5.3149E+01
-3.6420E+00;5.3167E+01
-3.6410E+00;5.3185E+01
-3.6400E+00;5.3203E+01
-3.6390E+00;5.3221E+01
-3.6380E+00;5.3239E+01
-3.6370E+00;5.3257E+01
-3.6360E+00;5.3275E+01
-3.6350E+00;5.3293E+01
-3.6340E+00;5.3310E+01
-3.6330E+00;5.3328E+01
-3.6320E+00;5.3346E+01
-3.6310E+00;5.3364E+01
-3.6300E+00;5.3382E+01
-3.6290E+00;5.3400E+01
-3.6280E+00;5.3418E+01
-3.6270E+00;5.3436E+01
-3.6260E+00;5.3454E+01
-3.6250E+00;5.3472E+01
-3.6240E+00;5.3490E+01
-3.6230E+00;5.3508E+01
-3.6220E+00;5.3526E+01
-3.6210E+00;5.3544E+01
-3.6200E+00;5.3562E+01
-3.6190E+00;5.3580E+01
-3.6180E+00;5.3598E+01
-3.6170E+00;5.3616E+01
-3.6160E+00;5.3633E+01
-3.6150E+00;5.3651E+01
-3.6140E+00;5.3669E+01
-3.6130E+00;5.3687E+01
-3.6120E+00;5.3705E+01
-3.6110E+00;5.3723E+01
-3.6100E+00;5.3741E+01
-3.6090E+00;5.3759E+01
-3.6080E+00;5.3777E+01
-3.6070E+00;5.3795E+01
-3.6060E+00;5.3813E+01
-3.6050E+00;5.3831E+01
-3.6040E+00;5.3849E+01
-3.6030E+00;5.3867E+01
-3.6020E+00;5.3885E+01
-3.6010E+00;5.3903E+01
-3.6000E+00;5.3921E+01
-3.5990E+00;5.3939E+01
-3.5980E+00;5.3957E+01
-3.5970E+00;5.3974E+01
-3.5960E+00;5.3992E+01
-3.5950E+00;5.4010E+01
-3.5940E+00;5.4028E+01
-3.5930E+00;5.4046E+01
-3.5920E+00;5.4064E+01
-3.5910E+00;5.4082E+01
-3.5900E+00;5.4100E+01
-3.5890E+00;5.4118E+01
-3.5880E+00;5.4136E+01
-3.5870E+00;5.4154E+01
-3.5860E+00;5.4172E+01
-3.5850E+00;5.4190E+01
-3.5840E+00;5.4208E+01
-3.5830E+00;5.4226E+01
-3.5820E+00;5.4244E+01
-3.5810E+00;5.4262E+01
-3.5800E+00;5.4280E+01
-3.5790E+00;5.4297E+01
-3.5780E+00;5.4315E+01
-3.5770E+00;5.4333E+01
-3.5760E+00;5.4351E+01
-3.5750E+00;5.4369E+01
-3.5740E+00;5.4387E+01
-3.5730E+00;5.4405E+01
-3.5720E+00;5.4423E+01
-3.5710E+00;5.4441E+01
-3.5700E+00;5.4459E+01
-3.5690E+00;5.4477E+01
-3.5680E+00;5.4495E+01
-3.5670E+00;5.4513E+01
-3.5660E+00;5.4531E+01
-3.5650E+00;5.4549E+01
-3.5640E+00;5.4567E+01
-3.5630E+00;5.4585E+01
-3.5620E+00;5.4603E+01
-3.5610E+00;5.4621E+01
-3.5600E+00;5.4638E+01
-3.5590E+00;5.4656E+01
-3.5580E+00;5.4674E+01
-3.5570E+00;5.4692E+01
-3.5560E+00;5.4710E+01
-3.5550E+00;5.4728E+01
-3.5540E+00;5.4746E+01
-3.5530E+00;5.4764E+01
-3.5520E+00;5.4782E+01
-3.5510E+00;5.4800E+01
-3.5500E+00;5.4818E+01
-3.5490E+00;5.4836E+01
-3.5480E+00;5.4854E+01
-3.5470E+00;5.4872E+01
-3.5460E+00;5.4890E+01
-3.5450E+00;5.4908E+01
-3.5440E+00;5.4926E+01
-3.5430E+00;5.4944E+01
-3.5420E+00;5.4962E+01
-3.5410E+00;5.4979E+01
-3.5400E+00;5.4997E+01
-3.5390E+00;5.5015E+01
-3.5380E+00;5.5033E+01
-3.5370E+00;5.5051E+01
-3.5360E+00;5.5069E+01
-3.5350E+00;5.5087E+01
-3.5340E+00;5.5105E+01
-3.5330E+00;5.5123E+01
-3.5320E+00;5.5141E+01
-3.5310E+00;5.5159E+01
-3.5300E+00;5.5177E+01
-3.5290E+00;5.5195E+01
-3.5280E+00;5.5213E+01
-3.5270E+00;5.5231E+01
-3.5260E+00;5.5249E+01
-3.5250E+00;5.5267E+01
-3.5240E+00;5.5285E+01
-3.5230E+00;5.5303E+01
-3.5220E+00;5.5321E+01
-3.5210E+00;5.5338E+01
-3.5200E+00;5.5356E+01
-3.5190E+00;5.5374E+01
-3.5180E+00;5.5392E+01
-3.5170E+00;5.5410E+01
-3.5160E+00;5.5428E+01
-3.5150E+00;5.5446E+01
-3.5140E+00;5.5464E+01
-3.5130E+00;5.5482E+01
-3.5120E+00;5.5500E+01
-3.5110E+00;5.5518E+01
-3.5100E+00;5.5536E+01
-3.5090E+00;5.5554E+01
-3.5080E+00;5.5572E+01
-3.5070E+00;5.5590E+01
-3.5060E+00;5.5608E+01
-3.5050E+00;5.5626E+01
-3.5040E+00;5.5644E+01
-3.5030E+00;5.5662E+01
-3.5020E+00;5.5679E+01
-3.5010E+00;5.5697E+01
-3.5000E+00;5.5715E+01
-3.4990E+00;5.5733E+01
-3.4980E+00;5.5751E+01
-3.4970E+00;5.5769E+01
-3.4960E+00;5.5787E+01
-3.4950E+00;5.5805E+01
-3.4940E+00;5.5823E+01
-3.4930E+00;5.5841E+01
-3.4920E+00;5.5859E+01
-3.4910E+00;5.5877E+01
-3.4900E+00;5.5895E+01
-3.4890E+00;5.5913E+01
-3.4880E+00;5.5931E+01
-3.4870E+00;5.5949E+01
-3.4860E+00;5.5967E+01
-3.4850E+00;5.5985E+01
-3.4840E+00;5.6003E+01
-3.4830E+00;5.6021E+01
-3.4820E+00;5.6038E+01
-3.4810E+00;5.6056E+01
-3.4800E+00;5.6074E+01
-3.4790E+00;5.6092E+01
-3.4780E+00;5.6110E+01
-3.4770E+00;5.6128E+01
-3.4760E+00;5.6146E+01
-3.4750E+00;5.6164E+01
-3.4740E+00;5.6182E+01
-3.4730E+00;5.6200E+01
-3.4720E+00;5.6218E+01
-3.4710E+00;5.6236E+01
-3.4700E+00;5.6254E+01
-3.4690E+00;5.6272E+01
-3.4680E+00;5.6290E+01
-3.4670E+00;5.6308E+01
-3.4660E+00;5.6326E+01
-3.4650E+00;5.6344E+01
-3.4640E+00;5.6362E+01
-3.4630E+00;5.6380E+01
-3.4620E+00;5.6398E+01
-3.4610E+00;5.6415E+01
-3.4600E+00;5.6433E+01
-3.4590E+00;5.6451E+01
-3.4580E+00;5.6469E+01
-3.4570E+00;5.6487E+01
-3.4560E+00;5.6505E+01
-3.4550E+00;5.6523E+01
-3.4540E+00;5.6541E+01
-3.4530E+00;5.6559E+01
-3.4520E+00;5.6577E+01
-3.4510E+00;5.6595E+01
-3.4500E+00;5.6614E+01
-3.4490E+00;5.6634E+01
-3.4480E+00;5.6653E+01
-3.4470E+00;5.6673E+01
-3.4460E+00;5.6692E+01
-3.4450E+00;5.6712E+01
-3.4440E+00;5.6732E+01
-3.4430E+00;5.6751E+01
-3.4420E+00;5.6771E+01
-3.4410E+00;5.6791E+01
-3.4400E+00;5.6810E+01
-3.4390E+00;5.6830E+01
-3.4380E+00;5.6850E+01
-3.4370E+00;5.6869E+01
-3.4360E+00;5.6889E+01
-3.4350E+00;5.6908E+01
-3.4340E+00;5.6928E+01
-3.4330E+00;5.6948E+01
-3.4320E+00;5.6967E+01
-3.4310E+00;5.6987E+01
-3.4300E+00;5.7007E+01
-3.4290E+00;5.7026E+01
-3.4280E+00;5.7046E+01
-3.4270E+00;5.7066E+01
-3.4260E+00;5.7085E+01
-3.4250E+00;5.7105E+01
-3.4240E+00;5.7125E+01
-3.4230E+00;5.7144E+01
-3.4220E+00;5.7164E+01
-3.4210E+00;5.7184E+01
-3.4200E+00;5.7203E+01
-3.4190E+00;5.7223E+01
-3.4180E+00;5.7243E+01
-3.4170E+00;5.7262E+01
-3.4160E+00;5.7282E+01
-3.4150E+00;5.7301E+01
-3.4140E+00;5.7321E+01
-3.4130E+00;5.7341E+01
-3.4120E+00;5.7361E+01
-3.4110E+00;5.7380E+01
-3.4100E+00;5.7400E+01
-3.4090E+00;5.7420E+01
-3.4080E+00;5.7439E+01
-3.4070E+00;5.7459E+01
-3.4060E+00;5.7479E+01
-3.4050E+00;5.7498E+01
-3.4040E+00;5.7518E+01
-3.4030E+00;5.7538E+01
-3.4020E+00;5.7557E+01
-3.4010E+00;5.7577E+01
-3.4000E+00;5.7597E+01
-3.3990E+00;5.7616E+01
-3.3980E+00;5.7636E+01
-3.3970E+00;5.7656E+01
-3.3960E+00;5.7675E+01
-3.3950E+00;5.7695E+01
-3.3940E+00;5.7715E+01
-3.3930E+00;5.7734E+01
-3.3920E+00;5.7754E+01
-3.3910E+00;5.7774E+01
-3.3900E+00;5.7794E+01
-3.3890E+00;5.7813E+01
-3.3880E+00;5.7833E+01
-3.3870E+00;5.7853E+01
-3.3860E+00;5.7872E+01
-3.3850E+00;5.7892E+01
-3.3840E+00;5.7912E+01
-3.3830E+00;5.7931E+01
-3.3820E+00;5.7951E+01
-3.3810E+00;5.7971E+01
-3.3800E+00;5.7991E+01
-3.3790E+00;5.8010E+01
-3.3780E+00;5.8030E+01
-3.3770E+00;5.8050E+01
-3.3760E+00;5.8069E+01
-3.3750E+00;5.8089E+01
-3.3740E+00;5.8109E+01
-3.3730E+00;5.8128E+01
-3.3720E+00;5.8148E+01
-3.3710E+00;5.8168E+01
-3.3700E+00;5.8188E+01
-3.3690E+00;5.8207E+01
-3.3680E+00;5.8227E+01
-3.3670E+00;5.8247E+01
-3.3660E+00;5.8267E+01
-3.3650E+00;5.8286E+01
-3.3640E+00;5.8306E+01
-3.3630E+00;5.8326E+01
-3.3620E+00;5.8345E+01
-3.3610E+00;5.8365E+01
-3.3600E+00;5.8385E+01
-3.3590E+00;5.8405E+01
-3.3580E+00;5.8424E+01
-3.3570E+00;5.8444E+01
-3.3560E+00;5.8464E+01
-3.3550E+00;5.8484E+01
-3.3540E+00;5.8503E+01
-3.3530E+00;5.8523E+01
-3.3520E+00;5.8543E+01
-3.3510E+00;5.8563E+01
-3.3500E+00;5.8582E+01
-3.3490E+00;5.8602E+01
-3.3480E+00;5.8622E+01
-3.3470E+00;5.8641E+01
-3.3460E+00;5.8661E+01
-3.3450E+00;5.8681E+01
-3.3440E+00;5.8701E+01
-3.3430E+00;5.8720E+01
-3.3420E+00;5.8740E+01
-3.3410E+00;5.8760E+01
-3.3400E+00;5.8780E+01
-3.3390E+00;5.8799E+01
-3.3380E+00;5.8819E+01
-3.3370E+00;5.8839E+01
-3.3360E+00;5.8859E+01
-3.3350E+00;5.8878E+01
-3.3340E+00;5.8898E+01
-3.3330E+00;5.8918E+01
-3.3320E+00;5.8938E+01
-3.3310E+00;5.8958E+01
-3.3300E+00;5.8977E+01
-3.3290E+00;5.8997E+01
-3.3280E+00;5.9017E+01
-3.3270E+00;5.9037E+01
-3.3260E+00;5.9056E+01
-3.3250E+00;5.9076E+01
-3.3240E+00;5.9096E+01
-3.3230E+00;5.9116E+01
-3.3220E+00;5.9135E+01
-3.3210E+00;5.9155E+01
-3.3200E+00;5.9175E+01
-3.3190E+00;5.9195E+01
-3.3180E+00;5.9215E+01
-3.3170E+00;5.9234E+01
-3.3160E+00;5.9254E+01
-3.3150E+00;5.9274E+01
-3.3140E+00;5.9294E+01
-3.3130E+00;5.9313E+01
-3.3120E+00;5.9333E+01
-3.3110E+00;5.9353E+01
-3.3100E+00;5.9373E+01
-3.3090E+00;5.9393E+01
-3.3080E+00;5.9412E+01
-3.3070E+00;5.9432E+01
-3.3060E+00;5.9452E+01
-3.3050E+00;5.9472E+01
-3.3040E+00;5.9491E+01
-3.3030E+00;5.9511E+01
-3.3020E+00;5.9531E+01
-3.3010E+00;5.9551E+01
-3.3000E+00;5.9571E+01
-3.2990E+00;5.9590E+01
-3.2980E+00;5.9610E+01
-3.2970E+00;5.9630E+01
-3.2960E+00;5.9650E+01
-3.2950E+00;5.9670E+01
-3.2940E+00;5.9689E+01
-3.2930E+00;5.9709E+01
-3.2920E+00;5.9729E+01
-3.2910E+00;5.9749E+01
-3.2900E+00;5.9769E+01
-3.2890E+00;5.9788E+01
-3.2880E+00;5.9808E+01
-3.2870E+00;5.9828E+01
-3.2860E+00;5.9848E+01
-3.2850E+00;5.9868E+01
-3.2840E+00;5.9888E+01
-3.2830E+00;5.9907E+01
-3.2820E+00;5.9927E+01
-3.2810E+00;5.9947E+01
-3.2800E+00;5.9967E+01
-3.2790E+00;5.9987E+01
-3.2780E+00;6.0006E+01
-3.2770E+00;6.0026E+01
-3.2760E+00;6.0046E+01
-3.2750E+00;6.0066E+01
-3.2740E+00;6.0086E+01
-3.2730E+00;6.0106E+01
-3.2720E+00;6.0125E+01
-3.2710E+00;6.0145E+01
-3.2700E+00;6.0165E+01
-3.2690E+00;6.0185E+01
-3.2680E+00;6.0205E+01
-3.2670E+00;6.0224E+01
-3.2660E+00;6.0244E+01
-3.2650E+00;6.0264E+01
-3.2640E+00;6.0284E+01
-3.2630E+00;6.0304E+01
-3.2620E+00;6.0324E+01
-3.2610E+00;6.0343E+01
-3.2600E+00;6.0363E+01
-3.2590E+00;6.0383E+01
-3.2580E+00;6.0403E+01
-3.2570E+00;6.0423E+01
-3.2560E+00;6.0443E+01
-3.2550E+00;6.0463E+01
-3.2540E+00;6.0482E+01
-3.2530E+00;6.0502E+01
-3.2520E+00;6.0522E+01
-3.2510E+00;6.0542E+01
-3.2500E+00;6.0562E+01
-3.2490E+00;6.0582E+01
-3.2480E+00;6.0601E+01
-3.2470E+00;6.0621E+01
-3.2460E+00;6.0641E+01
-3.2450E+00;6.0661E+01
-3.2440E+00;6.0681E+01
-3.2430E+00;6.0701E+01
-3.2420E+00;6.0721E+01
-3.2410E+00;6.0740E+01
-3.2400E+00;6.0760E+01
-3.2390E+00;6.0780E+01
-3.2380E+00;6.0800E+01
-3.2370E+00;6.0820E+01
-3.2360E+00;6.0840E+01
-3.2350E+00;6.0860E+01
-3.2340E+00;6.0879E+01
-3.2330E+00;6.0899E+01
-3.2320E+00;6.0919E+01
-3.2310E+00;6.0939E+01
-3.2300E+00;6.0959E+01
-3.2290E+00;6.0979E+01
-3.2280E+00;6.0999E+01
-3.2270E+00;6.1019E+01
-3.2260E+00;6.1038E+01
-3.2250E+00;6.1058E+01
-3.2240E+00;6.1078E+01
-3.2230E+00;6.1098E+01
-3.2220E+00;6.1118E+01
-3.2210E+00;6.1138E+01
-3.2200E+00;6.1158E+01
-3.2190E+00;6.1178E+01
-3.2180E+00;6.1197E+01
-3.2170E+00;6.1217E+01
-3.2160E+00;6.1237E+01
-3.2150E+00;6.1257E+01
-3.2140E+00;6.1277E+01
-3.2130E+00;6.1297E+01
-3.2120E+00;6.1317E+01
-3.2110E+00;6.1337E+01
-3.2100E+00;6.1356E+01
-3.2090E+00;6.1376E+01
-3.2080E+00;6.1396E+01
-3.2070E+00;6.1416E+01
-3.2060E+00;6.1436E+01
-3.2050E+00;6.1456E+01
-3.2040E+00;6.1476E+01
-3.2030E+00;6.1496E+01
-3.2020E+00;6.1516E+01
-3.2010E+00;6.1535E+01
-3.2000E+00;6.1555E+01
-3.1990E+00;6.1575E+01
-3.1980E+00;6.1595E+01
-3.1970E+00;6.1615E+01
-3.1960E+00;6.1635E+01
-3.1950E+00;6.1655E+01
-3.1940E+00;6.1675E+01
-3.1930E+00;6.1695E+01
-3.1920E+00;6.1715E+01
-3.1910E+00;6.1735E+01
-3.1900E+00;6.1754E+01
-3.1890E+00;6.1774E+01
-3.1880E+00;6.1794E+01
-3.1870E+00;6.1814E+01
-3.1860E+00;6.1834E+01
-3.1850E+00;6.1854E+01
-3.1840E+00;6.1874E+01
-3.1830E+00;6.1894E+01
-3.1820E+00;6.1914E+01
-3.1810E+00;6.1934E+01
-3.1800E+00;6.1954E+01
-3.1790E+00;6.1973E+01
-3.1780E+00;6.1993E+01
-3.1770E+00;6.2013E+01
-3.1760E+00;6.2033E+01
-3.1750E+00;6.2053E+01
-3.1740E+00;6.2073E+01
-3.1730E+00;6.2093E+01
-3.1720E+00;6.2113E+01
-3.1710E+00;6.2133E+01
-3.1700E+00;6.2153E+01
-3.1690E+00;6.2173E+01
-3.1680E+00;6.2193E+01
-3.1670E+00;6.2213E+01
-3.1660E+00;6.2232E+01
-3.1650E+00;6.2255E+01
-3.1640E+00;6.2281E+01
-3.1630E+00;6.2307E+01
-3.1620E+00;6.2334E+01
-3.1610E+00;6.2360E+01
-3.1600E+00;6.2386E+01
-3.1590E+00;6.2412E+01
-3.1580E+00;6.2438E+01
-3.1570E+00;6.2465E+01
-3.1560E+00;6.2491E+01
-3.1550E+00;6.2517E+01
-3.1540E+00;6.2543E+01
-3.1530E+00;6.2570E+01
-3.1520E+00;6.2596E+01
-3.1510E+00;6.2622E+01
-3.1500E+00;6.2648E+01
-3.1490E+00;6.2675E+01
-3.1480E+00;6.2701E+01
-3.1470E+00;6.2727E+01
-3.1460E+00;6.2753E+01
-3.1450E+00;6.2780E+01
-3.1440E+00;6.2806E+01
-3.1430E+00;6.2832E+01
-3.1420E+00;6.2858E+01
-3.1410E+00;6.2884E+01
-3.1400E+00;6.2911E+01
-3.1390E+00;6.2937E+01
-3.1380E+00;6.2963E+01
-3.1370E+00;6.2989E+01
-3.1360E+00;6.3016E+01
-3.1350E+00;6.3042E+01
-3.1340E+00;6.3068E+01
-3.1330E+00;6.3094E+01
-3.1320E+00;6.3121E+01
-3.1310E+00;6.3147E+01
-3.1300E+00;6.3173E+01
-3.1290E+00;6.3199E+01
-3.1280E+00;6.3226E+01
-3.1270E+00;6.3252E+01
-3.1260E+00;6.3278E+01
-3.1250E+00;6.3304E+01
-3.1240E+00;6.3331E+01
-3.1230E+00;6.3357E+01
-3.1220E+00;6.3383E+01
-3.1210E+00;6.3409E+01
-3.1200E+00;6.3435E+01
-3.1190E+00;6.3462E+01
-3.1180E+00;6.3488E+01
-3.1170E+00;6.3514E+01
-3.1160E+00;6.3540E+01
-3.1150E+00;6.3567E+01
-3.1140E+00;6.3593E+01
-3.1130E+00;6.3619E+01
-3.1120E+00;6.3645E+01
-3.1110E+00;6.3672E+01
-3.1100E+00;6.3698E+01
-3.1090E+00;6.3724E+01
-3.1080E+00;6.3750E+01
-3.1070E+00;6.3777E+01
-3.1060E+00;6.3803E+01
-3.1050E+00;6.3829E+01
-3.1040E+00;6.3855E+01
-3.1030E+00;6.3882E+01
-3.1020E+00;6.3908E+01
-3.1010E+00;6.3934E+01
-3.1000E+00;6.3960E+01
-3.0990E+00;6.3987E+01
-3.0980E+00;6.4013E+01
-3.0970E+00;6.4039E+01
-3.0960E+00;6.4065E+01
-3.0950E+00;6.4092E+01
-3.0940E+00;6.4118E+01
-3.0930E+00;6.4144E+01
-3.0920E+00;6.4170E+01
-3.0910E+00;6.4197E+01
-3.0900E+00;6.4223E+01
-3.0890E+00;6.4249E+01
-3.0880E+00;6.4275E+01
-3.0870E+00;6.4302E+01
-3.0860E+00;6.4328E+01
-3.0850E+00;6.4354E+01
-3.0840E+00;6.4380E+01
-3.0830E+00;6.4407E+01
-3.0820E+00;6.4433E+01
-3.0810E+00;6.4459E+01
-3.0800E+00;6.4485E+01
-3.0790E+00;6.4511E+01
-3.0780E+00;6.4538E+01
-3.0770E+00;6.4564E+01
-3.0760E+00;6.4590E+01
-3.0750E+00;6.4616E+01
-3.0740E+00;6.4643E+01
-3.0730E+00;6.4669E+01
-3.0720E+00;6.4695E+01
-3.0710E+00;6.4721E+01
-3.0700E+00;6.4748E+01
-3.0690E+00;6.4774E+01
-3.0680E+00;6.4800E+01
-3.0670E+00;6.4826E+01
-3.0660E+00;6.4853E+01
-3.0650E+00;6.4879E+01
-3.0640E+00;6.4905E+01
-3.0630E+00;6.4931E+01
-3.0620E+00;6.4958E+01
-3.0610E+00;6.4984E+01
-3.0600E+00;6.5010E+01
-3.0590E+00;6.5036E+01
-3.0580E+00;6.5063E+01
-3.0570E+00;6.5089E+01
-3.0560E+00;6.5115E+01
-3.0550E+00;6.5142E+01
-3.0540E+00;6.5168E+01
-3.0530E+00;6.5194E+01
-3.0520E+00;6.5220E+01
-3.0510E+00;6.5247E+01
-3.0500E+00;6.5273E+01
-3.0490E+00;6.5299E+01
-3.0480E+00;6.5325E+01
-3.0470E+00;6.5352E+01
-3.0460E+00;6.5378E+01
-3.0450E+00;6.5404E+01
-3.0440E+00;6.5430E+01
-3.0430E+00;6.5457E+01
-3.0420E+00;6.5483E+01
-3.0410E+00;6.5509E+01
-3.0400E+00;6.5535E+01
-3.0390E+00;6.5562E+01
-3.0380E+00;6.5588E+01
-3.0370E+00;6.5614E+01
-3.0360E+00;6.5640E+01
-3.0350E+00;6.5667E+01
-3.0340E+00;6.5693E+01
-3.0330E+00;6.5719E+01
-3.0320E+00;6.5745E+01
-3.0310E+00;6.5772E+01
-3.0300E+00;6.5798E+01
-3.0290E+00;6.5824E+01
-3.0280E+00;6.5850E+01
-3.0270E+00;6.5877E+01
-3.0260E+00;6.5903E+01
-3.0250E+00;6.5929E+01
-3.0240E+00;6.5955E+01
-3.0230E+00;6.5982E+01
-3.0220E+00;6.6008E+01
-3.0210E+00;6.6034E+01
-3.0200E+00;6.6060E+01
-3.0190E+00;6.6087E+01
-3.0180E+00;6.6113E+01
-3.0170E+00;6.6139E+01
-3.0160E+00;6.6165E+01
-3.0150E+00;6.6192E+01
-3.0140E+00;6.6218E+01
-3.0130E+00;6.6244E+01
-3.0120E+00;6.6271E+01
-3.0110E+00;6.6297E+01
-3.0100E+00;6.6323E+01
-3.0090E+00;6.6349E+01
-3.0080E+00;6.6376E+01
-3.0070E+00;6.6402E+01
-3.0060E+00;6.6428E+01
-3.0050E+00;6.6454E+01
-3.0040E+00;6.6481E+01
-3.0030E+00;6.6507E+01
-3.0020E+00;6.6533E+01
-3.0010E+00;6.6559E+01
-3.0000E+00;6.6586E+01
-2.9990E+00;6.6612E+01
-2.9980E+00;6.6638E+01
-2.9970E+00;6.6664E+01
-2.9960E+00;6.6691E+01
-2.9950E+00;6.6717E+01
-2.9940E+00;6.6743E+01
-2.9930E+00;6.6769E+01
-2.9920E+00;6.6796E+01
-2.9910E+00;6.6822E+01
-2.9900E+00;6.6848E+01
-2.9890E+00;6.6875E+01
-2.9880E+00;6.6901E+01
-2.9870E+00;6.6927E+01
-2.9860E+00;6.6953E+01
-2.9850E+00;6.6980E+01
-2.9840E+00;6.7006E+01
-2.9830E+00;6.7032E+01
-2.9820E+00;6.7058E+01
-2.9810E+00;6.7085E+01
-2.9800E+00;6.7111E+01
-2.9790E+00;6.7137E+01
-2.9780E+00;6.7163E+01
-2.9770E+00;6.7190E+01
-2.9760E+00;6.7216E+01
-2.9750E+00;6.7242E+01
-2.9740E+00;6.7269E+01
-2.9730E+00;6.7295E+01
-2.9720E+00;6.7321E+01
-2.9710E+00;6.7347E+01
-2.9700E+00;6.7374E+01
-2.9690E+00;6.7400E+01
-2.9680E+00;6.7426E+01
-2.9670E+00;6.7452E+01
-2.9660E+00;6.7479E+01
-2.9650E+00;6.7505E+01
-2.9640E+00;6.7531E+01
-2.9630E+00;6.7557E+01
-2.9620E+00;6.7584E+01
-2.9610E+00;6.7610E+01
-2.9600E+00;6.7636E+01
-2.9590E+00;6.7663E+01
-2.9580E+00;6.7689E+01
-2.9570E+00;6.7715E+01
-2.9560E+00;6.7741E+01
-2.9550E+00;6.7768E+01
-2.9540E+00;6.7794E+01
-2.9530E+00;6.7820E+01
-2.9520E+00;6.7846E+01
-2.9510E+00;6.7873E+01
-2.9500E+00;6.7899E+01
-2.9490E+00;6.7925E+01
-2.9480E+00;6.7951E+01
-2.9470E+00;6.7978E+01
-2.9460E+00;6.8004E+01
-2.9450E+00;6.8030E+01
-2.9440E+00;6.8057E+01
-2.9430E+00;6.8083E+01
-2.9420E+00;6.8109E+01
-2.9410E+00;6.8135E+01
-2.9400E+00;6.8162E+01
-2.9390E+00;6.8188E+01
-2.9380E+00;6.8214E+01
-2.9370E+00;6.8240E+01
-2.9360E+00;6.8267E+01
-2.9350E+00;6.8293E+01
-2.9340E+00;6.8319E+01
-2.9330E+00;6.8346E+01
-2.9320E+00;6.8372E+01
-2.9310E+00;6.8398E+01
-2.9300E+00;6.8424E+01
-2.9290E+00;6.8451E+01
-2.9280E+00;6.8477E+01
-2.9270E+00;6.8503E+01
-2.9260E+00;6.8529E+01
-2.9250E+00;6.8556E+01
-2.9240E+00;6.8582E+01
-2.9230E+00;6.8608E+01
-2.9220E+00;6.8635E+01
-2.9210E+00;6.8661E+01
-2.9200E+00;6.8687E+01
-2.9190E+00;6.8713E+01
-2.9180E+00;6.8740E+01
-2.9170E+00;6.8766E+01
-2.9160E+00;6.8792E+01
-2.9150E+00;6.8818E+01
-2.9140E+00;6.8845E+01
-2.9130E+00;6.8871E+01
-2.9120E+00;6.8897E+01
-2.9110E+00;6.8924E+01
-2.9100E+00;6.8950E+01
-2.9090E+00;6.8976E+01
-2.9080E+00;6.9002E+01
-2.9070E+00;6.9029E+01
-2.9060E+00;6.9055E+01
-2.9050E+00;6.9081E+01
-2.9040E+00;6.9107E+01
-2.9030E+00;6.9134E+01
-2.9020E+00;6.9160E+01
-2.9010E+00;6.9186E+01
-2.9000E+00;6.9213E+01
-2.8990E+00;6.9239E+01
-2.8980E+00;6.9265E+01
-2.8970E+00;6.9291E+01
-2.8960E+00;6.9318E+01
-2.8950E+00;6.9344E+01
-2.8940E+00;6.9370E+01
-2.8930E+00;6.9397E+01
-2.8920E+00;6.9423E+01
-2.8910E+00;6.9449E+01
-2.8900E+00;6.9475E+01
-2.8890E+00;6.9502E+01
-2.8880E+00;6.9528E+01
-2.8870E+00;6.9554E+01
-2.8860E+00;6.9580E+01
-2.8850E+00;6.9607E+01
-2.8840E+00;6.9633E+01
-2.8830E+00;6.9659E+01
-2.8820E+00;6.9686E+01
-2.8810E+00;6.9712E+01
-2.8800E+00;6.9738E+01
-2.8790E+00;6.9764E+01
-2.8780E+00;6.9791E+01
-2.8770E+00;6.9817E+01
-2.8760E+00;6.9843E+01
-2.8750E+00;6.9870E+01
-2.8740E+00;6.9896E+01
-2.8730E+00;6.9922E+01
-2.8720E+00;6.9948E+01
-2.8710E+00;6.9975E+01
-2.8700E+00;7.0001E+01
-2.8690E+00;7.0027E+01
-2.8680E+00;7.0054E+01
-2.8670E+00;7.0080E+01
-2.8660E+00;7.0106E+01
-2.8650E+00;7.0132E+01
-2.8640E+00;7.0159E+01
-2.8630E+00;7.0185E+01
-2.8620E+00;7.0211E+01
-2.8610E+00;7.0238E+01
-2.8600E+00;7.0264E+01
-2.8590E+00;7.0290E+01
-2.8580E+00;7.0316E+01
-2.8570E+00;7.0343E+01
-2.8560E+00;7.0369E+01
-2.8550E+00;7.0395E+01
-2.8540E+00;7.0421E+01
-2.8530E+00;7.0448E+01
-2.8520E+00;7.0474E+01
-2.8510E+00;7.0500E+01
-2.8500E+00;7.0527E+01
-2.8490E+00;7.0553E+01
-2.8480E+00;7.0579E+01
-2.8470E+00;7.0605E+01
-2.8460E+00;7.0632E+01
-2.8450E+00;7.0658E+01
-2.8440E+00;7.0684E+01
-2.8430E+00;7.0711E+01
-2.8420E+00;7.0737E+01
-2.8410E+00;7.0763E+01
-2.8400E+00;7.0789E+01
-2.8390E+00;7.0816E+01
-2.8380E+00;7.0842E+01
-2.8370E+00;7.0868E+01
-2.8360E+00;7.0895E+01
-2.8350E+00;7.0921E+01
-2.8340E+00;7.0947E+01
-2.8330E+00;7.0973E+01
-2.8320E+00;7.1000E+01
-2.8310E+00;7.1026E+01
-2.8300E+00;7.1052E+01
-2.8290E+00;7.1079E+01
-2.8280E+00;7.1105E+01
-2.8270E+00;7.1131E+01
-2.8260E+00;7.1157E+01
-2.8250E+00;7.1184E+01
-2.8240E+00;7.1210E+01
-2.8230E+00;7.1236E+01
-2.8220E+00;7.1263E+01
-2.8210E+00;7.1289E+01
-2.8200E+00;7.1315E+01
-2.8190E+00;7.1342E+01
-2.8180E+00;7.1368E+01
-2.8170E+00;7.1394E+01
-2.8160E+00;7.1420E+01
-2.8150E+00;7.1447E+01
-2.8140E+00;7.1473E+01
-2.8130E+00;7.1499E+01
-2.8120E+00;7.1526E+01
-2.8110E+00;7.1552E+01
-2.8100E+00;7.1578E+01
-2.8090E+00;7.1604E+01
-2.8080E+00;7.1631E+01
-2.8070E+00;7.1657E+01
-2.8060E+00;7.1683E+01
-2.8050E+00;7.1710E+01
-2.8040E+00;7.1736E+01
-2.8030E+00;7.1762E+01
-2.8020E+00;7.1788E+01
-2.8010E+00;7.1815E+01
-2.8000E+00;7.1841E+01
-2.7990E+00;7.1867E+01
-2.7980E+00;7.1894E+01
-2.7970E+00;7.1920E+01
-2.7960E+00;7.1946E+01
-2.7950E+00;7.1972E+01
-2.7940E+00;7.1999E+01
-2.7930E+00;7.2025E+01
-2.7920E+00;7.2051E+01
-2.7910E+00;7.2078E+01
-2.7900E+00;7.2104E+01
-2.7890E+00;7.2130E+01
-2.7880E+00;7.2156E+01
-2.7870E+00;7.2183E+01
-2.7860E+00;7.2209E+01
-2.7850E+00;7.2235E+01
-2.7840E+00;7.2262E+01
-2.7830E+00;7.2288E+01
-2.7820E+00;7.2314E+01
-2.7810E+00;7.2341E+01
-2.7800E+00;7.2367E+01
-2.7790E+00;7.2393E+01
-2.7780E+00;7.2419E+01
-2.7770E+00;7.2446E+01
-2.7760E+00;7.2472E+01
-2.7750E+00;7.2498E+01
-2.7740E+00;7.2525E+01
-2.7730E+00;7.2551E+01
-2.7720E+00;7.2577E+01
-2.7710E+00;7.2603E+01
-2.7700E+00;7.2630E+01
-2.7690E+00;7.2656E+01
-2.7680E+00;7.2682E+01
-2.7670E+00;7.2709E+01
-2.7660E+00;7.2735E+01
-2.7650E+00;7.2761E+01
-2.7640E+00;7.2788E+01
-2.7630E+00;7.2814E+01
-2.7620E+00;7.2840E+01
-2.7610E+00;7.2866E+01
-2.7600E+00;7.2893E+01
-2.7590E+00;7.2919E+01
-2.7580E+00;7.2945E+01
-2.7570E+00;7.2972E+01
-2.7560E+00;7.2998E+01
-2.7550E+00;7.3024E+01
-2.7540E+00;7.3051E+01
-2.7530E+00;7.3077E+01
-2.7520E+00;7.3103E+01
-2.7510E+00;7.3129E+01
-2.7500E+00;7.3156E+01
-2.7490E+00;7.3182E+01
-2.7480E+00;7.3208E+01
-2.7470E+00;7.3235E+01
-2.7460E+00;7.3261E+01
-2.7450E+00;7.3287E+01
-2.7440E+00;7.3313E+01
-2.7430E+00;7.3340E+01
-2.7420E+00;7.3366E+01
-2.7410E+00;7.3392E+01
-2.7400E+00;7.3419E+01
-2.7390E+00;7.3445E+01
-2.7380E+00;7.3471E+01
-2.7370E+00;7.3498E+01
-2.7360E+00;7.3524E+01
-2.7350E+00;7.3550E+01
-2.7340E+00;7.3576E+01
-2.7330E+00;7.3603E+01
-2.7320E+00;7.3629E+01
-2.7310E+00;7.3655E+01
-2.7300E+00;7.3682E+01
-2.7290E+00;7.3708E+01
-2.7280E+00;7.3734E+01
-2.7270E+00;7.3761E+01
-2.7260E+00;7.3787E+01
-2.7250E+00;7.3813E+01
-2.7240E+00;7.3839E+01
-2.7230E+00;7.3866E+01
-2.7220E+00;7.3892E+01
-2.7210E+00;7.3918E+01
-2.7200E+00;7.3945E+01
-2.7190E+00;7.3971E+01
-2.7180E+00;7.3997E+01
-2.7170E+00;7.4024E+01
-2.7160E+00;7.4050E+01
-2.7150E+00;7.4076E+01
-2.7140E+00;7.4102E+01
-2.7130E+00;7.4129E+01
-2.7120E+00;7.4155E+01
-2.7110E+00;7.4181E+01
-2.7100E+00;7.4208E+01
-2.7090E+00;7.4234E+01
-2.7080E+00;7.4260E+01
-2.7070E+00;7.4287E+01
-2.7060E+00;7.4313E+01
-2.7050E+00;7.4339E+01
-2.7040E+00;7.4366E+01
-2.7030E+00;7.4392E+01
-2.7020E+00;7.4418E+01
-2.7010E+00;7.4444E+01
-2.7000E+00;7.4471E+01
-2.6990E+00;7.4497E+01
-2.6980E+00;7.4523E+01
-2.6970E+00;7.4550E+01
-2.6960E+00;7.4576E+01
-2.6950E+00;7.4602E+01
-2.6940E+00;7.4629E+01
-2.6930E+00;7.4655E+01
-2.6920E+00;7.4681E+01
-2.6910E+00;7.4707E+01
-2.6900E+00;7.4734E+01
-2.6890E+00;7.4760E+01
-2.6880E+00;7.4786E+01
-2.6870E+00;7.4813E+01
-2.6860E+00;7.4839E+01
-2.6850E+00;7.4865E+01
-2.6840E+00;7.4892E+01
-2.6830E+00;7.4918E+01
-2.6820E+00;7.4944E+01
-2.6810E+00;7.4971E+01
-2.6800E+00;7.4997E+01
-2.6790E+00;7.5023E+01
-2.6780E+00;7.5049E+01
-2.6770E+00;7.5076E+01
-2.6760E+00;7.5102E+01
-2.6750E+00;7.5128E+01
-2.6740E+00;7.5155E+01
-2.6730E+00;7.5181E+01
-2.6720E+00;7.5207E+01
-2.6710E+00;7.5234E+01
-2.6700E+00;7.5260E+01
-2.6690E+00;7.5286E+01
-2.6680E+00;7.5312E+01
-2.6670E+00;7.5339E+01
-2.6660E+00;7.5365E+01
-2.6650E+00;7.5391E+01
-2.6640E+00;7.5418E+01
-2.6630E+00;7.5444E+01
-2.6620E+00;7.5470E+01
-2.6610E+00;7.5497E+01
-2.6600E+00;7.5523E+01
-2.6590E+00;7.5549E+01
-2.6580E+00;7.5576E+01
-2.6570E+00;7.5602E+01
-2.6560E+00;7.5628E+01
-2.6550E+00;7.5654E+01
-2.6540E+00;7.5681E+01
-2.6530E+00;7.5707E+01
-2.6520E+00;7.5733E+01
-2.6510E+00;7.5760E+01
-2.6500E+00;7.5786E+01
-2.6490E+00;7.5812E+01
-2.6480E+00;7.5839E+01
-2.6470E+00;7.5865E+01
-2.6460E+00;7.5891E+01
-2.6450E+00;7.5918E+01
-2.6440E+00;7.5944E+01
-2.6430E+00;7.5970E+01
-2.6420E+00;7.5996E+01
-2.6410E+00;7.6023E+01
-2.6400E+00;7.6049E+01
-2.6390E+00;7.6075E+01
-2.6380E+00;7.6102E+01
-2.6370E+00;7.6128E+01
-2.6360E+00;7.6154E+01
-2.6350E+00;7.6181E+01
-2.6340E+00;7.6207E+01
-2.6330E+00;7.6235E+01
-2.6320E+00;7.6262E+01
-2.6310E+00;7.6289E+01
-2.6300E+00;7.6317E+01
-2.6290E+00;7.6344E+01
-2.6280E+00;7.6372E+01
-2.6270E+00;7.6399E+01
-2.6260E+00;7.6426E+01
-2.6250E+00;7.6454E+01
-2.6240E+00;7.6481E+01
-2.6230E+00;7.6509E+01
-2.6220E+00;7.6536E+01
-2.6210E+00;7.6563E+01
-2.6200E+00;7.6591E+01
-2.6190E+00;7.6618E+01
-2.6180E+00;7.6646E+01
-2.6170E+00;7.6673E+01
-2.6160E+00;7.6700E+01
-2.6150E+00;7.6728E+01
-2.6140E+00;7.6755E+01
-2.6130E+00;7.6783E+01
-2.6120E+00;7.6810E+01
-2.6110E+00;7.6837E+01
-2.6100E+00;7.6865E+01
-2.6090E+00;7.6892E+01
-2.6080E+00;7.6920E+01
-2.6070E+00;7.6947E+01
-2.6060E+00;7.6974E+01
-2.6050E+00;7.7002E+01
-2.6040E+00;7.7029E+01
-2.6030E+00;7.7057E+01
-2.6020E+00;7.7084E+01
-2.6010E+00;7.7111E+01
-2.6000E+00;7.7139E+01
-2.5990E+00;7.7166E+01
-2.5980E+00;7.7194E+01
-2.5970E+00;7.7221E+01
-2.5960E+00;7.7248E+01
-2.5950E+00;7.7276E+01
-2.5940E+00;7.7303E+01
-2.5930E+00;7.7331E+01
-2.5920E+00;7.7358E+01
-2.5910E+00;7.7385E+01
-2.5900E+00;7.7413E+01
-2.5890E+00;7.7440E+01
-2.5880E+00;7.7468E+01
-2.5870E+00;7.7495E+01
-2.5860E+00;7.7523E+01
-2.5850E+00;7.7550E+01
-2.5840E+00;7.7577E+01
-2.5830E+00;7.7605E+01
-2.5820E+00;7.7632E+01
-2.5810E+00;7.7660E+01
-2.5800E+00;7.7687E+01
-2.5790E+00;7.7714E+01
-2.5780E+00;7.7742E+01
-2.5770E+00;7.7769E+01
-2.5760E+00;7.7797E+01
-2.5750E+00;7.7824E+01
-2.5740E+00;7.7851E+01
-2.5730E+00;7.7879E+01
-2.5720E+00;7.7906E+01
-2.5710E+00;7.7934E+01
-2.5700E+00;7.7961E+01
-2.5690E+00;7.7989E+01
-2.5680E+00;7.8016E+01
-2.5670E+00;7.8043E+01
-2.5660E+00;7.8071E+01
-2.5650E+00;7.8098E+01
-2.5640E+00;7.8126E+01
-2.5630E+00;7.8153E+01
-2.5620E+00;7.8180E+01
-2.5610E+00;7.8208E+01
-2.5600E+00;7.8235E+01
-2.5590E+00;7.8263E+01
-2.5580E+00;7.8290E+01
-2.5570E+00;7.8317E+01
-2.5560E+00;7.8345E+01
-2.5550E+00;7.8372E+01
-2.5540E+00;7.8400E+01
-2.5530E+00;7.8427E+01
-2.5520E+00;7.8455E+01
-2.5510E+00;7.8482E+01
-2.5500E+00;7.8509E+01
-2.5490E+00;7.8537E+01
-2.5480E+00;7.8564E+01
-2.5470E+00;7.8592E+01
-2.5460E+00;7.8619E+01
-2.5450E+00;7.8647E+01
-2.5440E+00;7.8674E+01
-2.5430E+00;7.8701E+01
-2.5420E+00;7.8729E+01
-2.5410E+00;7.8756E+01
-2.5400E+00;7.8784E+01
-2.5390E+00;7.8811E+01
-2.5380E+00;7.8838E+01
-2.5370E+00;7.8866E+01
-2.5360E+00;7.8893E+01
-2.5350E+00;7.8921E+01
-2.5340E+00;7.8948E+01
-2.5330E+00;7.8976E+01
-2.5320E+00;7.9003E+01
-2.5310E+00;7.9030E+01
-2.5300E+00;7.9058E+01
-2.5290E+00;7.9085E+01
-2.5280E+00;7.9113E+01
-2.5270E+00;7.9140E+01
-2.5260E+00;7.9168E+01
-2.5250E+00;7.9195E+01
-2.5240E+00;7.9222E+01
-2.5230E+00;7.9250E+01
-2.5220E+00;7.9277E+01
-2.5210E+00;7.9305E+01
-2.5200E+00;7.9332E+01
-2.5190E+00;7.9359E+01
-2.5180E+00;7.9387E+01
-2.5170E+00;7.9414E+01
-2.5160E+00;7.9442E+01
-2.5150E+00;7.9469E+01
-2.5140E+00;7.9497E+01
-2.5130E+00;7.9524E+01
-2.5120E+00;7.9551E+01
-2.5110E+00;7.9579E+01
-2.5100E+00;7.9606E+01
-2.5090E+00;7.9634E+01
-2.5080E+00;7.9661E+01
-2.5070E+00;7.9689E+01
-2.5060E+00;7.9716E+01
-2.5050E+00;7.9743E+01
-2.5040E+00;7.9771E+01
-2.5030E+00;7.9798E+01
-2.5020E+00;7.9826E+01
-2.5010E+00;7.9853E+01
-2.5000E+00;7.9881E+01
-2.4990E+00;7.9908E+01
-2.4980E+00;7.9936E+01
-2.4970E+00;7.9963E+01
-2.4960E+00;7.9990E+01
-2.4950E+00;8.0018E+01
-2.4940E+00;8.0045E+01
-2.4930E+00;8.0073E+01
-2.4920E+00;8.0100E+01
-2.4910E+00;8.0128E+01
-2.4900E+00;8.0155E+01
-2.4890E+00;8.0182E+01
-2.4880E+00;8.0210E+01
-2.4870E+00;8.0237E+01
-2.4860E+00;8.0265E+01
-2.4850E+00;8.0292E+01
-2.4840E+00;8.0320E+01
-2.4830E+00;8.0347E+01
-2.4820E+00;8.0374E+01
-2.4810E+00;8.0402E+01
-2.4800E+00;8.0429E+01
-2.4790E+00;8.0457E+01
-2.4780E+00;8.0484E+01
-2.4770E+00;8.0512E+01
-2.4760E+00;8.0539E+01
-2.4750E+00;8.0566E+01
-2.4740E+00;8.0594E+01
-2.4730E+00;8.0621E+01
-2.4720E+00;8.0649E+01
-2.4710E+00;8.0676E+01
-2.4700E+00;8.0704E+01
-2.4690E+00;8.0731E+01
-2.4680E+00;8.0759E+01
-2.4670E+00;8.0786E+01
-2.4660E+00;8.0813E+01
-2.4650E+00;8.0841E+01
-2.4640E+00;8.0868E+01
-2.4630E+00;8.0896E+01
-2.4620E+00;8.0923E+01
-2.4610E+00;8.0951E+01
-2.4600E+00;8.0978E+01
-2.4590E+00;8.1006E+01
-2.4580E+00;8.1033E+01
-2.4570E+00;8.1060E+01
-2.4560E+00;8.1088E+01
-2.4550E+00;8.1115E+01
-2.4540E+00;8.1143E+01
-2.4530E+00;8.1170E+01
-2.4520E+00;8.1198E+01
-2.4510E+00;8.1225E+01
-2.4500E+00;8.1253E+01
-2.4490E+00;8.1280E+01
-2.4480E+00;8.1307E+01
-2.4470E+00;8.1335E+01
-2.4460E+00;8.1362E+01
-2.4450E+00;8.1390E+01
-2.4440E+00;8.1417E+01
-2.4430E+00;8.1445E+01
-2.4420E+00;8.1472E+01
-2.4410E+00;8.1500E+01
-2.4400E+00;8.1527E+01
-2.4390E+00;8.1554E+01
-2.4380E+00;8.1582E+01
-2.4370E+00;8.1609E+01
-2.4360E+00;8.1637E+01
-2.4350E+00;8.1664E+01
-2.4340E+00;8.1692E+01
-2.4330E+00;8.1719E+01
-2.4320E+00;8.1747E+01
-2.4310E+00;8.1774E+01
-2.4300E+00;8.1801E+01
-2.4290E+00;8.1829E+01
-2.4280E+00;8.1856E+01
-2.4270E+00;8.1884E+01
-2.4260E+00;8.1911E+01
-2.4250E+00;8.1939E+01
-2.4240E+00;8.1966E+01
-2.4230E+00;8.1994E+01
-2.4220E+00;8.2021E+01
-2.4210E+00;8.2048E+01
-2.4200E+00;8.2076E+01
-2.4190E+00;8.2103E+01
-2.4180E+00;8.2131E+01
-2.4170E+00;8.2158E+01
-2.4160E+00;8.2186E+01
-2.4150E+00;8.2213E+01
-2.4140E+00;8.2241E+01
-2.4130E+00;8.2268E+01
-2.4120E+00;8.2296E+01
-2.4110E+00;8.2323E+01
-2.4100E+00;8.2350E+01
-2.4090E+00;8.2378E+01
-2.4080E+00;8.2405E+01
-2.4070E+00;8.2433E+01
-2.4060E+00;8.2460E+01
-2.4050E+00;8.2488E+01
-2.4040E+00;8.2515E+01
-2.4030E+00;8.2543E+01
-2.4020E+00;8.2570E+01
-2.4010E+00;8.2598E+01
-2.4000E+00;8.2625E+01
-2.3990E+00;8.2652E+01
-2.3980E+00;8.2680E+01
-2.3970E+00;8.2707E+01
-2.3960E+00;8.2735E+01
-2.3950E+00;8.2762E+01
-2.3940E+00;8.2790E+01
-2.3930E+00;8.2817E+01
-2.3920E+00;8.2845E+01
-2.3910E+00;8.2872E+01
-2.3900E+00;8.2900E+01
-2.3890E+00;8.2927E+01
-2.3880E+00;8.2954E+01
-2.3870E+00;8.2982E+01
-2.3860E+00;8.3009E+01
-2.3850E+00;8.3037E+01
-2.3840E+00;8.3064E+01
-2.3830E+00;8.3092E+01
-2.3820E+00;8.3119E+01
-2.3810E+00;8.3147E+01
-2.3800E+00;8.3174E+01
-2.3790E+00;8.3202E+01
-2.3780E+00;8.3229E+01
-2.3770E+00;8.3257E+01
-2.3760E+00;8.3284E+01
-2.3750E+00;8.3311E+01
-2.3740E+00;8.3339E+01
-2.3730E+00;8.3366E+01
-2.3720E+00;8.3394E+01
-2.3710E+00;8.3421E+01
-2.3700E+00;8.3449E+01
-2.3690E+00;8.3476E+01
-2.3680E+00;8.3504E+01
-2.3670E+00;8.3531E+01
-2.3660E+00;8.3559E+01
-2.3650E+00;8.3586E+01
-2.3640E+00;8.3614E+01
-2.3630E+00;8.3641E+01
-2.3620E+00;8.3668E+01
-2.3610E+00;8.3696E+01
-2.3600E+00;8.3723E+01
-2.3590E+00;8.3751E+01
-2.3580E+00;8.3778E+01
-2.3570E+00;8.3806E+01
-2.3560E+00;8.3833E+01
-2.3550E+00;8.3861E+01
-2.3540E+00;8.3888E+01
-2.3530E+00;8.3916E+01
-2.3520E+00;8.3943E+01
-2.3510E+00;8.3971E+01
-2.3500E+00;8.3998E+01
-2.3490E+00;8.4025E+01
-2.3480E+00;8.4053E+01
-2.3470E+00;8.4080E+01
-2.3460E+00;8.4108E+01
-2.3450E+00;8.4135E+01
-2.3440E+00;8.4163E+01
-2.3430E+00;8.4190E+01
-2.3420E+00;8.4218E+01
-2.3410E+00;8.4245E+01
-2.3400E+00;8.4273E+01
-2.3390E+00;8.4300E+01
-2.3380E+00;8.4328E+01
-2.3370E+00;8.4355E+01
-2.3360E+00;8.4383E+01
-2.3350E+00;8.4410E+01
-2.3340E+00;8.4437E+01
-2.3330E+00;8.4465E+01
-2.3320E+00;8.4492E+01
-2.3310E+00;8.4520E+01
-2.3300E+00;8.4547E+01
-2.3290E+00;8.4575E+01
-2.3280E+00;8.4602E+01
-2.3270E+00;8.4630E+01
-2.3260E+00;8.4657E+01
-2.3250E+00;8.4685E+01
-2.3240E+00;8.4712E+01
-2.3230E+00;8.4740E+01
-2.3220E+00;8.4767E+01
-2.3210E+00;8.4795E+01
-2.3200E+00;8.4822E+01
-2.3190E+00;8.4850E+01
-2.3180E+00;8.4877E+01
-2.3170E+00;8.4905E+01
-2.3160E+00;8.4932E+01
-2.3150E+00;8.4959E+01
-2.3140E+00;8.4987E+01
-2.3130E+00;8.5014E+01
-2.3120E+00;8.5042E+01
-2.3110E+00;8.5069E+01
-2.3100E+00;8.5097E+01
-2.3090E+00;8.5124E+01
-2.3080E+00;8.5152E+01
-2.3070E+00;8.5178E+01
-2.3060E+00;8.5192E+01
-2.3050E+00;8.5205E+01
-2.3040E+00;8.5219E+01
-2.3030E+00;8.5233E+01
-2.3020E+00;8.5247E+01
-2.3010E+00;8.5261E+01
-2.3000E+00;8.5274E+01
-2.2990E+00;8.5288E+01
-2.2980E+00;8.5302E+01
-2.2970E+00;8.5316E+01
-2.2960E+00;8.5330E+01
-2.2950E+00;8.5343E+01
-2.2940E+00;8.5357E+01
-2.2930E+00;8.5371E+01
-2.2920E+00;8.5385E+01
-2.2910E+00;8.5399E+01
-2.2900E+00;8.5412E+01
-2.2890E+00;8.5426E+01
-2.2880E+00;8.5440E+01
-2.2870E+00;8.5454E+01
-2.2860E+00;8.5468E+01
-2.2850E+00;8.5481E+01
-2.2840E+00;8.5495E+01
-2.2830E+00;8.5509E+01
-2.2820E+00;8.5523E+01
-2.2810E+00;8.5537E+01
-2.2800E+00;8.5550E+01
-2.2790E+00;8.5564E+01
-2.2780E+00;8.5578E+01
-2.2770E+00;8.5592E+01
-2.2760E+00;8.5606E+01
-2.2750E+00;8.5620E+01
-2.2740E+00;8.5633E+01
-2.2730E+00;8.5647E+01
-2.2720E+00;8.5661E+01
-2.2710E+00;8.5675E+01
-2.2700E+00;8.5689E+01
-2.2690E+00;8.5702E+01
-2.2680E+00;8.5716E+01
-2.2670E+00;8.5730E+01
-2.2660E+00;8.5744E+01
-2.2650E+00;8.5758E+01
-2.2640E+00;8.5772E+01
-2.2630E+00;8.5785E+01
-2.2620E+00;8.5799E+01
-2.2610E+00;8.5813E+01
-2.2600E+00;8.5827E+01
-2.2590E+00;8.5841E+01
-2.2580E+00;8.5855E+01
-2.2570E+00;8.5868E+01
-2.2560E+00;8.5882E+01
-2.2550E+00;8.5896E+01
-2.2540E+00;8.5910E+01
-2.2530E+00;8.5924E+01
-2.2520E+00;8.5938E+01
-2.2510E+00;8.5951E+01
-2.2500E+00;8.5965E+01
-2.2490E+00;8.5979E+01
-2.2480E+00;8.5993E+01
-2.2470E+00;8.6007E+01
-2.2460E+00;8.6021E+01
-2.2450E+00;8.6034E+01
-2.2440E+00;8.6048E+01
-2.2430E+00;8.6062E+01
-2.2420E+00;8.6076E+01
-2.2410E+00;8.6090E+01
-2.2400E+00;8.6104E+01
-2.2390E+00;8.6117E+01
-2.2380E+00;8.6131E+01
-2.2370E+00;8.6145E+01
-2.2360E+00;8.6159E+01
-2.2350E+00;8.6173E+01
-2.2340E+00;8.6187E+01
-2.2330E+00;8.6201E+01
-2.2320E+00;8.6214E+01
-2.2310E+00;8.6228E+01
-2.2300E+00;8.6242E+01
-2.2290E+00;8.6256E+01
-2.2280E+00;8.6270E+01
-2.2270E+00;8.6284E+01
-2.2260E+00;8.6298E+01
-2.2250E+00;8.6311E+01
-2.2240E+00;8.6325E+01
-2.2230E+00;8.6339E+01
-2.2220E+00;8.6353E+01
-2.2210E+00;8.6367E+01
-2.2200E+00;8.6381E+01
-2.2190E+00;8.6395E+01
-2.2180E+00;8.6408E+01
-2.2170E+00;8.6422E+01
-2.2160E+00;8.6436E+01
-2.2150E+00;8.6450E+01
-2.2140E+00;8.6464E+01
-2.2130E+00;8.6478E+01
-2.2120E+00;8.6492E+01
-2.2110E+00;8.6505E+01
-2.2100E+00;8.6519E+01
-2.2090E+00;8.6533E+01
-2.2080E+00;8.6547E+01
-2.2070E+00;8.6561E+01
-2.2060E+00;8.6575E+01
-2.2050E+00;8.6589E+01
-2.2040E+00;8.6603E+01
-2.2030E+00;8.6616E+01
-2.2020E+00;8.6630E+01
-2.2010E+00;8.6644E+01
-2.2000E+00;8.6658E+01
-2.1990E+00;8.6672E+01
-2.1980E+00;8.6686E+01
-2.1970E+00;8.6700E+01
-2.1960E+00;8.6714E+01
-2.1950E+00;8.6727E+01
-2.1940E+00;8.6741E+01
-2.1930E+00;8.6755E+01
-2.1920E+00;8.6769E+01
-2.1910E+00;8.6783E+01
-2.1900E+00;8.6797E+01
-2.1890E+00;8.6811E+01
-2.1880E+00;8.6825E+01
-2.1870E+00;8.6838E+01
-2.1860E+00;8.6852E+01
-2.1850E+00;8.6866E+01
-2.1840E+00;8.6880E+01
-2.1830E+00;8.6894E+01
-2.1820E+00;8.6908E+01
-2.1810E+00;8.6922E+01
-2.1800E+00;8.6936E+01
-2.1790E+00;8.6950E+01
-2.1780E+00;8.6963E+01
-2.1770E+00;8.6977E+01
-2.1760E+00;8.6991E+01
-2.1750E+00;8.7005E+01
-2.1740E+00;8.7019E+01
-2.1730E+00;8.7033E+01
-2.1720E+00;8.7047E+01
-2.1710E+00;8.7061E+01
-2.1700E+00;8.7075E+01
-2.1690E+00;8.7089E+01
-2.1680E+00;8.7102E+01
-2.1670E+00;8.7116E+01
-2.1660E+00;8.7130E+01
-2.1650E+00;8.7144E+01
-2.1640E+00;8.7158E+01
-2.1630E+00;8.7172E+01
-2.1620E+00;8.7186E+01
-2.1610E+00;8.7200E+01
-2.1600E+00;8.7214E+01
-2.1590E+00;8.7228E+01
-2.1580E+00;8.7242E+01
-2.1570E+00;8.7255E+01
-2.1560E+00;8.7269E+01
-2.1550E+00;8.7283E+01
-2.1540E+00;8.7297E+01
-2.1530E+00;8.7311E+01
-2.1520E+00;8.7325E+01
-2.1510E+00;8.7339E+01
-2.1500E+00;8.7353E+01
-2.1490E+00;8.7367E+01
-2.1480E+00;8.7381E+01
-2.1470E+00;8.7395E+01
-2.1460E+00;8.7408E+01
-2.1450E+00;8.7422E+01
-2.1440E+00;8.7436E+01
-2.1430E+00;8.7450E+01
-2.1420E+00;8.7464E+01
-2.1410E+00;8.7478E+01
-2.1400E+00;8.7492E+01
-2.1390E+00;8.7506E+01
-2.1380E+00;8.7520E+01
-2.1370E+00;8.7534E+01
-2.1360E+00;8.7548E+01
-2.1350E+00;8.7562E+01
-2.1340E+00;8.7576E+01
-2.1330E+00;8.7589E+01
-2.1320E+00;8.7603E+01
-2.1310E+00;8.7617E+01
-2.1300E+00;8.7631E+01
-2.1290E+00;8.7645E+01
-2.1280E+00;8.7659E+01
-2.1270E+00;8.7673E+01
-2.1260E+00;8.7687E+01
-2.1250E+00;8.7701E+01
-2.1240E+00;8.7715E+01
-2.1230E+00;8.7729E+01
-2.1220E+00;8.7743E+01
-2.1210E+00;8.7757E+01
-2.1200E+00;8.7771E+01
-2.1190E+00;8.7785E+01
-2.1180E+00;8.7799E+01
-2.1170E+00;8.7812E+01
-2.1160E+00;8.7826E+01
-2.1150E+00;8.7840E+01
-2.1140E+00;8.7854E+01
-2.1130E+00;8.7868E+01
-2.1120E+00;8.7882E+01
-2.1110E+00;8.7896E+01
-2.1100E+00;8.7910E+01
-2.1090E+00;8.7924E+01
-2.1080E+00;8.7938E+01
-2.1070E+00;8.7952E+01
-2.1060E+00;8.7966E+01
-2.1050E+00;8.7980E+01
-2.1040E+00;8.7994E+01
-2.1030E+00;8.8008E+01
-2.1020E+00;8.8022E+01
-2.1010E+00;8.8036E+01
-2.1000E+00;8.8050E+01
-2.0990E+00;8.8063E+01
-2.0980E+00;8.8077E+01
-2.0970E+00;8.8091E+01
-2.0960E+00;8.8105E+01
-2.0950E+00;8.8119E+01
-2.0940E+00;8.8133E+01
-2.0930E+00;8.8147E+01
-2.0920E+00;8.8161E+01
-2.0910E+00;8.8175E+01
-2.0900E+00;8.8189E+01
-2.0890E+00;8.8203E+01
-2.0880E+00;8.8217E+01
-2.0870E+00;8.8231E+01
-2.0860E+00;8.8245E+01
-2.0850E+00;8.8259E+01
-2.0840E+00;8.8273E+01
-2.0830E+00;8.8287E+01
-2.0820E+00;8.8301E+01
-2.0810E+00;8.8315E+01
-2.0800E+00;8.8329E+01
-2.0790E+00;8.8343E+01
-2.0780E+00;8.8357E+01
-2.0770E+00;8.8371E+01
-2.0760E+00;8.8385E+01
-2.0750E+00;8.8399E+01
-2.0740E+00;8.8413E+01
-2.0730E+00;8.8427E+01
-2.0720E+00;8.8441E+01
-2.0710E+00;8.8454E+01
-2.0700E+00;8.8468E+01
-2.0690E+00;8.8482E+01
-2.0680E+00;8.8496E+01
-2.0670E+00;8.8510E+01
-2.0660E+00;8.8524E+01
-2.0650E+00;8.8538E+01
-2.0640E+00;8.8552E+01
-2.0630E+00;8.8566E+01
-2.0620E+00;8.8580E+01
-2.0610E+00;8.8594E+01
-2.0600E+00;8.8608E+01
-2.0590E+00;8.8622E+01
-2.0580E+00;8.8636E+01
-2.0570E+00;8.8650E+01
-2.0560E+00;8.8664E+01
-2.0550E+00;8.8678E+01
-2.0540E+00;8.8694E+01
-2.0530E+00;8.8710E+01
-2.0520E+00;8.8727E+01
-2.0510E+00;8.8744E+01
-2.0500E+00;8.8761E+01
-2.0490E+00;8.8778E+01
-2.0480E+00;8.8794E+01
-2.0470E+00;8.8811E+01
-2.0460E+00;8.8828E+01
-2.0450E+00;8.8845E+01
-2.0440E+00;8.8862E+01
-2.0430E+00;8.8879E+01
-2.0420E+00;8.8895E+01
-2.0410E+00;8.8912E+01
-2.0400E+00;8.8929E+01
-2.0390E+00;8.8946E+01
-2.0380E+00;8.8963E+01
-2.0370E+00;8.8980E+01
-2.0360E+00;8.8997E+01
-2.0350E+00;8.9014E+01
-2.0340E+00;8.9030E+01
-2.0330E+00;8.9047E+01
-2.0320E+00;8.9064E+01
-2.0310E+00;8.9081E+01
-2.0300E+00;8.9098E+01
-2.0290E+00;8.9115E+01
-2.0280E+00;8.9132E+01
-2.0270E+00;8.9149E+01
-2.0260E+00;8.9166E+01
-2.0250E+00;8.9183E+01
-2.0240E+00;8.9200E+01
-2.0230E+00;8.9217E+01
-2.0220E+00;8.9234E+01
-2.0210E+00;8.9251E+01
-2.0200E+00;8.9268E+01
-2.0190E+00;8.9285E+01
-2.0180E+00;8.9301E+01
-2.0170E+00;8.9318E+01
-2.0160E+00;8.9335E+01
-2.0150E+00;8.9352E+01
-2.0140E+00;8.9369E+01
-2.0130E+00;8.9386E+01
-2.0120E+00;8.9403E+01
-2.0110E+00;8.9420E+01
-2.0100E+00;8.9438E+01
-2.0090E+00;8.9455E+01
-2.0080E+00;8.9472E+01
-2.0070E+00;8.9489E+01
-2.0060E+00;8.9506E+01
-2.0050E+00;8.9523E+01
-2.0040E+00;8.9540E+01
-2.0030E+00;8.9557E+01
-2.0020E+00;8.9574E+01
-2.0010E+00;8.9591E+01
-2.0000E+00;8.9608E+01
-1.9990E+00;8.9625E+01
-1.9980E+00;8.9642E+01
-1.9970E+00;8.9659E+01
-1.9960E+00;8.9676E+01
-1.9950E+00;8.9694E+01
-1.9940E+00;8.9711E+01
-1.9930E+00;8.9728E+01
-1.9920E+00;8.9745E+01
-1.9910E+00;8.9762E+01
-1.9900E+00;8.9779E+01
-1.9890E+00;8.9796E+01
-1.9880E+00;8.9813E+01
-1.9870E+00;8.9831E+01
-1.9860E+00;8.9848E+01
-1.9850E+00;8.9865E+01
-1.9840E+00;8.9882E+01
-1.9830E+00;8.9899E+01
-1.9820E+00;8.9916E+01
-1.9810E+00;8.9934E+01
-1.9800E+00;8.9951E+01
-1.9790E+00;8.9968E+01
-1.9780E+00;8.9985E+01
-1.9770E+00;9.0002E+01
-1.9760E+00;9.0019E+01
-1.9750E+00;9.0037E+01
-1.9740E+00;9.0054E+01
-1.9730E+00;9.0071E+01
-1.9720E+00;9.0088E+01
-1.9710E+00;9.0106E+01
-1.9700E+00;9.0123E+01
-1.9690E+00;9.0140E+01
-1.9680E+00;9.0157E+01
-1.9670E+00;9.0175E+01
-1.9660E+00;9.0192E+01
-1.9650E+00;9.0209E+01
-1.9640E+00;9.0226E+01
-1.9630E+00;9.0244E+01
-1.9620E+00;9.0261E+01
-1.9610E+00;9.0278E+01
-1.9600E+00;9.0295E+01
-1.9590E+00;9.0313E+01
-1.9580E+00;9.0330E+01
-1.9570E+00;9.0347E+01
-1.9560E+00;9.0365E+01
-1.9550E+00;9.0382E+01
-1.9540E+00;9.0399E+01
-1.9530E+00;9.0417E+01
-1.9520E+00;9.0434E+01
-1.9510E+00;9.0451E+01
-1.9500E+00;9.0469E+01
-1.9490E+00;9.0486E+01
-1.9480E+00;9.0503E+01
-1.9470E+00;9.0521E+01
-1.9460E+00;9.0538E+01
-1.9450E+00;9.0555E+01
-1.9440E+00;9.0573E+01
-1.9430E+00;9.0590E+01
-1.9420E+00;9.0608E+01
-1.9410E+00;9.0625E+01
-1.9400E+00;9.0642E+01
-1.9390E+00;9.0660E+01
-1.9380E+00;9.0677E+01
-1.9370E+00;9.0694E+01
-1.9360E+00;9.0712E+01
-1.9350E+00;9.0729E+01
-1.9340E+00;9.0747E+01
-1.9330E+00;9.0764E+01
-1.9320E+00;9.0782E+01
-1.9310E+00;9.0799E+01
-1.9300E+00;9.0816E+01
-1.9290E+00;9.0834E+01
-1.9280E+00;9.0851E+01
-1.9270E+00;9.0869E+01
-1.9260E+00;9.0886E+01
-1.9250E+00;9.0904E+01
-1.9240E+00;9.0921E+01
-1.9230E+00;9.0939E+01
-1.9220E+00;9.0956E+01
-1.9210E+00;9.0974E+01
-1.9200E+00;9.0991E+01
-1.9190E+00;9.1009E+01
-1.9180E+00;9.1026E+01
-1.9170E+00;9.1044E+01
-1.9160E+00;9.1061E+01
-1.9150E+00;9.1079E+01
-1.9140E+00;9.1096E+01
-1.9130E+00;9.1114E+01
-1.9120E+00;9.1131E+01
-1.9110E+00;9.1149E+01
-1.9100E+00;9.1166E+01
-1.9090E+00;9.1184E+01
-1.9080E+00;9.1202E+01
-1.9070E+00;9.1219E+01
-1.9060E+00;9.1237E+01
-1.9050E+00;9.1254E+01
-1.9040E+00;9.1272E+01
-1.9030E+00;9.1289E+01
-1.9020E+00;9.1307E+01
-1.9010E+00;9.1325E+01
-1.9000E+00;9.1342E+01
-1.8990E+00;9.1360E+01
-1.8980E+00;9.1377E+01
-1.8970E+00;9.1395E+01
-1.8960E+00;9.1413E+01
-1.8950E+00;9.1430E+01
-1.8940E+00;9.1448E+01
-1.8930E+00;9.1465E+01
-1.8920E+00;9.1483E+01
-1.8910E+00;9.1501E+01
-1.8900E+00;9.1518E+01
-1.8890E+00;9.1536E+01
-1.8880E+00;9.1554E+01
-1.8870E+00;9.1571E+01
-1.8860E+00;9.1589E+01
-1.8850E+00;9.1607E+01
-1.8840E+00;9.1624E+01
-1.8830E+00;9.1642E+01
-1.8820E+00;9.1660E+01
-1.8810E+00;9.1677E+01
-1.8800E+00;9.1695E+01
-1.8790E+00;9.1713E+01
-1.8780E+00;9.1730E+01
-1.8770E+00;9.1748E+01
-1.8760E+00;9.1766E+01
-1.8750E+00;9.1784E+01
-1.8740E+00;9.1801E+01
-1.8730E+00;9.1819E+01
-1.8720E+00;9.1837E+01
-1.8710E+00;9.1855E+01
-1.8700E+00;9.1872E+01
-1.8690E+00;9.1890E+01
-1.8680E+00;9.1908E+01
-1.8670E+00;9.1926E+01
-1.8660E+00;9.1943E+01
-1.8650E+00;9.1961E+01
-1.8640E+00;9.1979E+01
-1.8630E+00;9.1997E+01
-1.8620E+00;9.2014E+01
-1.8610E+00;9.2032E+01
-1.8600E+00;9.2050E+01
-1.8590E+00;9.2068E+01
-1.8580E+00;9.2086E+01
-1.8570E+00;9.2103E+01
-1.8560E+00;9.2121E+01
-1.8550E+00;9.2139E+01
-1.8540E+00;9.2157E+01
-1.8530E+00;9.2175E+01
-1.8520E+00;9.2193E+01
-1.8510E+00;9.2210E+01
-1.8500E+00;9.2228E+01
-1.8490E+00;9.2246E+01
-1.8480E+00;9.2264E+01
-1.8470E+00;9.2282E+01
-1.8460E+00;9.2300E+01
-1.8450E+00;9.2318E+01
-1.8440E+00;9.2335E+01
-1.8430E+00;9.2353E+01
-1.8420E+00;9.2371E+01
-1.8410E+00;9.2389E+01
-1.8400E+00;9.2407E+01
-1.8390E+00;9.2425E+01
-1.8380E+00;9.2443E+01
-1.8370E+00;9.2461E+01
-1.8360E+00;9.2479E+01
-1.8350E+00;9.2496E+01
-1.8340E+00;9.2514E+01
-1.8330E+00;9.2532E+01
-1.8320E+00;9.2550E+01
-1.8310E+00;9.2568E+01
-1.8300E+00;9.2586E+01
-1.8290E+00;9.2604E+01
-1.8280E+00;9.2622E+01
-1.8270E+00;9.2640E+01
-1.8260E+00;9.2658E+01
-1.8250E+00;9.2676E+01
-1.8240E+00;9.2694E+01
-1.8230E+00;9.2712E+01
-1.8220E+00;9.2730E+01
-1.8210E+00;9.2748E+01
-1.8200E+00;9.2766E+01
-1.8190E+00;9.2784E+01
-1.8180E+00;9.2802E+01
-1.8170E+00;9.2820E+01
-1.8160E+00;9.2838E+01
-1.8150E+00;9.2856E+01
-1.8140E+00;9.2874E+01
-1.8130E+00;9.2892E+01
-1.8120E+00;9.2910E+01
-1.8110E+00;9.2928E+01
-1.8100E+00;9.2946E+01
-1.8090E+00;9.2964E+01
-1.8080E+00;9.2982E+01
-1.8070E+00;9.3000E+01
-1.8060E+00;9.3018E+01
-1.8050E+00;9.3036E+01
-1.8040E+00;9.3054E+01
-1.8030E+00;9.3072E+01
-1.8020E+00;9.3090E+01
-1.8010E+00;9.3108E+01
-1.8000E+00;9.3127E+01
-1.7990E+00;9.3145E+01
-1.7980E+00;9.3163E+01
-1.7970E+00;9.3181E+01
-1.7960E+00;9.3199E+01
-1.7950E+00;9.3217E+01
-1.7940E+00;9.3235E+01
-1.7930E+00;9.3253E+01
-1.7920E+00;9.3271E+01
-1.7910E+00;9.3290E+01
-1.7900E+00;9.3308E+01
-1.7890E+00;9.3326E+01
-1.7880E+00;9.3344E+01
-1.7870E+00;9.3362E+01
-1.7860E+00;9.3380E+01
-1.7850E+00;9.3398E+01
-1.7840E+00;9.3417E+01
-1.7830E+00;9.3435E+01
-1.7820E+00;9.3453E+01
-1.7810E+00;9.3471E+01
-1.7800E+00;9.3489E+01
-1.7790E+00;9.3507E+01
-1.7780E+00;9.3526E+01
-1.7770E+00;9.3544E+01
-1.7760E+00;9.3562E+01
-1.7750E+00;9.3580E+01
-1.7740E+00;9.3598E+01
-1.7730E+00;9.3617E+01
-1.7720E+00;9.3635E+01
-1.7710E+00;9.3653E+01
-1.7700E+00;9.3671E+01
-1.7690E+00;9.3690E+01
-1.7680E+00;9.3708E+01
-1.7670E+00;9.3726E+01
-1.7660E+00;9.3744E+01
-1.7650E+00;9.3762E+01
-1.7640E+00;9.3781E+01
-1.7630E+00;9.3799E+01
-1.7620E+00;9.3817E+01
-1.7610E+00;9.3836E+01
-1.7600E+00;9.3854E+01
-1.7590E+00;9.3872E+01
-1.7580E+00;9.3890E+01
-1.7570E+00;9.3909E+01
-1.7560E+00;9.3927E+01
-1.7550E+00;9.3945E+01
-1.7540E+00;9.3964E+01
-1.7530E+00;9.3982E+01
-1.7520E+00;9.4000E+01
-1.7510E+00;9.4018E+01
-1.7500E+00;9.4037E+01
-1.7490E+00;9.4055E+01
-1.7480E+00;9.4073E+01
-1.7470E+00;9.4092E+01
-1.7460E+00;9.4110E+01
-1.7450E+00;9.4128E+01
-1.7440E+00;9.4147E+01
-1.7430E+00;9.4165E+01
-1.7420E+00;9.4183E+01
-1.7410E+00;9.4202E+01
-1.7400E+00;9.4220E+01
-1.7390E+00;9.4239E+01
-1.7380E+00;9.4257E+01
-1.7370E+00;9.4275E+01
-1.7360E+00;9.4294E+01
-1.7350E+00;9.4312E+01
-1.7340E+00;9.4330E+01
-1.7330E+00;9.4349E+01
-1.7320E+00;9.4367E+01
-1.7310E+00;9.4386E+01
-1.7300E+00;9.4404E+01
-1.7290E+00;9.4423E+01
-1.7280E+00;9.4441E+01
-1.7270E+00;9.4459E+01
-1.7260E+00;9.4478E+01
-1.7250E+00;9.4496E+01
-1.7240E+00;9.4515E+01
-1.7230E+00;9.4533E+01
-1.7220E+00;9.4552E+01
-1.7210E+00;9.4570E+01
-1.7200E+00;9.4588E+01
-1.7190E+00;9.4607E+01
-1.7180E+00;9.4625E+01
-1.7170E+00;9.4644E+01
-1.7160E+00;9.4662E+01
-1.7150E+00;9.4681E+01
-1.7140E+00;9.4699E+01
-1.7130E+00;9.4718E+01
-1.7120E+00;9.4736E+01
-1.7110E+00;9.4755E+01
-1.7100E+00;9.4773E+01
-1.7090E+00;9.4792E+01
-1.7080E+00;9.4810E+01
-1.7070E+00;9.4829E+01
-1.7060E+00;9.4847E+01
-1.7050E+00;9.4866E+01
-1.7040E+00;9.4884E+01
-1.7030E+00;9.4884E+01
-1.7020E+00;9.4804E+01
-1.7010E+00;9.4724E+01
-1.7000E+00;9.4645E+01
-1.6990E+00;9.4565E+01
-1.6980E+00;9.4485E+01
-1.6970E+00;9.4405E+01
-1.6960E+00;9.4325E+01
-1.6950E+00;9.4245E+01
-1.6940E+00;9.4165E+01
-1.6930E+00;9.4086E+01
-1.6920E+00;9.4006E+01
-1.6910E+00;9.3926E+01
-1.6900E+00;9.3846E+01
-1.6890E+00;9.3766E+01
-1.6880E+00;9.3687E+01
-1.6870E+00;9.3607E+01
-1.6860E+00;9.3527E+01
-1.6850E+00;9.3447E+01
-1.6840E+00;9.3367E+01
-1.6830E+00;9.3288E+01
-1.6820E+00;9.3208E+01
-1.6810E+00;9.3128E+01
-1.6800E+00;9.3048E+01
-1.6790E+00;9.2968E+01
-1.6780E+00;9.2889E+01
-1.6770E+00;9.2809E+01
-1.6760E+00;9.2729E+01
-1.6750E+00;9.2649E+01
-1.6740E+00;9.2570E+01
-1.6730E+00;9.2490E+01
-1.6720E+00;9.2410E+01
-1.6710E+00;9.2330E+01
-1.6700E+00;9.2251E+01
-1.6690E+00;9.2171E+01
-1.6680E+00;9.2091E+01
-1.6670E+00;9.2011E+01
-1.6660E+00;9.1932E+01
-1.6650E+00;9.1852E+01
-1.6640E+00;9.1772E+01
-1.6630E+00;9.1693E+01
-1.6620E+00;9.1613E+01
-1.6610E+00;9.1533E+01
-1.6600E+00;9.1454E+01
-1.6590E+00;9.1374E+01
-1.6580E+00;9.1294E+01
-1.6570E+00;9.1214E+01
-1.6560E+00;9.1135E+01
-1.6550E+00;9.1055E+01
-1.6540E+00;9.0975E+01
-1.6530E+00;9.0896E+01
-1.6520E+00;9.0816E+01
-1.6510E+00;9.0737E+01
-1.6500E+00;9.0657E+01
-1.6490E+00;9.0577E+01
-1.6480E+00;9.0498E+01
-1.6470E+00;9.0418E+01
-1.6460E+00;9.0338E+01
-1.6450E+00;9.0259E+01
-1.6440E+00;9.0179E+01
-1.6430E+00;9.0114E+01
-1.6420E+00;9.0090E+01
-1.6410E+00;9.0066E+01
-1.6400E+00;9.0043E+01
-1.6390E+00;9.0020E+01
-1.6380E+00;8.9997E+01
-1.6370E+00;8.9974E+01
-1.6360E+00;8.9951E+01
-1.6350E+00;8.9929E+01
-1.6340E+00;8.9906E+01
-1.6330E+00;8.9884E+01
-1.6320E+00;8.9863E+01
-1.6310E+00;8.9841E+01
-1.6300E+00;8.9820E+01
-1.6290E+00;8.9799E+01
-1.6280E+00;8.9778E+01
-1.6270E+00;8.9757E+01
-1.6260E+00;8.9736E+01
-1.6250E+00;8.9716E+01
-1.6240E+00;8.9696E+01
-1.6230E+00;8.9676E+01
-1.6220E+00;8.9656E+01
-1.6210E+00;8.9637E+01
-1.6200E+00;8.9617E+01
-1.6190E+00;8.9598E+01
-1.6180E+00;8.9580E+01
-1.6170E+00;8.9561E+01
-1.6160E+00;8.9542E+01
-1.6150E+00;8.9524E+01
-1.6140E+00;8.9506E+01
-1.6130E+00;8.9488E+01
-1.6120E+00;8.9471E+01
-1.6110E+00;8.9453E+01
-1.6100E+00;8.9436E+01
-1.6090E+00;8.9419E+01
-1.6080E+00;8.9402E+01
-1.6070E+00;8.9386E+01
-1.6060E+00;8.9370E+01
-1.6050E+00;8.9353E+01
-1.6040E+00;8.9337E+01
-1.6030E+00;8.9322E+01
-1.6020E+00;8.9306E+01
-1.6010E+00;8.9291E+01
-1.6000E+00;8.9276E+01
-1.5990E+00;8.9261E+01
-1.5980E+00;8.9246E+01
-1.5970E+00;8.9232E+01
-1.5960E+00;8.9218E+01
-1.5950E+00;8.9204E+01
-1.5940E+00;8.9190E+01
-1.5930E+00;8.9176E+01
-1.5920E+00;8.9163E+01
-1.5910E+00;8.9150E+01
-1.5900E+00;8.9137E+01
-1.5890E+00;8.9124E+01
-1.5880E+00;8.9111E+01
-1.5870E+00;8.9099E+01
-1.5860E+00;8.9087E+01
-1.5850E+00;8.9075E+01
-1.5840E+00;8.9063E+01
-1.5830E+00;8.9052E+01
-1.5820E+00;8.9041E+01
-1.5810E+00;8.9030E+01
-1.5800E+00;8.9019E+01
-1.5790E+00;8.9008E+01
-1.5780E+00;8.8998E+01
-1.5770E+00;8.8988E+01
-1.5760E+00;8.8978E+01
-1.5750E+00;8.8968E+01
-1.5740E+00;8.8958E+01
-1.5730E+00;8.8949E+01
-1.5720E+00;8.8940E+01
-1.5710E+00;8.8931E+01
-1.5700E+00;8.8922E+01
-1.5690E+00;8.8914E+01
-1.5680E+00;8.8906E+01
-1.5670E+00;8.8898E+01
-1.5660E+00;8.8890E+01
-1.5650E+00;8.8882E+01
-1.5640E+00;8.8875E+01
-1.5630E+00;8.8868E+01
-1.5620E+00;8.8861E+01
-1.5610E+00;8.8854E+01
-1.5600E+00;8.8847E+01
-1.5590E+00;8.8841E+01
-1.5580E+00;8.8835E+01
-1.5570E+00;8.8829E+01
-1.5560E+00;8.8823E+01
-1.5550E+00;8.8818E+01
-1.5540E+00;8.8812E+01
-1.5530E+00;8.8807E+01
-1.5520E+00;8.8803E+01
-1.5510E+00;8.8798E+01
-1.5500E+00;8.8794E+01
-1.5490E+00;8.8789E+01
-1.5480E+00;8.8785E+01
-1.5470E+00;8.8782E+01
-1.5460E+00;8.8778E+01
-1.5450E+00;8.8775E+01
-1.5440E+00;8.8772E+01
-1.5430E+00;8.8769E+01
-1.5420E+00;8.8766E+01
-1.5410E+00;8.8764E+01
-1.5400E+00;8.8761E+01
-1.5390E+00;8.8759E+01
-1.5380E+00;8.8758E+01
-1.5370E+00;8.8756E+01
-1.5360E+00;8.8755E+01
-1.5350E+00;8.8753E+01
-1.5340E+00;8.8752E+01
-1.5330E+00;8.8752E+01
-1.5320E+00;8.8751E+01
-1.5310E+00;8.8751E+01
-1.5300E+00;8.8751E+01
-1.5290E+00;8.8751E+01
-1.5280E+00;8.8751E+01
-1.5270E+00;8.8752E+01
-1.5260E+00;8.8753E+01
-1.5250E+00;8.8754E+01
-1.5240E+00;8.8755E+01
-1.5230E+00;8.8773E+01
-1.5220E+00;8.8791E+01
-1.5210E+00;8.8809E+01
-1.5200E+00;8.8827E+01
-1.5190E+00;8.8845E+01
-1.5180E+00;8.8863E+01
-1.5170E+00;8.8882E+01
-1.5160E+00;8.8900E+01
-1.5150E+00;8.8918E+01
-1.5140E+00;8.8937E+01
-1.5130E+00;8.8955E+01
-1.5120E+00;8.8974E+01
-1.5110E+00;8.8993E+01
-1.5100E+00;8.9012E+01
-1.5090E+00;8.9030E+01
-1.5080E+00;8.9049E+01
-1.5070E+00;8.9068E+01
-1.5060E+00;8.9087E+01
-1.5050E+00;8.9106E+01
-1.5040E+00;8.9125E+01
-1.5030E+00;8.9145E+01
-1.5020E+00;8.9164E+01
-1.5010E+00;8.9183E+01
-1.5000E+00;8.9203E+01
-1.4990E+00;8.9222E+01
-1.4980E+00;8.9242E+01
-1.4970E+00;8.9261E+01
-1.4960E+00;8.9281E+01
-1.4950E+00;8.9301E+01
-1.4940E+00;8.9321E+01
-1.4930E+00;8.9341E+01
-1.4920E+00;8.9361E+01
-1.4910E+00;8.9381E+01
-1.4900E+00;8.9401E+01
-1.4890E+00;8.9421E+01
-1.4880E+00;8.9441E+01
-1.4870E+00;8.9461E+01
-1.4860E+00;8.9482E+01
-1.4850E+00;8.9502E+01
-1.4840E+00;8.9523E+01
-1.4830E+00;8.9543E+01
-1.4820E+00;8.9564E+01
-1.4810E+00;8.9584E+01
-1.4800E+00;8.9605E+01
-1.4790E+00;8.9626E+01
-1.4780E+00;8.9647E+01
-1.4770E+00;8.9668E+01
-1.4760E+00;8.9689E+01
-1.4750E+00;8.9710E+01
-1.4740E+00;8.9731E+01
-1.4730E+00;8.9752E+01
-1.4720E+00;8.9774E+01
-1.4710E+00;8.9795E+01
-1.4700E+00;8.9816E+01
-1.4690E+00;8.9838E+01
-1.4680E+00;8.9859E+01
-1.4670E+00;8.9881E+01
-1.4660E+00;8.9903E+01
-1.4650E+00;8.9924E+01
-1.4640E+00;8.9946E+01
-1.4630E+00;8.9968E+01
-1.4620E+00;8.9990E+01
-1.4610E+00;9.0012E+01
-1.4600E+00;9.0034E+01
-1.4590E+00;9.0056E+01
-1.4580E+00;9.0078E+01
-1.4570E+00;9.0100E+01
-1.4560E+00;9.0123E+01
-1.4550E+00;9.0145E+01
-1.4540E+00;9.0168E+01
-1.4530E+00;9.0190E+01
-1.4520E+00;9.0213E+01
-1.4510E+00;9.0235E+01
-1.4500E+00;9.0258E+01
-1.4490E+00;9.0281E+01
-1.4480E+00;9.0303E+01
-1.4470E+00;9.0326E+01
-1.4460E+00;9.0349E+01
-1.4450E+00;9.0372E+01
-1.4440E+00;9.0395E+01
-1.4430E+00;9.0419E+01
-1.4420E+00;9.0442E+01
-1.4410E+00;9.0465E+01
-1.4400E+00;9.0488E+01
-1.4390E+00;9.0512E+01
-1.4380E+00;9.0535E+01
-1.4370E+00;9.0559E+01
-1.4360E+00;9.0582E+01
-1.4350E+00;9.0606E+01
-1.4340E+00;9.0630E+01
-1.4330E+00;9.0653E+01
-1.4320E+00;9.0677E+01
-1.4310E+00;9.0701E+01
-1.4300E+00;9.0725E+01
-1.4290E+00;9.0749E+01
-1.4280E+00;9.0773E+01
-1.4270E+00;9.0797E+01
-1.4260E+00;9.0822E+01
-1.4250E+00;9.0846E+01
-1.4240E+00;9.0870E+01
-1.4230E+00;9.0895E+01
-1.4220E+00;9.0919E+01
-1.4210E+00;9.0944E+01
-1.4200E+00;9.0968E+01
-1.4190E+00;9.0993E+01
-1.4180E+00;9.1018E+01
-1.4170E+00;9.1042E+01
-1.4160E+00;9.1067E+01
-1.4150E+00;9.1092E+01
-1.4140E+00;9.1117E+01
-1.4130E+00;9.1142E+01
-1.4120E+00;9.1167E+01
-1.4110E+00;9.1192E+01
-1.4100E+00;9.1218E+01
-1.4090E+00;9.1243E+01
-1.4080E+00;9.1268E+01
-1.4070E+00;9.1294E+01
-1.4060E+00;9.1319E+01
-1.4050E+00;9.1345E+01
-1.4040E+00;9.1370E+01
-1.4030E+00;9.1396E+01
-1.4020E+00;9.1422E+01
-1.4010E+00;9.1447E+01
-1.4000E+00;9.1473E+01
-1.3990E+00;9.1499E+01
-1.3980E+00;9.1525E+01
-1.3970E+00;9.1551E+01
-1.3960E+00;9.1577E+01
-1.3950E+00;9.1603E+01
-1.3940E+00;9.1630E+01
-1.3930E+00;9.1656E+01
-1.3920E+00;9.1682E+01
-1.3910E+00;9.1709E+01
-1.3900E+00;9.1735E+01
-1.3890E+00;9.1762E+01
-1.3880E+00;9.1788E+01
-1.3870E+00;9.1815E+01
-1.3860E+00;9.1842E+01
-1.3850E+00;9.1868E+01
-1.3840E+00;9.1895E+01
-1.3830E+00;9.1922E+01
-1.3820E+00;9.1949E+01
-1.3810E+00;9.1976E+01
-1.3800E+00;9.2003E+01
-1.3790E+00;9.2030E+01
-1.3780E+00;9.2057E+01
-1.3770E+00;9.2085E+01
-1.3760E+00;9.2112E+01
-1.3750E+00;9.2139E+01
-1.3740E+00;9.2167E+01
-1.3730E+00;9.2194E+01
-1.3720E+00;9.2222E+01
-1.3710E+00;9.2249E+01
-1.3700E+00;9.2277E+01
-1.3690E+00;9.2305E+01
-1.3680E+00;9.2332E+01
-1.3670E+00;9.2360E+01
-1.3660E+00;9.2388E+01
-1.3650E+00;9.2416E+01
-1.3640E+00;9.2444E+01
-1.3630E+00;9.2472E+01
-1.3620E+00;9.2500E+01
-1.3610E+00;9.2529E+01
-1.3600E+00;9.2557E+01
-1.3590E+00;9.2585E+01
-1.3580E+00;9.2614E+01
-1.3570E+00;9.2642E+01
-1.3560E+00;9.2670E+01
-1.3550E+00;9.2699E+01
-1.3540E+00;9.2728E+01
-1.3530E+00;9.2756E+01
-1.3520E+00;9.2785E+01
-1.3510E+00;9.2814E+01
-1.3500E+00;9.2843E+01
-1.3490E+00;9.2872E+01
-1.3480E+00;9.2901E+01
-1.3470E+00;9.2930E+01
-1.3460E+00;9.3048E+01
-1.3450E+00;9.3210E+01
-1.3440E+00;9.3373E+01
-1.3430E+00;9.3535E+01
-1.3420E+00;9.3698E+01
-1.3410E+00;9.3861E+01
-1.3400E+00;9.4025E+01
-1.3390E+00;9.4188E+01
-1.3380E+00;9.4352E+01
-1.3370E+00;9.4515E+01
-1.3360E+00;9.4679E+01
-1.3350E+00;9.4843E+01
-1.3340E+00;9.5008E+01
-1.3330E+00;9.5172E+01
-1.3320E+00;9.5337E+01
-1.3310E+00;9.5502E+01
-1.3300E+00;9.5667E+01
-1.3290E+00;9.5832E+01
-1.3280E+00;9.5997E+01
-1.3270E+00;9.6163E+01
-1.3260E+00;9.6328E+01
-1.3250E+00;9.6494E+01
-1.3240E+00;9.6660E+01
-1.3230E+00;9.6826E+01
-1.3220E+00;9.6992E+01
-1.3210E+00;9.7159E+01
-1.3200E+00;9.7325E+01
-1.3190E+00;9.7492E+01
-1.3180E+00;9.7659E+01
-1.3170E+00;9.7826E+01
-1.3160E+00;9.7994E+01
-1.3150E+00;9.8161E+01
-1.3140E+00;9.8328E+01
-1.3130E+00;9.8496E+01
-1.3120E+00;9.8664E+01
-1.3110E+00;9.8832E+01
-1.3100E+00;9.9000E+01
-1.3090E+00;9.9169E+01
-1.3080E+00;9.9337E+01
-1.3070E+00;9.9506E+01
-1.3060E+00;9.9674E+01
-1.3050E+00;9.9843E+01
-1.3040E+00;1.0001E+02
-1.3030E+00;1.0018E+02
-1.3020E+00;1.0035E+02
-1.3010E+00;1.0052E+02
-1.3000E+00;1.0069E+02
-1.2990E+00;1.0086E+02
-1.2980E+00;1.0103E+02
-1.2970E+00;1.0120E+02
-1.2960E+00;1.0137E+02
-1.2950E+00;1.0154E+02
-1.2940E+00;1.0171E+02
-1.2930E+00;1.0188E+02
-1.2920E+00;1.0205E+02
-1.2910E+00;1.0222E+02
-1.2900E+00;1.0239E+02
-1.2890E+00;1.0257E+02
-1.2880E+00;1.0272E+02
-1.2870E+00;1.0284E+02
-1.2860E+00;1.0297E+02
-1.2850E+00;1.0310E+02
-1.2840E+00;1.0323E+02
-1.2830E+00;1.0336E+02
-1.2820E+00;1.0350E+02
-1.2810E+00;1.0363E+02
-1.2800E+00;1.0376E+02
-1.2790E+00;1.0390E+02
-1.2780E+00;1.0403E+02
-1.2770E+00;1.0417E+02
-1.2760E+00;1.0430E+02
-1.2750E+00;1.0444E+02
-1.2740E+00;1.0457E+02
-1.2730E+00;1.0471E+02
-1.2720E+00;1.0485E+02
-1.2710E+00;1.0499E+02
-1.2700E+00;1.0513E+02
-1.2690E+00;1.0527E+02
-1.2680E+00;1.0541E+02
-1.2670E+00;1.0555E+02
-1.2660E+00;1.0569E+02
-1.2650E+00;1.0584E+02
-1.2640E+00;1.0598E+02
-1.2630E+00;1.0612E+02
-1.2620E+00;1.0627E+02
-1.2610E+00;1.0641E+02
-1.2600E+00;1.0656E+02
-1.2590E+00;1.0671E+02
-1.2580E+00;1.0685E+02
-1.2570E+00;1.0700E+02
-1.2560E+00;1.0715E+02
-1.2550E+00;1.0730E+02
-1.2540E+00;1.0745E+02
-1.2530E+00;1.0760E+02
-1.2520E+00;1.0775E+02
-1.2510E+00;1.0790E+02
-1.2500E+00;1.0805E+02
-1.2490E+00;1.0820E+02
-1.2480E+00;1.0836E+02
-1.2470E+00;1.0851E+02
-1.2460E+00;1.0866E+02
-1.2450E+00;1.0882E+02
-1.2440E+00;1.0897E+02
-1.2430E+00;1.0913E+02
-1.2420E+00;1.0929E+02
-1.2410E+00;1.0944E+02
-1.2400E+00;1.0960E+02
-1.2390E+00;1.0976E+02
-1.2380E+00;1.0992E+02
-1.2370E+00;1.1008E+02
-1.2360E+00;1.1024E+02
-1.2350E+00;1.1040E+02
-1.2340E+00;1.1056E+02
-1.2330E+00;1.1072E+02
-1.2320E+00;1.1088E+02
-1.2310E+00;1.1104E+02
-1.2300E+00;1.1121E+02
-1.2290E+00;1.1137E+02
-1.2280E+00;1.1153E+02
-1.2270E+00;1.1170E+02
-1.2260E+00;1.1186E+02
-1.2250E+00;1.1203E+02
-1.2240E+00;1.1219E+02
-1.2230E+00;1.1236E+02
-1.2220E+00;1.1253E+02
-1.2210E+00;1.1270E+02
-1.2200E+00;1.1286E+02
-1.2190E+00;1.1303E+02
-1.2180E+00;1.1320E+02
-1.2170E+00;1.1337E+02
-1.2160E+00;1.1354E+02
-1.2150E+00;1.1371E+02
-1.2140E+00;1.1388E+02
-1.2130E+00;1.1406E+02
-1.2120E+00;1.1423E+02
-1.2110E+00;1.1440E+02
-1.2100E+00;1.1457E+02
-1.2090E+00;1.1475E+02
-1.2080E+00;1.1492E+02
-1.2070E+00;1.1510E+02
-1.2060E+00;1.1527E+02
-1.2050E+00;1.1545E+02
-1.2040E+00;1.1562E+02
-1.2030E+00;1.1580E+02
-1.2020E+00;1.1598E+02
-1.2010E+00;1.1615E+02
-1.2000E+00;1.1633E+02
-1.1990E+00;1.1651E+02
-1.1980E+00;1.1669E+02
-1.1970E+00;1.1687E+02
-1.1960E+00;1.1705E+02
-1.1950E+00;1.1723E+02
-1.1940E+00;1.1741E+02
-1.1930E+00;1.1759E+02
-1.1920E+00;1.1777E+02
-1.1910E+00;1.1796E+02
-1.1900E+00;1.1814E+02
-1.1890E+00;1.1832E+02
-1.1880E+00;1.1850E+02
-1.1870E+00;1.1869E+02
-1.1860E+00;1.1887E+02
-1.1850E+00;1.1906E+02
-1.1840E+00;1.1924E+02
-1.1830E+00;1.1943E+02
-1.1820E+00;1.1961E+02
-1.1810E+00;1.1980E+02
-1.1800E+00;1.1999E+02
-1.1790E+00;1.2018E+02
-1.1780E+00;1.2036E+02
-1.1770E+00;1.2055E+02
-1.1760E+00;1.2074E+02
-1.1750E+00;1.2093E+02
-1.1740E+00;1.2112E+02
-1.1730E+00;1.2131E+02
-1.1720E+00;1.2150E+02
-1.1710E+00;1.2169E+02
-1.1700E+00;1.2188E+02
-1.1690E+00;1.2207E+02
-1.1680E+00;1.2226E+02
-1.1670E+00;1.2246E+02
-1.1660E+00;1.2265E+02
-1.1650E+00;1.2288E+02
-1.1640E+00;1.2312E+02
-1.1630E+00;1.2337E+02
-1.1620E+00;1.2361E+02
-1.1610E+00;1.2385E+02
-1.1600E+00;1.2409E+02
-1.1590E+00;1.2433E+02
-1.1580E+00;1.2457E+02
-1.1570E+00;1.2482E+02
-1.1560E+00;1.2506E+02
-1.1550E+00;1.2530E+02
-1.1540E+00;1.2554E+02
-1.1530E+00;1.2578E+02
-1.1520E+00;1.2603E+02
-1.1510E+00;1.2627E+02
-1.1500E+00;1.2651E+02
-1.1490E+00;1.2675E+02
-1.1480E+00;1.2699E+02
-1.1470E+00;1.2724E+02
-1.1460E+00;1.2748E+02
-1.1450E+00;1.2772E+02
-1.1440E+00;1.2796E+02
-1.1430E+00;1.2820E+02
-1.1420E+00;1.2845E+02
-1.1410E+00;1.2869E+02
-1.1400E+00;1.2893E+02
-1.1390E+00;1.2917E+02
-1.1380E+00;1.2942E+02
-1.1370E+00;1.2966E+02
-1.1360E+00;1.2990E+02
-1.1350E+00;1.3014E+02
-1.1340E+00;1.3039E+02
-1.1330E+00;1.3063E+02
-1.1320E+00;1.3087E+02
-1.1310E+00;1.3111E+02
-1.1300E+00;1.3136E+02
-1.1290E+00;1.3160E+02
-1.1280E+00;1.3184E+02
-1.1270E+00;1.3208E+02
-1.1260E+00;1.3233E+02
-1.1250E+00;1.3257E+02
-1.1240E+00;1.3281E+02
-1.1230E+00;1.3305E+02
-1.1220E+00;1.3330E+02
-1.1210E+00;1.3354E+02
-1.1200E+00;1.3378E+02
-1.1190E+00;1.3403E+02
-1.1180E+00;1.3427E+02
-1.1170E+00;1.3451E+02
-1.1160E+00;1.3475E+02
-1.1150E+00;1.3500E+02
-1.1140E+00;1.3524E+02
-1.1130E+00;1.3548E+02
-1.1120E+00;1.3573E+02
-1.1110E+00;1.3597E+02
-1.1100E+00;1.3621E+02
-1.1090E+00;1.3645E+02
-1.1080E+00;1.3670E+02
-1.1070E+00;1.3694E+02
-1.1060E+00;1.3718E+02
-1.1050E+00;1.3743E+02
-1.1040E+00;1.3767E+02
-1.1030E+00;1.3800E+02
-1.1020E+00;1.3840E+02
-1.1010E+00;1.3879E+02
-1.1000E+00;1.3919E+02
-1.0990E+00;1.3959E+02
-1.0980E+00;1.3998E+02
-1.0970E+00;1.4038E+02
-1.0960E+00;1.4078E+02
-1.0950E+00;1.4117E+02
-1.0940E+00;1.4157E+02
-1.0930E+00;1.4197E+02
-1.0920E+00;1.4236E+02
-1.0910E+00;1.4276E+02
-1.0900E+00;1.4316E+02
-1.0890E+00;1.4355E+02
-1.0880E+00;1.4395E+02
-1.0870E+00;1.4435E+02
-1.0860E+00;1.4474E+02
-1.0850E+00;1.4514E+02
-1.0840E+00;1.4554E+02
-1.0830E+00;1.4593E+02
-1.0820E+00;1.4633E+02
-1.0810E+00;1.4673E+02
-1.0800E+00;1.4713E+02
-1.0790E+00;1.4752E+02
-1.0780E+00;1.4792E+02
-1.0770E+00;1.4832E+02
-1.0760E+00;1.4871E+02
-1.0750E+00;1.4911E+02
-1.0740E+00;1.4951E+02
-1.0730E+00;1.4991E+02
-1.0720E+00;1.5030E+02
-1.0710E+00;1.5070E+02
-1.0700E+00;1.5110E+02
-1.0690E+00;1.5149E+02
-1.0680E+00;1.5189E+02
-1.0670E+00;1.5229E+02
-1.0660E+00;1.5269E+02
-1.0650E+00;1.5308E+02
-1.0640E+00;1.5348E+02
-1.0630E+00;1.5388E+02
-1.0620E+00;1.5427E+02
-1.0610E+00;1.5467E+02
-1.0600E+00;1.5507E+02
-1.0590E+00;1.5547E+02
-1.0580E+00;1.5586E+02
-1.0570E+00;1.5626E+02
-1.0560E+00;1.5666E+02
-1.0550E+00;1.5706E+02
-1.0540E+00;1.5745E+02
-1.0530E+00;1.5785E+02
-1.0520E+00;1.5825E+02
-1.0510E+00;1.5865E+02
-1.0500E+00;1.5904E+02
-1.0490E+00;1.5944E+02
-1.0480E+00;1.5984E+02
-1.0470E+00;1.6024E+02
-1.0460E+00;1.6063E+02
-1.0450E+00;1.6103E+02
-1.0440E+00;1.6143E+02
-1.0430E+00;1.6183E+02
-1.0420E+00;1.6222E+02
-1.0410E+00;1.6262E+02
-1.0400E+00;1.6302E+02
-1.0390E+00;1.6342E+02
-1.0380E+00;1.6382E+02
-1.0370E+00;1.6421E+02
-1.0360E+00;1.6461E+02
-1.0350E+00;1.6501E+02
-1.0340E+00;1.6541E+02
-1.0330E+00;1.6580E+02
-1.0320E+00;1.6620E+02
-1.0310E+00;1.6660E+02
-1.0300E+00;1.6700E+02
-1.0290E+00;1.6739E+02
-1.0280E+00;1.6779E+02
-1.0270E+00;1.6819E+02
-1.0260E+00;1.6859E+02
-1.0250E+00;1.6899E+02
-1.0240E+00;1.6938E+02
-1.0230E+00;1.6978E+02
-1.0220E+00;1.7018E+02
-1.0210E+00;1.7058E+02
-1.0200E+00;1.7098E+02
-1.0190E+00;1.7137E+02
-1.0180E+00;1.7177E+02
-1.0170E+00;1.7217E+02
-1.0160E+00;1.7257E+02
-1.0150E+00;1.7297E+02
-1.0140E+00;1.7336E+02
-1.0130E+00;1.7376E+02
-1.0120E+00;1.7416E+02
-1.0110E+00;1.7456E+02
-1.0100E+00;1.7496E+02
-1.0090E+00;1.7535E+02
-1.0080E+00;1.7575E+02
-1.0070E+00;1.7615E+02
-1.0060E+00;1.7655E+02
-1.0050E+00;1.7695E+02
-1.0040E+00;1.7734E+02
-1.0030E+00;1.7774E+02
-1.0020E+00;1.7814E+02
-1.0010E+00;1.7854E+02
-1.0000E+00;1.7894E+02
-9.9900E-01;1.7941E+02
-9.9800E-01;1.7988E+02
-9.9700E-01;1.8036E+02
-9.9600E-01;1.8083E+02
-9.9500E-01;1.8130E+02
-9.9400E-01;1.8178E+02
-9.9300E-01;1.8225E+02
-9.9200E-01;1.8273E+02
-9.9100E-01;1.8320E+02
-9.9000E-01;1.8367E+02
-9.8900E-01;1.8415E+02
-9.8800E-01;1.8462E+02
-9.8700E-01;1.8509E+02
-9.8600E-01;1.8557E+02
-9.8500E-01;1.8604E+02
-9.8400E-01;1.8652E+02
-9.8300E-01;1.8699E+02
-9.8200E-01;1.8746E+02
-9.8100E-01;1.8794E+02
-9.8000E-01;1.8841E+02
-9.7900E-01;1.8888E+02
-9.7800E-01;1.8936E+02
-9.7700E-01;1.8983E+02
-9.7600E-01;1.9031E+02
-9.7500E-01;1.9078E+02
-9.7400E-01;1.9125E+02
-9.7300E-01;1.9173E+02
-9.7200E-01;1.9220E+02
-9.7100E-01;1.9267E+02
-9.7000E-01;1.9315E+02
-9.6900E-01;1.9362E+02
-9.6800E-01;1.9410E+02
-9.6700E-01;1.9457E+02
-9.6600E-01;1.9504E+02
-9.6500E-01;1.9552E+02
-9.6400E-01;1.9599E+02
-9.6300E-01;1.9647E+02
-9.6200E-01;1.9694E+02
-9.6100E-01;1.9741E+02
-9.6000E-01;1.9789E+02
-9.5900E-01;1.9836E+02
-9.5800E-01;1.9883E+02
-9.5700E-01;1.9931E+02
-9.5600E-01;1.9978E+02
-9.5500E-01;2.0026E+02
-9.5400E-01;2.0073E+02
-9.5300E-01;2.0120E+02
-9.5200E-01;2.0168E+02
-9.5100E-01;2.0215E+02
-9.5000E-01;2.0263E+02
-9.4900E-01;2.0310E+02
-9.4800E-01;2.0357E+02
-9.4700E-01;2.0405E+02
-9.4600E-01;2.0452E+02
-9.4500E-01;2.0500E+02
-9.4400E-01;2.0547E+02
-9.4300E-01;2.0594E+02
-9.4200E-01;2.0642E+02
-9.4100E-01;2.0689E+02
-9.4000E-01;2.0737E+02
-9.3900E-01;2.0784E+02
-9.3800E-01;2.0831E+02
-9.3700E-01;2.0879E+02
-9.3600E-01;2.0926E+02
-9.3500E-01;2.0974E+02
-9.3400E-01;2.1021E+02
-9.3300E-01;2.1068E+02
-9.3200E-01;2.1116E+02
-9.3100E-01;2.1163E+02
-9.3000E-01;2.1211E+02
-9.2900E-01;2.1258E+02
-9.2800E-01;2.1305E+02
-9.2700E-01;2.1353E+02
-9.2600E-01;2.1400E+02
-9.2500E-01;2.1448E+02
-9.2400E-01;2.1495E+02
-9.2300E-01;2.1542E+02
-9.2200E-01;2.1590E+02
-9.2100E-01;2.1637E+02
-9.2000E-01;2.1685E+02
-9.1900E-01;2.1732E+02
-9.1800E-01;2.1780E+02
-9.1700E-01;2.1827E+02
-9.1600E-01;2.1874E+02
-9.1500E-01;2.1922E+02
-9.1400E-01;2.1969E+02
-9.1300E-01;2.2017E+02
-9.1200E-01;2.2064E+02
-9.1100E-01;2.2112E+02
-9.1000E-01;2.2163E+02
-9.0900E-01;2.2214E+02
-9.0800E-01;2.2264E+02
-9.0700E-01;2.2315E+02
-9.0600E-01;2.2366E+02
-9.0500E-01;2.2417E+02
-9.0400E-01;2.2468E+02
-9.0300E-01;2.2519E+02
-9.0200E-01;2.2570E+02
-9.0100E-01;2.2621E+02
-9.0000E-01;2.2672E+02
-8.9900E-01;2.2723E+02
-8.9800E-01;2.2774E+02
-8.9700E-01;2.2826E+02
-8.9600E-01;2.2877E+02
-8.9500E-01;2.2928E+02
-8.9400E-01;2.2980E+02
-8.9300E-01;2.3031E+02
-8.9200E-01;2.3083E+02
-8.9100E-01;2.3134E+02
-8.9000E-01;2.3186E+02
-8.8900E-01;2.3237E+02
-8.8800E-01;2.3289E+02
-8.8700E-01;2.3341E+02
-8.8600E-01;2.3393E+02
-8.8500E-01;2.3445E+02
-8.8400E-01;2.3496E+02
-8.8300E-01;2.3548E+02
-8.8200E-01;2.3600E+02
-8.8100E-01;2.3652E+02
-8.8000E-01;2.3704E+02
-8.7900E-01;2.3756E+02
-8.7800E-01;2.3809E+02
-8.7700E-01;2.3861E+02
-8.7600E-01;2.3913E+02
-8.7500E-01;2.3965E+02
-8.7400E-01;2.4017E+02
-8.7300E-01;2.4070E+02
-8.7200E-01;2.4122E+02
-8.7100E-01;2.4175E+02
-8.7000E-01;2.4227E+02
-8.6900E-01;2.4280E+02
-8.6800E-01;2.4332E+02
-8.6700E-01;2.4385E+02
-8.6600E-01;2.4437E+02
-8.6500E-01;2.4490E+02
-8.6400E-01;2.4543E+02
-8.6300E-01;2.4595E+02
-8.6200E-01;2.4648E+02
-8.6100E-01;2.4701E+02
-8.6000E-01;2.4754E+02
-8.5900E-01;2.4807E+02
-8.5800E-01;2.4860E+02
-8.5700E-01;2.4913E+02
-8.5600E-01;2.4966E+02
-8.5500E-01;2.5019E+02
-8.5400E-01;2.5072E+02
-8.5300E-01;2.5125E+02
-8.5200E-01;2.5178E+02
-8.5100E-01;2.5231E+02
-8.5000E-01;2.5284E+02
-8.4900E-01;2.5338E+02
-8.4800E-01;2.5391E+02
-8.4700E-01;2.5444E+02
-8.4600E-01;2.5498E+02
-8.4500E-01;2.5551E+02
-8.4400E-01;2.5604E+02
-8.4300E-01;2.5658E+02
-8.4200E-01;2.5711E+02
-8.4100E-01;2.5765E+02
-8.4000E-01;2.5818E+02
-8.3900E-01;2.5872E+02
-8.3800E-01;2.5926E+02
-8.3700E-01;2.5979E+02
-8.3600E-01;2.6033E+02
-8.3500E-01;2.6087E+02
-8.3400E-01;2.6140E+02
-8.3300E-01;2.6194E+02
-8.3200E-01;2.6248E+02
-8.3100E-01;2.6302E+02
-8.3000E-01;2.6347E+02
-8.2900E-01;2.6391E+02
-8.2800E-01;2.6435E+02
-8.2700E-01;2.6479E+02
-8.2600E-01;2.6522E+02
-8.2500E-01;2.6561E+02
-8.2400E-01;2.6600E+02
-8.2300E-01;2.6640E+02
-8.2200E-01;2.6679E+02
-8.2100E-01;2.6718E+02
-8.2000E-01;2.6769E+02
-8.1900E-01;2.6820E+02
-8.1800E-01;2.6872E+02
-8.1700E-01;2.6924E+02
-8.1600E-01;2.6976E+02
-8.1500E-01;2.7027E+02
-8.1400E-01;2.7079E+02
-8.1300E-01;2.7131E+02
-8.1200E-01;2.7183E+02
-8.1100E-01;2.7235E+02
-8.1000E-01;2.7288E+02
-8.0900E-01;2.7340E+02
-8.0800E-01;2.7392E+02
-8.0700E-01;2.7444E+02
-8.0600E-01;2.7496E+02
-8.0500E-01;2.7549E+02
-8.0400E-01;2.7601E+02
-8.0300E-01;2.7653E+02
-8.0200E-01;2.7706E+02
-8.0100E-01;2.7758E+02
-8.0000E-01;2.7811E+02
-7.9900E-01;2.7863E+02
-7.9800E-01;2.7916E+02
-7.9700E-01;2.7968E+02
-7.9600E-01;2.8021E+02
-7.9500E-01;2.8074E+02
-7.9400E-01;2.8127E+02
-7.9300E-01;2.8179E+02
-7.9200E-01;2.8232E+02
-7.9100E-01;2.8285E+02
-7.9000E-01;2.8338E+02
-7.8900E-01;2.8391E+02
-7.8800E-01;2.8444E+02
-7.8700E-01;2.8497E+02
-7.8600E-01;2.8550E+02
-7.8500E-01;2.8603E+02
-7.8400E-01;2.8656E+02
-7.8300E-01;2.8709E+02
-7.8200E-01;2.8762E+02
-7.8100E-01;2.8816E+02
-7.8000E-01;2.8869E+02
-7.7900E-01;2.8922E+02
-7.7800E-01;2.8975E+02
-7.7700E-01;2.9029E+02
-7.7600E-01;2.9082E+02
-7.7500E-01;2.9136E+02
-7.7400E-01;2.9189E+02
-7.7300E-01;2.9243E+02
-7.7200E-01;2.9296E+02
-7.7100E-01;2.9350E+02
-7.7000E-01;2.9403E+02
-7.6900E-01;2.9457E+02
-7.6800E-01;2.9511E+02
-7.6700E-01;2.9564E+02
-7.6600E-01;2.9618E+02
-7.6500E-01;2.9672E+02
-7.6400E-01;2.9726E+02
-7.6300E-01;2.9780E+02
-7.6200E-01;2.9833E+02
-7.6100E-01;2.9887E+02
-7.6000E-01;2.9941E+02
-7.5900E-01;2.9995E+02
-7.5800E-01;3.0049E+02
-7.5700E-01;3.0103E+02
-7.5600E-01;3.0157E+02
-7.5500E-01;3.0211E+02
-7.5400E-01;3.0266E+02
-7.5300E-01;3.0320E+02
-7.5200E-01;3.0374E+02
-7.5100E-01;3.0428E+02
-7.5000E-01;3.0482E+02
-7.4900E-01;3.0537E+02
-7.4800E-01;3.0591E+02
-7.4700E-01;3.0645E+02
-7.4600E-01;3.0700E+02
-7.4500E-01;3.0754E+02
-7.4400E-01;3.0809E+02
-7.4300E-01;3.0863E+02
-7.4200E-01;3.0918E+02
-7.4100E-01;3.0972E+02
-7.4000E-01;3.1027E+02
-7.3900E-01;3.1081E+02
-7.3800E-01;3.1134E+02
-7.3700E-01;3.1186E+02
-7.3600E-01;3.1239E+02
-7.3500E-01;3.1291E+02
-7.3400E-01;3.1344E+02
-7.3300E-01;3.1397E+02
-7.3200E-01;3.1450E+02
-7.3100E-01;3.1503E+02
-7.3000E-01;3.1556E+02
-7.2900E-01;3.1610E+02
-7.2800E-01;3.1663E+02
-7.2700E-01;3.1717E+02
-7.2600E-01;3.1771E+02
-7.2500E-01;3.1824E+02
-7.2400E-01;3.1878E+02
-7.2300E-01;3.1932E+02
-7.2200E-01;3.1987E+02
-7.2100E-01;3.2041E+02
-7.2000E-01;3.2095E+02
-7.1900E-01;3.2150E+02
-7.1800E-01;3.2204E+02
-7.1700E-01;3.2259E+02
-7.1600E-01;3.2314E+02
-7.1500E-01;3.2369E+02
-7.1400E-01;3.2424E+02
-7.1300E-01;3.2479E+02
-7.1200E-01;3.2535E+02
-7.1100E-01;3.2590E+02
-7.1000E-01;3.2646E+02
-7.0900E-01;3.2701E+02
-7.0800E-01;3.2757E+02
-7.0700E-01;3.2813E+02
-7.0600E-01;3.2869E+02
-7.0500E-01;3.2925E+02
-7.0400E-01;3.2981E+02
-7.0300E-01;3.3037E+02
-7.0200E-01;3.3093E+02
-7.0100E-01;3.3150E+02
-7.0000E-01;3.3206E+02
-6.9900E-01;3.3263E+02
-6.9800E-01;3.3320E+02
-6.9700E-01;3.3377E+02
-6.9600E-01;3.3434E+02
-6.9500E-01;3.3491E+02
-6.9400E-01;3.3548E+02
-6.9300E-01;3.3605E+02
-6.9200E-01;3.3663E+02
-6.9100E-01;3.3720E+02
-6.9000E-01;3.3778E+02
-6.8900E-01;3.3835E+02
-6.8800E-01;3.3888E+02
-6.8700E-01;3.3932E+02
-6.8600E-01;3.3976E+02
-6.8500E-01;3.4020E+02
-6.8400E-01;3.4064E+02
-6.8300E-01;3.4108E+02
-6.8200E-01;3.4152E+02
-6.8100E-01;3.4196E+02
-6.8000E-01;3.4240E+02
-6.7900E-01;3.4284E+02
-6.7800E-01;3.4329E+02
-6.7700E-01;3.4373E+02
-6.7600E-01;3.4417E+02
-6.7500E-01;3.4462E+02
-6.7400E-01;3.4506E+02
-6.7300E-01;3.4551E+02
-6.7200E-01;3.4596E+02
-6.7100E-01;3.4640E+02
-6.7000E-01;3.4685E+02
-6.6900E-01;3.4730E+02
-6.6800E-01;3.4774E+02
-6.6700E-01;3.4819E+02
-6.6600E-01;3.4864E+02
-6.6500E-01;3.4909E+02
-6.6400E-01;3.4954E+02
-6.6300E-01;3.4999E+02
-6.6200E-01;3.5044E+02
-6.6100E-01;3.5089E+02
-6.6000E-01;3.5134E+02
-6.5900E-01;3.5180E+02
-6.5800E-01;3.5225E+02
-6.5700E-01;3.5270E+02
-6.5600E-01;3.5316E+02
-6.5500E-01;3.5361E+02
-6.5400E-01;3.5406E+02
-6.5300E-01;3.5452E+02
-6.5200E-01;3.5497E+02
-6.5100E-01;3.5543E+02
-6.5000E-01;3.5589E+02
-6.4900E-01;3.5634E+02
-6.4800E-01;3.5680E+02
-6.4700E-01;3.5726E+02
-6.4600E-01;3.5771E+02
-6.4500E-01;3.5819E+02
-6.4400E-01;3.5867E+02
-6.4300E-01;3.5914E+02
-6.4200E-01;3.5963E+02
-6.4100E-01;3.6011E+02
-6.4000E-01;3.6059E+02
-6.3900E-01;3.6108E+02
-6.3800E-01;3.6156E+02
-6.3700E-01;3.6205E+02
-6.3600E-01;3.6254E+02
-6.3500E-01;3.6303E+02
-6.3400E-01;3.6352E+02
-6.3300E-01;3.6401E+02
-6.3200E-01;3.6450E+02
-6.3100E-01;3.6499E+02
-6.3000E-01;3.6549E+02
-6.2900E-01;3.6599E+02
-6.2800E-01;3.6648E+02
-6.2700E-01;3.6698E+02
-6.2600E-01;3.6748E+02
-6.2500E-01;3.6798E+02
-6.2400E-01;3.6849E+02
-6.2300E-01;3.6899E+02
-6.2200E-01;3.6950E+02
-6.2100E-01;3.7000E+02
-6.2000E-01;3.7051E+02
-6.1900E-01;3.7102E+02
-6.1800E-01;3.7153E+02
-6.1700E-01;3.7204E+02
-6.1600E-01;3.7255E+02
-6.1500E-01;3.7306E+02
-6.1400E-01;3.7358E+02
-6.1300E-01;3.7409E+02
-6.1200E-01;3.7461E+02
-6.1100E-01;3.7512E+02
-6.1000E-01;3.7564E+02
-6.0900E-01;3.7616E+02
-6.0800E-01;3.7668E+02
-6.0700E-01;3.7720E+02
-6.0600E-01;3.7773E+02
-6.0500E-01;3.7825E+02
-6.0400E-01;3.7877E+02
-6.0300E-01;3.7930E+02
-6.0200E-01;3.7983E+02
-6.0100E-01;3.8036E+02
-6.0000E-01;3.8088E+02
-5.9900E-01;3.8141E+02
-5.9800E-01;3.8195E+02
-5.9700E-01;3.8248E+02
-5.9600E-01;3.8301E+02
-5.9500E-01;3.8355E+02
-5.9400E-01;3.8408E+02
-5.9300E-01;3.8462E+02
-5.9200E-01;3.8515E+02
-5.9100E-01;3.8569E+02
-5.9000E-01;3.8623E+02
-5.8900E-01;3.8677E+02
-5.8800E-01;3.8731E+02
-5.8700E-01;3.8786E+02
-5.8600E-01;3.8840E+02
-5.8500E-01;3.8894E+02
-5.8400E-01;3.8949E+02
-5.8300E-01;3.9004E+02
-5.8200E-01;3.9058E+02
-5.8100E-01;3.9098E+02
-5.8000E-01;3.9138E+02
-5.7900E-01;3.9177E+02
-5.7800E-01;3.9216E+02
-5.7700E-01;3.9256E+02
-5.7600E-01;3.9295E+02
-5.7500E-01;3.9335E+02
-5.7400E-01;3.9375E+02
-5.7300E-01;3.9414E+02
-5.7200E-01;3.9454E+02
-5.7100E-01;3.9494E+02
-5.7000E-01;3.9534E+02
-5.6900E-01;3.9574E+02
-5.6800E-01;3.9614E+02
-5.6700E-01;3.9654E+02
-5.6600E-01;3.9694E+02
-5.6500E-01;3.9734E+02
-5.6400E-01;3.9775E+02
-5.6300E-01;3.9815E+02
-5.6200E-01;3.9856E+02
-5.6100E-01;3.9896E+02
-5.6000E-01;3.9937E+02
-5.5900E-01;3.9977E+02
-5.5800E-01;4.0018E+02
-5.5700E-01;4.0059E+02
-5.5600E-01;4.0100E+02
-5.5500E-01;4.0141E+02
-5.5400E-01;4.0181E+02
-5.5300E-01;4.0222E+02
-5.5200E-01;4.0264E+02
-5.5100E-01;4.0305E+02
-5.5000E-01;4.0346E+02
-5.4900E-01;4.0387E+02
-5.4800E-01;4.0428E+02
-5.4700E-01;4.0470E+02
-5.4600E-01;4.0511E+02
-5.4500E-01;4.0553E+02
-5.4400E-01;4.0594E+02
-5.4300E-01;4.0636E+02
-5.4200E-01;4.0678E+02
-5.4100E-01;4.0719E+02
-5.4000E-01;4.0761E+02
-5.3900E-01;4.0803E+02
-5.3800E-01;4.0845E+02
-5.3700E-01;4.0887E+02
-5.3600E-01;4.0933E+02
-5.3500E-01;4.0979E+02
-5.3400E-01;4.1026E+02
-5.3300E-01;4.1073E+02
-5.3200E-01;4.1120E+02
-5.3100E-01;4.1168E+02
-5.3000E-01;4.1215E+02
-5.2900E-01;4.1263E+02
-5.2800E-01;4.1310E+02
-5.2700E-01;4.1358E+02
-5.2600E-01;4.1406E+02
-5.2500E-01;4.1454E+02
-5.2400E-01;4.1502E+02
-5.2300E-01;4.1550E+02
-5.2200E-01;4.1598E+02
-5.2100E-01;4.1647E+02
-5.2000E-01;4.1695E+02
-5.1900E-01;4.1744E+02
-5.1800E-01;4.1792E+02
-5.1700E-01;4.1841E+02
-5.1600E-01;4.1890E+02
-5.1500E-01;4.1939E+02
-5.1400E-01;4.1988E+02
-5.1300E-01;4.2038E+02
-5.1200E-01;4.2087E+02
-5.1100E-01;4.2136E+02
-5.1000E-01;4.2186E+02
-5.0900E-01;4.2236E+02
-5.0800E-01;4.2285E+02
-5.0700E-01;4.2335E+02
-5.0600E-01;4.2385E+02
-5.0500E-01;4.2435E+02
-5.0400E-01;4.2486E+02
-5.0300E-01;4.2536E+02
-5.0200E-01;4.2586E+02
-5.0100E-01;4.2637E+02
-5.0000E-01;4.2687E+02
-4.9900E-01;4.2738E+02
-4.9800E-01;4.2789E+02
-4.9700E-01;4.2840E+02
-4.9600E-01;4.2891E+02
-4.9500E-01;4.2942E+02
-4.9400E-01;4.2993E+02
-4.9300E-01;4.3045E+02
-4.9200E-01;4.3096E+02
-4.9100E-01;4.3148E+02
-4.9000E-01;4.3199E+02
-4.8900E-01;4.3251E+02
-4.8800E-01;4.3303E+02
-4.8700E-01;4.3355E+02
-4.8600E-01;4.3407E+02
-4.8500E-01;4.3459E+02
-4.8400E-01;4.3511E+02
-4.8300E-01;4.3563E+02
-4.8200E-01;4.3616E+02
-4.8100E-01;4.3668E+02
-4.8000E-01;4.3721E+02
-4.7900E-01;4.3774E+02
-4.7800E-01;4.3826E+02
-4.7700E-01;4.3879E+02
-4.7600E-01;4.3926E+02
-4.7500E-01;4.3969E+02
-4.7400E-01;4.4011E+02
-4.7300E-01;4.4054E+02
-4.7200E-01;4.4097E+02
-4.7100E-01;4.4140E+02
-4.7000E-01;4.4183E+02
-4.6900E-01;4.4226E+02
-4.6800E-01;4.4269E+02
-4.6700E-01;4.4312E+02
-4.6600E-01;4.4355E+02
-4.6500E-01;4.4399E+02
-4.6400E-01;4.4442E+02
-4.6300E-01;4.4485E+02
-4.6200E-01;4.4529E+02
-4.6100E-01;4.4572E+02
-4.6000E-01;4.4616E+02
-4.5900E-01;4.4660E+02
-4.5800E-01;4.4704E+02
-4.5700E-01;4.4747E+02
-4.5600E-01;4.4791E+02
-4.5500E-01;4.4835E+02
-4.5400E-01;4.4879E+02
-4.5300E-01;4.4923E+02
-4.5200E-01;4.4967E+02
-4.5100E-01;4.5012E+02
-4.5000E-01;4.5056E+02
-4.4900E-01;4.5100E+02
-4.4800E-01;4.5145E+02
-4.4700E-01;4.5189E+02
-4.4600E-01;4.5234E+02
-4.4500E-01;4.5278E+02
-4.4400E-01;4.5323E+02
-4.4300E-01;4.5368E+02
-4.4200E-01;4.5413E+02
-4.4100E-01;4.5457E+02
-4.4000E-01;4.5502E+02
-4.3900E-01;4.5547E+02
-4.3800E-01;4.5592E+02
-4.3700E-01;4.5637E+02
-4.3600E-01;4.5683E+02
-4.3500E-01;4.5728E+02
-4.3400E-01;4.5773E+02
-4.3300E-01;4.5818E+02
-4.3200E-01;4.5864E+02
-4.3100E-01;4.5909E+02
-4.3000E-01;4.5955E+02
-4.2900E-01;4.6000E+02
-4.2800E-01;4.6046E+02
-4.2700E-01;4.6092E+02
-4.2600E-01;4.6140E+02
-4.2500E-01;4.6189E+02
-4.2400E-01;4.6239E+02
-4.2300E-01;4.6288E+02
-4.2200E-01;4.6338E+02
-4.2100E-01;4.6387E+02
-4.2000E-01;4.6437E+02
-4.1900E-01;4.6487E+02
-4.1800E-01;4.6536E+02
-4.1700E-01;4.6586E+02
-4.1600E-01;4.6636E+02
-4.1500E-01;4.6687E+02
-4.1400E-01;4.6737E+02
-4.1300E-01;4.6787E+02
-4.1200E-01;4.6838E+02
-4.1100E-01;4.6888E+02
-4.1000E-01;4.6939E+02
-4.0900E-01;4.6989E+02
-4.0800E-01;4.7040E+02
-4.0700E-01;4.7091E+02
-4.0600E-01;4.7142E+02
-4.0500E-01;4.7193E+02
-4.0400E-01;4.7244E+02
-4.0300E-01;4.7295E+02
-4.0200E-01;4.7347E+02
-4.0100E-01;4.7398E+02
-4.0000E-01;4.7450E+02
-3.9900E-01;4.7501E+02
-3.9800E-01;4.7553E+02
-3.9700E-01;4.7605E+02
-3.9600E-01;4.7657E+02
-3.9500E-01;4.7708E+02
-3.9400E-01;4.7760E+02
-3.9300E-01;4.7813E+02
-3.9200E-01;4.7865E+02
-3.9100E-01;4.7917E+02
-3.9000E-01;4.7969E+02
-3.8900E-01;4.8022E+02
-3.8800E-01;4.8074E+02
-3.8700E-01;4.8127E+02
-3.8600E-01;4.8180E+02
-3.8500E-01;4.8233E+02
-3.8400E-01;4.8285E+02
-3.8300E-01;4.8338E+02
-3.8200E-01;4.8391E+02
-3.8100E-01;4.8445E+02
-3.8000E-01;4.8498E+02
-3.7900E-01;4.8551E+02
-3.7800E-01;4.8604E+02
-3.7700E-01;4.8658E+02
-3.7600E-01;4.8711E+02
-3.7500E-01;4.8765E+02
-3.7400E-01;4.8819E+02
-3.7300E-01;4.8871E+02
-3.7200E-01;4.8916E+02
-3.7100E-01;4.8962E+02
-3.7000E-01;4.9008E+02
-3.6900E-01;4.9054E+02
-3.6800E-01;4.9099E+02
-3.6700E-01;4.9145E+02
-3.6600E-01;4.9191E+02
-3.6500E-01;4.9237E+02
-3.6400E-01;4.9283E+02
-3.6300E-01;4.9330E+02
-3.6200E-01;4.9376E+02
-3.6100E-01;4.9422E+02
-3.6000E-01;4.9468E+02
-3.5900E-01;4.9515E+02
-3.5800E-01;4.9561E+02
-3.5700E-01;4.9608E+02
-3.5600E-01;4.9654E+02
-3.5500E-01;4.9701E+02
-3.5400E-01;4.9748E+02
-3.5300E-01;4.9794E+02
-3.5200E-01;4.9841E+02
-3.5100E-01;4.9888E+02
-3.5000E-01;4.9935E+02
-3.4900E-01;4.9982E+02
-3.4800E-01;5.0029E+02
-3.4700E-01;5.0076E+02
-3.4600E-01;5.0123E+02
-3.4500E-01;5.0170E+02
-3.4400E-01;5.0218E+02
-3.4300E-01;5.0265E+02
-3.4200E-01;5.0312E+02
-3.4100E-01;5.0360E+02
-3.4000E-01;5.0407E+02
-3.3900E-01;5.0455E+02
-3.3800E-01;5.0502E+02
-3.3700E-01;5.0550E+02
-3.3600E-01;5.0597E+02
-3.3500E-01;5.0645E+02
-3.3400E-01;5.0693E+02
-3.3300E-01;5.0741E+02
-3.3200E-01;5.0789E+02
-3.3100E-01;5.0837E+02
-3.3000E-01;5.0885E+02
-3.2900E-01;5.0933E+02
-3.2800E-01;5.0981E+02
-3.2700E-01;5.1029E+02
-3.2600E-01;5.1082E+02
-3.2500E-01;5.1137E+02
-3.2400E-01;5.1192E+02
-3.2300E-01;5.1247E+02
-3.2200E-01;5.1302E+02
-3.2100E-01;5.1357E+02
-3.2000E-01;5.1412E+02
-3.1900E-01;5.1467E+02
-3.1800E-01;5.1522E+02
-3.1700E-01;5.1578E+02
-3.1600E-01;5.1633E+02
-3.1500E-01;5.1689E+02
-3.1400E-01;5.1744E+02
-3.1300E-01;5.1800E+02
-3.1200E-01;5.1855E+02
-3.1100E-01;5.1911E+02
-3.1000E-01;5.1967E+02
-3.0900E-01;5.2023E+02
-3.0800E-01;5.2079E+02
-3.0700E-01;5.2135E+02
-3.0600E-01;5.2191E+02
-3.0500E-01;5.2248E+02
-3.0400E-01;5.2304E+02
-3.0300E-01;5.2360E+02
-3.0200E-01;5.2417E+02
-3.0100E-01;5.2473E+02
-3.0000E-01;5.2530E+02
-2.9900E-01;5.2586E+02
-2.9800E-01;5.2643E+02
-2.9700E-01;5.2700E+02
-2.9600E-01;5.2757E+02
-2.9500E-01;5.2814E+02
-2.9400E-01;5.2871E+02
-2.9300E-01;5.2928E+02
-2.9200E-01;5.2985E+02
-2.9100E-01;5.3042E+02
-2.9000E-01;5.3099E+02
-2.8900E-01;5.3157E+02
-2.8800E-01;5.3214E+02
-2.8700E-01;5.3272E+02
-2.8600E-01;5.3329E+02
-2.8500E-01;5.3387E+02
-2.8400E-01;5.3445E+02
-2.8300E-01;5.3502E+02
-2.8200E-01;5.3560E+02
-2.8100E-01;5.3618E+02
-2.8000E-01;5.3676E+02
-2.7900E-01;5.3734E+02
-2.7800E-01;5.3792E+02
-2.7700E-01;5.3850E+02
-2.7600E-01;5.3909E+02
-2.7500E-01;5.3967E+02
-2.7400E-01;5.4025E+02
-2.7300E-01;5.4082E+02
-2.7200E-01;5.4134E+02
-2.7100E-01;5.4185E+02
-2.7000E-01;5.4237E+02
-2.6900E-01;5.4288E+02
-2.6800E-01;5.4340E+02
-2.6700E-01;5.4392E+02
-2.6600E-01;5.4444E+02
-2.6500E-01;5.4496E+02
-2.6400E-01;5.4548E+02
-2.6300E-01;5.4600E+02
-2.6200E-01;5.4652E+02
-2.6100E-01;5.4704E+02
-2.6000E-01;5.4756E+02
-2.5900E-01;5.4808E+02
-2.5800E-01;5.4860E+02
-2.5700E-01;5.4912E+02
-2.5600E-01;5.4965E+02
-2.5500E-01;5.5017E+02
-2.5400E-01;5.5070E+02
-2.5300E-01;5.5122E+02
-2.5200E-01;5.5175E+02
-2.5100E-01;5.5227E+02
-2.5000E-01;5.5280E+02
-2.4900E-01;5.5333E+02
-2.4800E-01;5.5385E+02
-2.4700E-01;5.5438E+02
-2.4600E-01;5.5491E+02
-2.4500E-01;5.5544E+02
-2.4400E-01;5.5597E+02
-2.4300E-01;5.5650E+02
-2.4200E-01;5.5703E+02
-2.4100E-01;5.5756E+02
-2.4000E-01;5.5809E+02
-2.3900E-01;5.5863E+02
-2.3800E-01;5.5916E+02
-2.3700E-01;5.5969E+02
-2.3600E-01;5.6023E+02
-2.3500E-01;5.6076E+02
-2.3400E-01;5.6130E+02
-2.3300E-01;5.6183E+02
-2.3200E-01;5.6237E+02
-2.3100E-01;5.6290E+02
-2.3000E-01;5.6344E+02
-2.2900E-01;5.6398E+02
-2.2800E-01;5.6451E+02
-2.2700E-01;5.6505E+02
-2.2600E-01;5.6567E+02
-2.2500E-01;5.6630E+02
-2.2400E-01;5.6694E+02
-2.2300E-01;5.6757E+02
-2.2200E-01;5.6821E+02
-2.2100E-01;5.6884E+02
-2.2000E-01;5.6948E+02
-2.1900E-01;5.7012E+02
-2.1800E-01;5.7076E+02
-2.1700E-01;5.7140E+02
-2.1600E-01;5.7204E+02
-2.1500E-01;5.7268E+02
-2.1400E-01;5.7332E+02
-2.1300E-01;5.7396E+02
-2.1200E-01;5.7461E+02
-2.1100E-01;5.7525E+02
-2.1000E-01;5.7589E+02
-2.0900E-01;5.7654E+02
-2.0800E-01;5.7718E+02
-2.0700E-01;5.7783E+02
-2.0600E-01;5.7847E+02
-2.0500E-01;5.7912E+02
-2.0400E-01;5.7977E+02
-2.0300E-01;5.8042E+02
-2.0200E-01;5.8107E+02
-2.0100E-01;5.8171E+02
-2.0000E-01;5.8236E+02
-1.9900E-01;5.8301E+02
-1.9800E-01;5.8367E+02
-1.9700E-01;5.8432E+02
-1.9600E-01;5.8497E+02
-1.9500E-01;5.8562E+02
-1.9400E-01;5.8628E+02
-1.9300E-01;5.8693E+02
-1.9200E-01;5.8758E+02
-1.9100E-01;5.8824E+02
-1.9000E-01;5.8889E+02
-1.8900E-01;5.8955E+02
-1.8800E-01;5.9021E+02
-1.8700E-01;5.9086E+02
-1.8600E-01;5.9152E+02
-1.8500E-01;5.9218E+02
-1.8400E-01;5.9284E+02
-1.8300E-01;5.9350E+02
-1.8200E-01;5.9416E+02
-1.8100E-01;5.9482E+02
-1.8000E-01;5.9548E+02
-1.7900E-01;5.9614E+02
-1.7800E-01;5.9680E+02
-1.7700E-01;5.9747E+02
-1.7600E-01;5.9813E+02
-1.7500E-01;5.9880E+02
-1.7400E-01;5.9946E+02
-1.7300E-01;6.0011E+02
-1.7200E-01;6.0069E+02
-1.7100E-01;6.0127E+02
-1.7000E-01;6.0186E+02
-1.6900E-01;6.0244E+02
-1.6800E-01;6.0302E+02
-1.6700E-01;6.0361E+02
-1.6600E-01;6.0419E+02
-1.6500E-01;6.0478E+02
-1.6400E-01;6.0536E+02
-1.6300E-01;6.0595E+02
-1.6200E-01;6.0654E+02
-1.6100E-01;6.0713E+02
-1.6000E-01;6.0771E+02
-1.5900E-01;6.0830E+02
-1.5800E-01;6.0889E+02
-1.5700E-01;6.0948E+02
-1.5600E-01;6.1007E+02
-1.5500E-01;6.1066E+02
-1.5400E-01;6.1125E+02
-1.5300E-01;6.1185E+02
-1.5200E-01;6.1244E+02
-1.5100E-01;6.1303E+02
-1.5000E-01;6.1362E+02
-1.4900E-01;6.1422E+02
-1.4800E-01;6.1481E+02
-1.4700E-01;6.1540E+02
-1.4600E-01;6.1600E+02
-1.4500E-01;6.1660E+02
-1.4400E-01;6.1719E+02
-1.4300E-01;6.1779E+02
-1.4200E-01;6.1838E+02
-1.4100E-01;6.1898E+02
-1.4000E-01;6.1958E+02
-1.3900E-01;6.2018E+02
-1.3800E-01;6.2078E+02
-1.3700E-01;6.2138E+02
-1.3600E-01;6.2198E+02
-1.3500E-01;6.2258E+02
-1.3400E-01;6.2318E+02
-1.3300E-01;6.2378E+02
-1.3200E-01;6.2438E+02
-1.3100E-01;6.2498E+02
-1.3000E-01;6.2558E+02
-1.2900E-01;6.2619E+02
-1.2800E-01;6.2679E+02
-1.2700E-01;6.2739E+02
-1.2600E-01;6.2811E+02
-1.2500E-01;6.2885E+02
-1.2400E-01;6.2960E+02
-1.2300E-01;6.3035E+02
-1.2200E-01;6.3109E+02
-1.2100E-01;6.3184E+02
-1.2000E-01;6.3259E+02
-1.1900E-01;6.3334E+02
-1.1800E-01;6.3409E+02
-1.1700E-01;6.3484E+02
-1.1600E-01;6.3559E+02
-1.1500E-01;6.3634E+02
-1.1400E-01;6.3709E+02
-1.1300E-01;6.3784E+02
-1.1200E-01;6.3860E+02
-1.1100E-01;6.3935E+02
-1.1000E-01;6.4011E+02
-1.0900E-01;6.4086E+02
-1.0800E-01;6.4162E+02
-1.0700E-01;6.4237E+02
-1.0600E-01;6.4313E+02
-1.0500E-01;6.4388E+02
-1.0400E-01;6.4464E+02
-1.0300E-01;6.4540E+02
-1.0200E-01;6.4616E+02
-1.0100E-01;6.4692E+02
-1.0000E-01;6.4768E+02
-9.9000E-02;6.4844E+02
-9.8000E-02;6.4920E+02
-9.7000E-02;6.4996E+02
-9.6000E-02;6.5072E+02
-9.5000E-02;6.5148E+02
-9.4000E-02;6.5225E+02
-9.3000E-02;6.5301E+02
-9.2000E-02;6.5377E+02
-9.1000E-02;6.5454E+02
-9.0000E-02;6.5530E+02
-8.9000E-02;6.5607E+02
-8.8000E-02;6.5683E+02
-8.7000E-02;6.5760E+02
-8.6000E-02;6.5837E+02
-8.5000E-02;6.5913E+02
-8.4000E-02;6.5990E+02
-8.3000E-02;6.6067E+02
-8.2000E-02;6.6144E+02
-8.1000E-02;6.6221E+02
-8.0000E-02;6.6298E+02
-7.9000E-02;6.6375E+02
-7.8000E-02;6.6452E+02
-7.7000E-02;6.6529E+02
-7.6000E-02;6.6606E+02
-7.5000E-02;6.6684E+02
-7.4000E-02;6.6761E+02
-7.3000E-02;6.6836E+02
-7.2000E-02;6.6904E+02
-7.1000E-02;6.6971E+02
-7.0000E-02;6.7038E+02
-6.9000E-02;6.7106E+02
-6.8000E-02;6.7173E+02
-6.7000E-02;6.7241E+02
-6.6000E-02;6.7308E+02
-6.5000E-02;6.7376E+02
-6.4000E-02;6.7443E+02
-6.3000E-02;6.7511E+02
-6.2000E-02;6.7579E+02
-6.1000E-02;6.7647E+02
-6.0000E-02;6.7715E+02
-5.9000E-02;6.7782E+02
-5.8000E-02;6.7850E+02
-5.7000E-02;6.7918E+02
-5.6000E-02;6.7986E+02
-5.5000E-02;6.8055E+02
-5.4000E-02;6.8123E+02
-5.3000E-02;6.8191E+02
-5.2000E-02;6.8259E+02
-5.1000E-02;6.8327E+02
-5.0000E-02;6.8396E+02
-4.9000E-02;6.8464E+02
-4.8000E-02;6.8533E+02
-4.7000E-02;6.8601E+02
-4.6000E-02;6.8670E+02
-4.5000E-02;6.8738E+02
-4.4000E-02;6.8807E+02
-4.3000E-02;6.8875E+02
-4.2000E-02;6.8944E+02
-4.1000E-02;6.9013E+02
-4.0000E-02;6.9082E+02
-3.9000E-02;6.9150E+02
-3.8000E-02;6.9219E+02
-3.7000E-02;6.9288E+02
-3.6000E-02;6.9357E+02
-3.5000E-02;6.9426E+02
-3.4000E-02;6.9495E+02
-3.3000E-02;6.9565E+02
-3.2000E-02;6.9634E+02
-3.1000E-02;6.9703E+02
-3.0000E-02;6.9772E+02
-2.9000E-02;6.9841E+02
-2.8000E-02;6.9911E+02
-2.7000E-02;6.9980E+02
-2.6000E-02;7.0064E+02
-2.5000E-02;7.0152E+02
-2.4000E-02;7.0240E+02
-2.3000E-02;7.0327E+02
-2.2000E-02;7.0415E+02
-2.1000E-02;7.0503E+02
-2.0000E-02;7.0591E+02
-1.9000E-02;7.0679E+02
-1.8000E-02;7.0768E+02
-1.7000E-02;7.0856E+02
-1.6000E-02;7.0944E+02
-1.5000E-02;7.1032E+02
-1.4000E-02;7.1121E+02
-1.3000E-02;7.1209E+02
-1.2000E-02;7.1297E+02
-1.1000E-02;7.1386E+02
-1.0000E-02;7.1475E+02
-9.0000E-03;7.1563E+02
-8.0000E-03;7.1652E+02
-7.0000E-03;7.1741E+02
-6.0000E-03;7.1829E+02
-5.0000E-03;7.1918E+02
-4.0000E-03;7.2007E+02
-3.0000E-03;7.2096E+02
-2.0000E-03;7.2185E+02
-1.0000E-03;7.2274E+02
0.0000E+00;7.2363E+02
1.0000E-03;7.2452E+02
2.0000E-03;7.2541E+02
3.0000E-03;7.2631E+02
4.0000E-03;7.2720E+02
5.0000E-03;7.2809E+02
6.0000E-03;7.2899E+02
7.0000E-03;7.2988E+02
8.0000E-03;7.3078E+02
9.0000E-03;7.3167E+02
1.0000E-02;7.3257E+02
1.1000E-02;7.3347E+02
1.2000E-02;7.3436E+02
1.3000E-02;7.3526E+02
1.4000E-02;7.3616E+02
1.5000E-02;7.3706E+02
1.6000E-02;7.3796E+02
1.7000E-02;7.3886E+02
1.8000E-02;7.3976E+02
1.9000E-02;7.4066E+02
2.0000E-02;7.4156E+02
2.1000E-02;7.4246E+02
2.2000E-02;7.4336E+02
2.3000E-02;7.4426E+02
2.4000E-02;7.4517E+02
2.5000E-02;7.4607E+02
2.6000E-02;7.4697E+02
2.7000E-02;7.4785E+02
2.8000E-02;7.4861E+02
2.9000E-02;7.4937E+02
3.0000E-02;7.5013E+02
3.1000E-02;7.5089E+02
3.2000E-02;7.5166E+02
3.3000E-02;7.5242E+02
3.4000E-02;7.5318E+02
3.5000E-02;7.5395E+02
3.6000E-02;7.5471E+02
3.7000E-02;7.5548E+02
3.8000E-02;7.5625E+02
3.9000E-02;7.5701E+02
4.0000E-02;7.5778E+02
4.1000E-02;7.5855E+02
4.2000E-02;7.5932E+02
4.3000E-02;7.6008E+02
4.4000E-02;7.6085E+02
4.5000E-02;7.6162E+02
4.6000E-02;7.6240E+02
4.7000E-02;7.6317E+02
4.8000E-02;7.6394E+02
4.9000E-02;7.6471E+02
5.0000E-02;7.6548E+02
5.1000E-02;7.6626E+02
5.2000E-02;7.6703E+02
5.3000E-02;7.6780E+02
5.4000E-02;7.6858E+02
5.5000E-02;7.6936E+02
5.6000E-02;7.7013E+02
5.7000E-02;7.7091E+02
5.8000E-02;7.7169E+02
5.9000E-02;7.7246E+02
6.0000E-02;7.7324E+02
6.1000E-02;7.7402E+02
6.2000E-02;7.7480E+02
6.3000E-02;7.7558E+02
6.4000E-02;7.7636E+02
6.5000E-02;7.7714E+02
6.6000E-02;7.7792E+02
6.7000E-02;7.7870E+02
6.8000E-02;7.7949E+02
6.9000E-02;7.8027E+02
7.0000E-02;7.8105E+02
7.1000E-02;7.8184E+02
7.2000E-02;7.8262E+02
7.3000E-02;7.8340E+02
7.4000E-02;7.8439E+02
7.5000E-02;7.8542E+02
7.6000E-02;7.8645E+02
7.7000E-02;7.8749E+02
7.8000E-02;7.8852E+02
7.9000E-02;7.8956E+02
8.0000E-02;7.9060E+02
8.1000E-02;7.9163E+02
8.2000E-02;7.9267E+02
8.3000E-02;7.9371E+02
8.4000E-02;7.9475E+02
8.5000E-02;7.9579E+02
8.6000E-02;7.9683E+02
8.7000E-02;7.9787E+02
8.8000E-02;7.9891E+02
8.9000E-02;7.9995E+02
9.0000E-02;8.0100E+02
9.1000E-02;8.0204E+02
9.2000E-02;8.0308E+02
9.3000E-02;8.0413E+02
9.4000E-02;8.0517E+02
9.5000E-02;8.0622E+02
9.6000E-02;8.0727E+02
9.7000E-02;8.0831E+02
9.8000E-02;8.0936E+02
9.9000E-02;8.1041E+02
1.0000E-01;8.1146E+02
1.0100E-01;8.1251E+02
1.0200E-01;8.1356E+02
1.0300E-01;8.1461E+02
1.0400E-01;8.1566E+02
1.0500E-01;8.1671E+02
1.0600E-01;8.1776E+02
1.0700E-01;8.1881E+02
1.0800E-01;8.1987E+02
1.0900E-01;8.2092E+02
1.1000E-01;8.2198E+02
1.1100E-01;8.2303E+02
1.1200E-01;8.2409E+02
1.1300E-01;8.2514E+02
1.1400E-01;8.2620E+02
1.1500E-01;8.2726E+02
1.1600E-01;8.2832E+02
1.1700E-01;8.2937E+02
1.1800E-01;8.3043E+02
1.1900E-01;8.3149E+02
1.2000E-01;8.3255E+02
1.2100E-01;8.3361E+02
1.2200E-01;8.3468E+02
1.2300E-01;8.3574E+02
1.2400E-01;8.3680E+02
1.2500E-01;8.3786E+02
1.2600E-01;8.3893E+02
1.2700E-01;8.3995E+02
1.2800E-01;8.4079E+02
1.2900E-01;8.4164E+02
1.3000E-01;8.4249E+02
1.3100E-01;8.4334E+02
1.3200E-01;8.4419E+02
1.3300E-01;8.4504E+02
1.3400E-01;8.4589E+02
1.3500E-01;8.4674E+02
1.3600E-01;8.4760E+02
1.3700E-01;8.4845E+02
1.3800E-01;8.4930E+02
1.3900E-01;8.5016E+02
1.4000E-01;8.5101E+02
1.4100E-01;8.5187E+02
1.4200E-01;8.5273E+02
1.4300E-01;8.5358E+02
1.4400E-01;8.5444E+02
1.4500E-01;8.5530E+02
1.4600E-01;8.5616E+02
1.4700E-01;8.5702E+02
1.4800E-01;8.5788E+02
1.4900E-01;8.5874E+02
1.5000E-01;8.5960E+02
1.5100E-01;8.6046E+02
1.5200E-01;8.6133E+02
1.5300E-01;8.6219E+02
1.5400E-01;8.6305E+02
1.5500E-01;8.6392E+02
1.5600E-01;8.6478E+02
1.5700E-01;8.6565E+02
1.5800E-01;8.6652E+02
1.5900E-01;8.6738E+02
1.6000E-01;8.6825E+02
1.6100E-01;8.6912E+02
1.6200E-01;8.6999E+02
1.6300E-01;8.7086E+02
1.6400E-01;8.7173E+02
1.6500E-01;8.7260E+02
1.6600E-01;8.7347E+02
1.6700E-01;8.7434E+02
1.6800E-01;8.7521E+02
1.6900E-01;8.7609E+02
1.7000E-01;8.7696E+02
1.7100E-01;8.7783E+02
1.7200E-01;8.7871E+02
1.7300E-01;8.7958E+02
1.7400E-01;8.8073E+02
1.7500E-01;8.8193E+02
1.7600E-01;8.8314E+02
1.7700E-01;8.8436E+02
1.7800E-01;8.8557E+02
1.7900E-01;8.8678E+02
1.8000E-01;8.8799E+02
1.8100E-01;8.8921E+02
1.8200E-01;8.9042E+02
1.8300E-01;8.9164E+02
1.8400E-01;8.9286E+02
1.8500E-01;8.9407E+02
1.8600E-01;8.9529E+02
1.8700E-01;8.9651E+02
1.8800E-01;8.9773E+02
1.8900E-01;8.9895E+02
1.9000E-01;9.0017E+02
1.9100E-01;9.0140E+02
1.9200E-01;9.0262E+02
1.9300E-01;9.0384E+02
1.9400E-01;9.0507E+02
1.9500E-01;9.0629E+02
1.9600E-01;9.0752E+02
1.9700E-01;9.0875E+02
1.9800E-01;9.0998E+02
1.9900E-01;9.1120E+02
2.0000E-01;9.1243E+02
2.0100E-01;9.1366E+02
2.0200E-01;9.1489E+02
2.0300E-01;9.1613E+02
2.0400E-01;9.1736E+02
2.0500E-01;9.1859E+02
2.0600E-01;9.1982E+02
2.0700E-01;9.2106E+02
2.0800E-01;9.2229E+02
2.0900E-01;9.2353E+02
2.1000E-01;9.2477E+02
2.1100E-01;9.2600E+02
2.1200E-01;9.2724E+02
2.1300E-01;9.2848E+02
2.1400E-01;9.2972E+02
2.1500E-01;9.3096E+02
2.1600E-01;9.3220E+02
2.1700E-01;9.3344E+02
2.1800E-01;9.3468E+02
2.1900E-01;9.3593E+02
2.2000E-01;9.3717E+02
2.2100E-01;9.3842E+02
2.2200E-01;9.3966E+02
2.2300E-01;9.4091E+02
2.2400E-01;9.4215E+02
2.2500E-01;9.4340E+02
2.2600E-01;9.4465E+02
2.2700E-01;9.4583E+02
2.2800E-01;9.4676E+02
2.2900E-01;9.4769E+02
2.3000E-01;9.4862E+02
2.3100E-01;9.4956E+02
2.3200E-01;9.5049E+02
2.3300E-01;9.5142E+02
2.3400E-01;9.5236E+02
2.3500E-01;9.5329E+02
2.3600E-01;9.5423E+02
2.3700E-01;9.5517E+02
2.3800E-01;9.5610E+02
2.3900E-01;9.5704E+02
2.4000E-01;9.5798E+02
2.4100E-01;9.5892E+02
2.4200E-01;9.5987E+02
2.4300E-01;9.6081E+02
2.4400E-01;9.6175E+02
2.4500E-01;9.6269E+02
2.4600E-01;9.6364E+02
2.4700E-01;9.6458E+02
2.4800E-01;9.6553E+02
2.4900E-01;9.6648E+02
2.5000E-01;9.6742E+02
2.5100E-01;9.6837E+02
2.5200E-01;9.6932E+02
2.5300E-01;9.7027E+02
2.5400E-01;9.7122E+02
2.5500E-01;9.7217E+02
2.5600E-01;9.7313E+02
2.5700E-01;9.7408E+02
2.5800E-01;9.7503E+02
2.5900E-01;9.7599E+02
2.6000E-01;9.7694E+02
2.6100E-01;9.7790E+02
2.6200E-01;9.7886E+02
2.6300E-01;9.7981E+02
2.6400E-01;9.8077E+02
2.6500E-01;9.8173E+02
2.6600E-01;9.8269E+02
2.6700E-01;9.8365E+02
2.6800E-01;9.8461E+02
2.6900E-01;9.8557E+02
2.7000E-01;9.8654E+02
2.7100E-01;9.8750E+02
2.7200E-01;9.8847E+02
2.7300E-01;9.8943E+02
2.7400E-01;9.9068E+02
2.7500E-01;9.9201E+02
2.7600E-01;9.9334E+02
2.7700E-01;9.9467E+02
2.7800E-01;9.9600E+02
2.7900E-01;9.9734E+02
2.8000E-01;9.9867E+02
2.8100E-01;1.0000E+03
2.8200E-01;1.0013E+03
2.8300E-01;1.0027E+03
2.8400E-01;1.0040E+03
2.8500E-01;1.0054E+03
2.8600E-01;1.0067E+03
2.8700E-01;1.0080E+03
2.8800E-01;1.0094E+03
2.8900E-01;1.0107E+03
2.9000E-01;1.0121E+03
2.9100E-01;1.0134E+03
2.9200E-01;1.0148E+03
2.9300E-01;1.0161E+03
2.9400E-01;1.0175E+03
2.9500E-01;1.0188E+03
2.9600E-01;1.0202E+03
2.9700E-01;1.0215E+03
2.9800E-01;1.0229E+03
2.9900E-01;1.0242E+03
3.0000E-01;1.0256E+03
3.0100E-01;1.0269E+03
3.0200E-01;1.0283E+03
3.0300E-01;1.0297E+03
3.0400E-01;1.0310E+03
3.0500E-01;1.0324E+03
3.0600E-01;1.0337E+03
3.0700E-01;1.0351E+03
3.0800E-01;1.0365E+03
3.0900E-01;1.0378E+03
3.1000E-01;1.0392E+03
3.1100E-01;1.0406E+03
3.1200E-01;1.0419E+03
3.1300E-01;1.0433E+03
3.1400E-01;1.0447E+03
3.1500E-01;1.0461E+03
3.1600E-01;1.0474E+03
3.1700E-01;1.0488E+03
3.1800E-01;1.0502E+03
3.1900E-01;1.0516E+03
3.2000E-01;1.0529E+03
3.2100E-01;1.0543E+03
3.2200E-01;1.0557E+03
3.2300E-01;1.0571E+03
3.2400E-01;1.0584E+03
3.2500E-01;1.0598E+03
3.2600E-01;1.0612E+03
3.2700E-01;1.0625E+03
3.2800E-01;1.0635E+03
3.2900E-01;1.0644E+03
3.3000E-01;1.0654E+03
3.3100E-01;1.0664E+03
3.3200E-01;1.0673E+03
3.3300E-01;1.0683E+03
3.3400E-01;1.0692E+03
3.3500E-01;1.0702E+03
3.3600E-01;1.0712E+03
3.3700E-01;1.0722E+03
3.3800E-01;1.0731E+03
3.3900E-01;1.0741E+03
3.4000E-01;1.0751E+03
3.4100E-01;1.0760E+03
3.4200E-01;1.0770E+03
3.4300E-01;1.0780E+03
3.4400E-01;1.0790E+03
3.4500E-01;1.0800E+03
3.4600E-01;1.0809E+03
3.4700E-01;1.0819E+03
3.4800E-01;1.0829E+03
3.4900E-01;1.0839E+03
3.5000E-01;1.0849E+03
3.5100E-01;1.0858E+03
3.5200E-01;1.0868E+03
3.5300E-01;1.0878E+03
3.5400E-01;1.0888E+03
3.5500E-01;1.0898E+03
3.5600E-01;1.0908E+03
3.5700E-01;1.0918E+03
3.5800E-01;1.0928E+03
3.5900E-01;1.0938E+03
3.6000E-01;1.0947E+03
3.6100E-01;1.0957E+03
3.6200E-01;1.0967E+03
3.6300E-01;1.0977E+03
3.6400E-01;1.0987E+03
3.6500E-01;1.0997E+03
3.6600E-01;1.1007E+03
3.6700E-01;1.1017E+03
3.6800E-01;1.1027E+03
3.6900E-01;1.1037E+03
3.7000E-01;1.1047E+03
3.7100E-01;1.1057E+03
3.7200E-01;1.1067E+03
3.7300E-01;1.1077E+03
3.7400E-01;1.1091E+03
3.7500E-01;1.1105E+03
3.7600E-01;1.1119E+03
3.7700E-01;1.1133E+03
3.7800E-01;1.1147E+03
3.7900E-01;1.1161E+03
3.8000E-01;1.1175E+03
3.8100E-01;1.1189E+03
3.8200E-01;1.1204E+03
3.8300E-01;1.1218E+03
3.8400E-01;1.1232E+03
3.8500E-01;1.1246E+03
3.8600E-01;1.1261E+03
3.8700E-01;1.1275E+03
3.8800E-01;1.1289E+03
3.8900E-01;1.1303E+03
3.9000E-01;1.1318E+03
3.9100E-01;1.1332E+03
3.9200E-01;1.1346E+03
3.9300E-01;1.1361E+03
3.9400E-01;1.1375E+03
3.9500E-01;1.1389E+03
3.9600E-01;1.1404E+03
3.9700E-01;1.1418E+03
3.9800E-01;1.1433E+03
3.9900E-01;1.1447E+03
4.0000E-01;1.1462E+03
4.0100E-01;1.1476E+03
4.0200E-01;1.1491E+03
4.0300E-01;1.1505E+03
4.0400E-01;1.1520E+03
4.0500E-01;1.1534E+03
4.0600E-01;1.1549E+03
4.0700E-01;1.1563E+03
4.0800E-01;1.1578E+03
4.0900E-01;1.1593E+03
4.1000E-01;1.1607E+03
4.1100E-01;1.1622E+03
4.1200E-01;1.1637E+03
4.1300E-01;1.1651E+03
4.1400E-01;1.1666E+03
4.1500E-01;1.1681E+03
4.1600E-01;1.1695E+03
4.1700E-01;1.1710E+03
4.1800E-01;1.1725E+03
4.1900E-01;1.1740E+03
4.2000E-01;1.1755E+03
4.2100E-01;1.1769E+03
4.2200E-01;1.1784E+03
4.2300E-01;1.1799E+03
4.2400E-01;1.1814E+03
4.2500E-01;1.1829E+03
4.2600E-01;1.1844E+03
4.2700E-01;1.1857E+03
4.2800E-01;1.1867E+03
4.2900E-01;1.1876E+03
4.3000E-01;1.1885E+03
4.3100E-01;1.1894E+03
4.3200E-01;1.1903E+03
4.3300E-01;1.1913E+03
4.3400E-01;1.1922E+03
4.3500E-01;1.1931E+03
4.3600E-01;1.1941E+03
4.3700E-01;1.1950E+03
4.3800E-01;1.1959E+03
4.3900E-01;1.1969E+03
4.4000E-01;1.1978E+03
4.4100E-01;1.1987E+03
4.4200E-01;1.1997E+03
4.4300E-01;1.2006E+03
4.4400E-01;1.2016E+03
4.4500E-01;1.2025E+03
4.4600E-01;1.2034E+03
4.4700E-01;1.2044E+03
4.4800E-01;1.2053E+03
4.4900E-01;1.2063E+03
4.5000E-01;1.2072E+03
4.5100E-01;1.2082E+03
4.5200E-01;1.2091E+03
4.5300E-01;1.2101E+03
4.5400E-01;1.2111E+03
4.5500E-01;1.2120E+03
4.5600E-01;1.2130E+03
4.5700E-01;1.2139E+03
4.5800E-01;1.2149E+03
4.5900E-01;1.2159E+03
4.6000E-01;1.2168E+03
4.6100E-01;1.2178E+03
4.6200E-01;1.2188E+03
4.6300E-01;1.2197E+03
4.6400E-01;1.2207E+03
4.6500E-01;1.2217E+03
4.6600E-01;1.2226E+03
4.6700E-01;1.2236E+03
4.6800E-01;1.2246E+03
4.6900E-01;1.2256E+03
4.7000E-01;1.2265E+03
4.7100E-01;1.2275E+03
4.7200E-01;1.2285E+03
4.7300E-01;1.2295E+03
4.7400E-01;1.2305E+03
4.7500E-01;1.2315E+03
4.7600E-01;1.2324E+03
4.7700E-01;1.2335E+03
4.7800E-01;1.2348E+03
4.7900E-01;1.2362E+03
4.8000E-01;1.2375E+03
4.8100E-01;1.2388E+03
4.8200E-01;1.2401E+03
4.8300E-01;1.2415E+03
4.8400E-01;1.2428E+03
4.8500E-01;1.2441E+03
4.8600E-01;1.2455E+03
4.8700E-01;1.2468E+03
4.8800E-01;1.2481E+03
4.8900E-01;1.2495E+03
4.9000E-01;1.2508E+03
4.9100E-01;1.2522E+03
4.9200E-01;1.2535E+03
4.9300E-01;1.2549E+03
4.9400E-01;1.2562E+03
4.9500E-01;1.2576E+03
4.9600E-01;1.2589E+03
4.9700E-01;1.2603E+03
4.9800E-01;1.2617E+03
4.9900E-01;1.2630E+03
5.0000E-01;1.2644E+03
5.0100E-01;1.2658E+03
5.0200E-01;1.2672E+03
5.0300E-01;1.2685E+03
5.0400E-01;1.2699E+03
5.0500E-01;1.2713E+03
5.0600E-01;1.2727E+03
5.0700E-01;1.2741E+03
5.0800E-01;1.2755E+03
5.0900E-01;1.2769E+03
5.1000E-01;1.2783E+03
5.1100E-01;1.2797E+03
5.1200E-01;1.2810E+03
5.1300E-01;1.2825E+03
5.1400E-01;1.2839E+03
5.1500E-01;1.2853E+03
5.1600E-01;1.2867E+03
5.1700E-01;1.2881E+03
5.1800E-01;1.2895E+03
5.1900E-01;1.2909E+03
5.2000E-01;1.2923E+03
5.2100E-01;1.2937E+03
5.2200E-01;1.2952E+03
5.2300E-01;1.2966E+03
5.2400E-01;1.2980E+03
5.2500E-01;1.2995E+03
5.2600E-01;1.3009E+03
5.2700E-01;1.3023E+03
5.2800E-01;1.3038E+03
5.2900E-01;1.3052E+03
5.3000E-01;1.3066E+03
5.3100E-01;1.3081E+03
5.3200E-01;1.3095E+03
5.3300E-01;1.3110E+03
5.3400E-01;1.3124E+03
5.3500E-01;1.3139E+03
5.3600E-01;1.3152E+03
5.3700E-01;1.3159E+03
5.3800E-01;1.3167E+03
5.3900E-01;1.3174E+03
5.4000E-01;1.3181E+03
5.4100E-01;1.3188E+03
5.4200E-01;1.3196E+03
5.4300E-01;1.3203E+03
5.4400E-01;1.3210E+03
5.4500E-01;1.3218E+03
5.4600E-01;1.3225E+03
5.4700E-01;1.3232E+03
5.4800E-01;1.3240E+03
5.4900E-01;1.3247E+03
5.5000E-01;1.3255E+03
5.5100E-01;1.3262E+03
5.5200E-01;1.3270E+03
5.5300E-01;1.3277E+03
5.5400E-01;1.3285E+03
5.5500E-01;1.3292E+03
5.5600E-01;1.3300E+03
5.5700E-01;1.3307E+03
5.5800E-01;1.3315E+03
5.5900E-01;1.3322E+03
5.6000E-01;1.3330E+03
5.6100E-01;1.3338E+03
5.6200E-01;1.3345E+03
5.6300E-01;1.3353E+03
5.6400E-01;1.3361E+03
5.6500E-01;1.3368E+03
5.6600E-01;1.3376E+03
5.6700E-01;1.3384E+03
5.6800E-01;1.3391E+03
5.6900E-01;1.3399E+03
5.7000E-01;1.3407E+03
5.7100E-01;1.3415E+03
5.7200E-01;1.3422E+03
5.7300E-01;1.3430E+03
5.7400E-01;1.3438E+03
5.7500E-01;1.3446E+03
5.7600E-01;1.3454E+03
5.7700E-01;1.3462E+03
5.7800E-01;1.3470E+03
5.7900E-01;1.3477E+03
5.8000E-01;1.3485E+03
5.8100E-01;1.3493E+03
5.8200E-01;1.3501E+03
5.8300E-01;1.3511E+03
5.8400E-01;1.3522E+03
5.8500E-01;1.3532E+03
5.8600E-01;1.3543E+03
5.8700E-01;1.3553E+03
5.8800E-01;1.3564E+03
5.8900E-01;1.3575E+03
5.9000E-01;1.3585E+03
5.9100E-01;1.3596E+03
5.9200E-01;1.3607E+03
5.9300E-01;1.3618E+03
5.9400E-01;1.3628E+03
5.9500E-01;1.3639E+03
5.9600E-01;1.3650E+03
5.9700E-01;1.3661E+03
5.9800E-01;1.3672E+03
5.9900E-01;1.3683E+03
6.0000E-01;1.3694E+03
6.0100E-01;1.3705E+03
6.0200E-01;1.3716E+03
6.0300E-01;1.3727E+03
6.0400E-01;1.3739E+03
6.0500E-01;1.3750E+03
6.0600E-01;1.3761E+03
6.0700E-01;1.3772E+03
6.0800E-01;1.3784E+03
6.0900E-01;1.3795E+03
6.1000E-01;1.3806E+03
6.1100E-01;1.3818E+03
6.1200E-01;1.3829E+03
6.1300E-01;1.3841E+03
6.1400E-01;1.3852E+03
6.1500E-01;1.3864E+03
6.1600E-01;1.3875E+03
6.1700E-01;1.3887E+03
6.1800E-01;1.3898E+03
6.1900E-01;1.3910E+03
6.2000E-01;1.3922E+03
6.2100E-01;1.3933E+03
6.2200E-01;1.3945E+03
6.2300E-01;1.3957E+03
6.2400E-01;1.3969E+03
6.2500E-01;1.3981E+03
6.2600E-01;1.3993E+03
6.2700E-01;1.4004E+03
6.2800E-01;1.4016E+03
6.2900E-01;1.4028E+03
6.3000E-01;1.4040E+03
6.3100E-01;1.4052E+03
6.3200E-01;1.4065E+03
6.3300E-01;1.4077E+03
6.3400E-01;1.4089E+03
6.3500E-01;1.4101E+03
6.3600E-01;1.4113E+03
6.3700E-01;1.4125E+03
6.3800E-01;1.4138E+03
6.3900E-01;1.4150E+03
6.4000E-01;1.4162E+03
6.4100E-01;1.4175E+03
6.4200E-01;1.4187E+03
6.4300E-01;1.4199E+03
6.4400E-01;1.4212E+03
6.4500E-01;1.4224E+03
6.4600E-01;1.4237E+03
6.4700E-01;1.4243E+03
6.4800E-01;1.4245E+03
6.4900E-01;1.4248E+03
6.5000E-01;1.4250E+03
6.5100E-01;1.4252E+03
6.5200E-01;1.4255E+03
6.5300E-01;1.4257E+03
6.5400E-01;1.4260E+03
6.5500E-01;1.4262E+03
6.5600E-01;1.4265E+03
6.5700E-01;1.4267E+03
6.5800E-01;1.4270E+03
6.5900E-01;1.4272E+03
6.6000E-01;1.4275E+03
6.6100E-01;1.4278E+03
6.6200E-01;1.4280E+03
6.6300E-01;1.4283E+03
6.6400E-01;1.4286E+03
6.6500E-01;1.4288E+03
6.6600E-01;1.4291E+03
6.6700E-01;1.4294E+03
6.6800E-01;1.4297E+03
6.6900E-01;1.4299E+03
6.7000E-01;1.4302E+03
6.7100E-01;1.4305E+03
6.7200E-01;1.4308E+03
6.7300E-01;1.4311E+03
6.7400E-01;1.4314E+03
6.7500E-01;1.4317E+03
6.7600E-01;1.4320E+03
6.7700E-01;1.4323E+03
6.7800E-01;1.4326E+03
6.7900E-01;1.4329E+03
6.8000E-01;1.4332E+03
6.8100E-01;1.4335E+03
6.8200E-01;1.4338E+03
6.8300E-01;1.4341E+03
6.8400E-01;1.4344E+03
6.8500E-01;1.4347E+03
6.8600E-01;1.4351E+03
6.8700E-01;1.4354E+03
6.8800E-01;1.4357E+03
6.8900E-01;1.4361E+03
6.9000E-01;1.4367E+03
6.9100E-01;1.4373E+03
6.9200E-01;1.4379E+03
6.9300E-01;1.4385E+03
6.9400E-01;1.4391E+03
6.9500E-01;1.4398E+03
6.9600E-01;1.4404E+03
6.9700E-01;1.4410E+03
6.9800E-01;1.4416E+03
6.9900E-01;1.4423E+03
7.0000E-01;1.4429E+03
7.0100E-01;1.4436E+03
7.0200E-01;1.4442E+03
7.0300E-01;1.4449E+03
7.0400E-01;1.4455E+03
7.0500E-01;1.4462E+03
7.0600E-01;1.4468E+03
7.0700E-01;1.4475E+03
7.0800E-01;1.4482E+03
7.0900E-01;1.4489E+03
7.1000E-01;1.4495E+03
7.1100E-01;1.4502E+03
7.1200E-01;1.4509E+03
7.1300E-01;1.4516E+03
7.1400E-01;1.4523E+03
7.1500E-01;1.4530E+03
7.1600E-01;1.4537E+03
7.1700E-01;1.4544E+03
7.1800E-01;1.4552E+03
7.1900E-01;1.4559E+03
7.2000E-01;1.4566E+03
7.2100E-01;1.4573E+03
7.2200E-01;1.4581E+03
7.2300E-01;1.4588E+03
7.2400E-01;1.4596E+03
7.2500E-01;1.4603E+03
7.2600E-01;1.4611E+03
7.2700E-01;1.4618E+03
7.2800E-01;1.4626E+03
7.2900E-01;1.4633E+03
7.3000E-01;1.4641E+03
7.3100E-01;1.4649E+03
7.3200E-01;1.4657E+03
7.3300E-01;1.4664E+03
7.3400E-01;1.4672E+03
7.3500E-01;1.4680E+03
7.3600E-01;1.4688E+03
7.3700E-01;1.4696E+03
7.3800E-01;1.4704E+03
7.3900E-01;1.4712E+03
7.4000E-01;1.4720E+03
7.4100E-01;1.4728E+03
7.4200E-01;1.4731E+03
7.4300E-01;1.4728E+03
7.4400E-01;1.4726E+03
7.4500E-01;1.4723E+03
7.4600E-01;1.4721E+03
7.4700E-01;1.4719E+03
7.4800E-01;1.4716E+03
7.4900E-01;1.4714E+03
7.5000E-01;1.4712E+03
7.5100E-01;1.4710E+03
7.5200E-01;1.4708E+03
7.5300E-01;1.4706E+03
7.5400E-01;1.4703E+03
7.5500E-01;1.4701E+03
7.5600E-01;1.4699E+03
7.5700E-01;1.4697E+03
7.5800E-01;1.4696E+03
7.5900E-01;1.4694E+03
7.6000E-01;1.4692E+03
7.6100E-01;1.4690E+03
7.6200E-01;1.4688E+03
7.6300E-01;1.4686E+03
7.6400E-01;1.4685E+03
7.6500E-01;1.4683E+03
7.6600E-01;1.4681E+03
7.6700E-01;1.4680E+03
7.6800E-01;1.4678E+03
7.6900E-01;1.4677E+03
7.7000E-01;1.4675E+03
7.7100E-01;1.4674E+03
7.7200E-01;1.4672E+03
7.7300E-01;1.4671E+03
7.7400E-01;1.4669E+03
7.7500E-01;1.4668E+03
7.7600E-01;1.4667E+03
7.7700E-01;1.4666E+03
7.7800E-01;1.4664E+03
7.7900E-01;1.4663E+03
7.8000E-01;1.4662E+03
7.8100E-01;1.4661E+03
7.8200E-01;1.4660E+03
7.8300E-01;1.4659E+03
7.8400E-01;1.4658E+03
7.8500E-01;1.4657E+03
7.8600E-01;1.4656E+03
7.8700E-01;1.4655E+03
7.8800E-01;1.4654E+03
7.8900E-01;1.4653E+03
7.9000E-01;1.4652E+03
7.9100E-01;1.4652E+03
7.9200E-01;1.4651E+03
7.9300E-01;1.4650E+03
7.9400E-01;1.4650E+03
7.9500E-01;1.4649E+03
7.9600E-01;1.4648E+03
7.9700E-01;1.4648E+03
7.9800E-01;1.4647E+03
7.9900E-01;1.4647E+03
8.0000E-01;1.4646E+03
8.0100E-01;1.4646E+03
8.0200E-01;1.4646E+03
8.0300E-01;1.4645E+03
8.0400E-01;1.4645E+03
8.0500E-01;1.4645E+03
8.0600E-01;1.4644E+03
8.0700E-01;1.4644E+03
8.0800E-01;1.4644E+03
8.0900E-01;1.4644E+03
8.1000E-01;1.4644E+03
8.1100E-01;1.4644E+03
8.1200E-01;1.4644E+03
8.1300E-01;1.4644E+03
8.1400E-01;1.4644E+03
8.1500E-01;1.4644E+03
8.1600E-01;1.4644E+03
8.1700E-01;1.4644E+03
8.1800E-01;1.4644E+03
8.1900E-01;1.4645E+03
8.2000E-01;1.4645E+03
8.2100E-01;1.4645E+03
8.2200E-01;1.4645E+03
8.2300E-01;1.4646E+03
8.2400E-01;1.4646E+03
8.2500E-01;1.4647E+03
8.2600E-01;1.4647E+03
8.2700E-01;1.4647E+03
8.2800E-01;1.4643E+03
8.2900E-01;1.4638E+03
8.3000E-01;1.4634E+03
8.3100E-01;1.4630E+03
8.3200E-01;1.4626E+03
8.3300E-01;1.4623E+03
8.3400E-01;1.4619E+03
8.3500E-01;1.4615E+03
8.3600E-01;1.4611E+03
8.3700E-01;1.4607E+03
8.3800E-01;1.4603E+03
8.3900E-01;1.4600E+03
8.4000E-01;1.4596E+03
8.4100E-01;1.4592E+03
8.4200E-01;1.4589E+03
8.4300E-01;1.4585E+03
8.4400E-01;1.4582E+03
8.4500E-01;1.4578E+03
8.4600E-01;1.4575E+03
8.4700E-01;1.4571E+03
8.4800E-01;1.4568E+03
8.4900E-01;1.4565E+03
8.5000E-01;1.4561E+03
8.5100E-01;1.4558E+03
8.5200E-01;1.4555E+03
8.5300E-01;1.4552E+03
8.5400E-01;1.4548E+03
8.5500E-01;1.4545E+03
8.5600E-01;1.4542E+03
8.5700E-01;1.4539E+03
8.5800E-01;1.4536E+03
8.5900E-01;1.4533E+03
8.6000E-01;1.4530E+03
8.6100E-01;1.4527E+03
8.6200E-01;1.4524E+03
8.6300E-01;1.4521E+03
8.6400E-01;1.4519E+03
8.6500E-01;1.4516E+03
8.6600E-01;1.4513E+03
8.6700E-01;1.4510E+03
8.6800E-01;1.4508E+03
8.6900E-01;1.4505E+03
8.7000E-01;1.4503E+03
8.7100E-01;1.4500E+03
8.7200E-01;1.4497E+03
8.7300E-01;1.4495E+03
8.7400E-01;1.4493E+03
8.7500E-01;1.4490E+03
8.7600E-01;1.4488E+03
8.7700E-01;1.4485E+03
8.7800E-01;1.4483E+03
8.7900E-01;1.4481E+03
8.8000E-01;1.4479E+03
8.8100E-01;1.4476E+03
8.8200E-01;1.4474E+03
8.8300E-01;1.4472E+03
8.8400E-01;1.4470E+03
8.8500E-01;1.4468E+03
8.8600E-01;1.4466E+03
8.8700E-01;1.4464E+03
8.8800E-01;1.4462E+03
8.8900E-01;1.4460E+03
8.9000E-01;1.4458E+03
8.9100E-01;1.4457E+03
8.9200E-01;1.4455E+03
8.9300E-01;1.4453E+03
8.9400E-01;1.4451E+03
8.9500E-01;1.4450E+03
8.9600E-01;1.4448E+03
8.9700E-01;1.4446E+03
8.9800E-01;1.4445E+03
8.9900E-01;1.4443E+03
9.0000E-01;1.4442E+03
9.0100E-01;1.4440E+03
9.0200E-01;1.4439E+03
9.0300E-01;1.4438E+03
9.0400E-01;1.4436E+03
9.0500E-01;1.4435E+03
9.0600E-01;1.4434E+03
9.0700E-01;1.4432E+03
9.0800E-01;1.4431E+03
9.0900E-01;1.4430E+03
9.1000E-01;1.4429E+03
9.1100E-01;1.4428E+03
9.1200E-01;1.4427E+03
9.1300E-01;1.4426E+03
9.1400E-01;1.4418E+03
9.1500E-01;1.4406E+03
9.1600E-01;1.4394E+03
9.1700E-01;1.4382E+03
9.1800E-01;1.4371E+03
9.1900E-01;1.4359E+03
9.2000E-01;1.4347E+03
9.2100E-01;1.4335E+03
9.2200E-01;1.4323E+03
9.2300E-01;1.4312E+03
9.2400E-01;1.4300E+03
9.2500E-01;1.4288E+03
9.2600E-01;1.4277E+03
9.2700E-01;1.4265E+03
9.2800E-01;1.4253E+03
9.2900E-01;1.4242E+03
9.3000E-01;1.4230E+03
9.3100E-01;1.4219E+03
9.3200E-01;1.4207E+03
9.3300E-01;1.4196E+03
9.3400E-01;1.4184E+03
9.3500E-01;1.4173E+03
9.3600E-01;1.4161E+03
9.3700E-01;1.4150E+03
9.3800E-01;1.4139E+03
9.3900E-01;1.4128E+03
9.4000E-01;1.4116E+03
9.4100E-01;1.4105E+03
9.4200E-01;1.4094E+03
9.4300E-01;1.4083E+03
9.4400E-01;1.4071E+03
9.4500E-01;1.4060E+03
9.4600E-01;1.4049E+03
9.4700E-01;1.4038E+03
9.4800E-01;1.4027E+03
9.4900E-01;1.4016E+03
9.5000E-01;1.4005E+03
9.5100E-01;1.3994E+03
9.5200E-01;1.3983E+03
9.5300E-01;1.3972E+03
9.5400E-01;1.3961E+03
9.5500E-01;1.3951E+03
9.5600E-01;1.3940E+03
9.5700E-01;1.3929E+03
9.5800E-01;1.3918E+03
9.5900E-01;1.3907E+03
9.6000E-01;1.3897E+03
9.6100E-01;1.3886E+03
9.6200E-01;1.3875E+03
9.6300E-01;1.3865E+03
9.6400E-01;1.3854E+03
9.6500E-01;1.3844E+03
9.6600E-01;1.3833E+03
9.6700E-01;1.3823E+03
9.6800E-01;1.3812E+03
9.6900E-01;1.3802E+03
9.7000E-01;1.3791E+03
9.7100E-01;1.3781E+03
9.7200E-01;1.3771E+03
9.7300E-01;1.3760E+03
9.7400E-01;1.3750E+03
9.7500E-01;1.3740E+03
9.7600E-01;1.3729E+03
9.7700E-01;1.3719E+03
9.7800E-01;1.3709E+03
9.7900E-01;1.3699E+03
9.8000E-01;1.3689E+03
9.8100E-01;1.3679E+03
9.8200E-01;1.3669E+03
9.8300E-01;1.3659E+03
9.8400E-01;1.3649E+03
9.8500E-01;1.3639E+03
9.8600E-01;1.3629E+03
9.8700E-01;1.3619E+03
9.8800E-01;1.3609E+03
9.8900E-01;1.3599E+03
9.9000E-01;1.3589E+03
9.9100E-01;1.3580E+03
9.9200E-01;1.3570E+03
9.9300E-01;1.3560E+03
9.9400E-01;1.3551E+03
9.9500E-01;1.3541E+03
9.9600E-01;1.3531E+03
9.9700E-01;1.3522E+03
9.9800E-01;1.3512E+03
9.9900E-01;1.3503E+03
1.0000E+00;1.3493E+03
1.0010E+00;1.3481E+03
1.0020E+00;1.3469E+03
1.0030E+00;1.3457E+03
1.0040E+00;1.3445E+03
1.0050E+00;1.3433E+03
1.0060E+00;1.3421E+03
1.0070E+00;1.3409E+03
1.0080E+00;1.3397E+03
1.0090E+00;1.3386E+03
1.0100E+00;1.3374E+03
1.0110E+00;1.3362E+03
1.0120E+00;1.3350E+03
1.0130E+00;1.3338E+03
1.0140E+00;1.3327E+03
1.0150E+00;1.3315E+03
1.0160E+00;1.3303E+03
1.0170E+00;1.3291E+03
1.0180E+00;1.3280E+03
1.0190E+00;1.3268E+03
1.0200E+00;1.3256E+03
1.0210E+00;1.3245E+03
1.0220E+00;1.3233E+03
1.0230E+00;1.3222E+03
1.0240E+00;1.3210E+03
1.0250E+00;1.3198E+03
1.0260E+00;1.3187E+03
1.0270E+00;1.3175E+03
1.0280E+00;1.3164E+03
1.0290E+00;1.3153E+03
1.0300E+00;1.3141E+03
1.0310E+00;1.3130E+03
1.0320E+00;1.3118E+03
1.0330E+00;1.3107E+03
1.0340E+00;1.3096E+03
1.0350E+00;1.3084E+03
1.0360E+00;1.3073E+03
1.0370E+00;1.3062E+03
1.0380E+00;1.3051E+03
1.0390E+00;1.3039E+03
1.0400E+00;1.3028E+03
1.0410E+00;1.3017E+03
1.0420E+00;1.3006E+03
1.0430E+00;1.2995E+03
1.0440E+00;1.2984E+03
1.0450E+00;1.2973E+03
1.0460E+00;1.2961E+03
1.0470E+00;1.2950E+03
1.0480E+00;1.2939E+03
1.0490E+00;1.2928E+03
1.0500E+00;1.2917E+03
1.0510E+00;1.2906E+03
1.0520E+00;1.2896E+03
1.0530E+00;1.2885E+03
1.0540E+00;1.2874E+03
1.0550E+00;1.2863E+03
1.0560E+00;1.2852E+03
1.0570E+00;1.2841E+03
1.0580E+00;1.2831E+03
1.0590E+00;1.2820E+03
1.0600E+00;1.2809E+03
1.0610E+00;1.2798E+03
1.0620E+00;1.2788E+03
1.0630E+00;1.2777E+03
1.0640E+00;1.2766E+03
1.0650E+00;1.2756E+03
1.0660E+00;1.2745E+03
1.0670E+00;1.2735E+03
1.0680E+00;1.2724E+03
1.0690E+00;1.2714E+03
1.0700E+00;1.2703E+03
1.0710E+00;1.2693E+03
1.0720E+00;1.2682E+03
1.0730E+00;1.2672E+03
1.0740E+00;1.2661E+03
1.0750E+00;1.2651E+03
1.0760E+00;1.2641E+03
1.0770E+00;1.2630E+03
1.0780E+00;1.2620E+03
1.0790E+00;1.2610E+03
1.0800E+00;1.2599E+03
1.0810E+00;1.2589E+03
1.0820E+00;1.2579E+03
1.0830E+00;1.2569E+03
1.0840E+00;1.2559E+03
1.0850E+00;1.2549E+03
1.0860E+00;1.2539E+03
1.0870E+00;1.2528E+03
1.0880E+00;1.2518E+03
1.0890E+00;1.2508E+03
1.0900E+00;1.2498E+03
1.0910E+00;1.2488E+03
1.0920E+00;1.2479E+03
1.0930E+00;1.2469E+03
1.0940E+00;1.2459E+03
1.0950E+00;1.2449E+03
1.0960E+00;1.2439E+03
1.0970E+00;1.2429E+03
1.0980E+00;1.2419E+03
1.0990E+00;1.2410E+03
1.1000E+00;1.2400E+03
1.1010E+00;1.2390E+03
1.1020E+00;1.2381E+03
1.1030E+00;1.2371E+03
1.1040E+00;1.2361E+03
1.1050E+00;1.2352E+03
1.1060E+00;1.2342E+03
1.1070E+00;1.2333E+03
1.1080E+00;1.2323E+03
1.1090E+00;1.2314E+03
1.1100E+00;1.2304E+03
1.1110E+00;1.2295E+03
1.1120E+00;1.2286E+03
1.1130E+00;1.2278E+03
1.1140E+00;1.2269E+03
1.1150E+00;1.2261E+03
1.1160E+00;1.2252E+03
1.1170E+00;1.2244E+03
1.1180E+00;1.2235E+03
1.1190E+00;1.2226E+03
1.1200E+00;1.2218E+03
1.1210E+00;1.2209E+03
1.1220E+00;1.2201E+03
1.1230E+00;1.2192E+03
1.1240E+00;1.2184E+03
1.1250E+00;1.2175E+03
1.1260E+00;1.2167E+03
1.1270E+00;1.2159E+03
1.1280E+00;1.2150E+03
1.1290E+00;1.2142E+03
1.1300E+00;1.2133E+03
1.1310E+00;1.2125E+03
1.1320E+00;1.2116E+03
1.1330E+00;1.2108E+03
1.1340E+00;1.2099E+03
1.1350E+00;1.2091E+03
1.1360E+00;1.2083E+03
1.1370E+00;1.2074E+03
1.1380E+00;1.2066E+03
1.1390E+00;1.2057E+03
1.1400E+00;1.2049E+03
1.1410E+00;1.2041E+03
1.1420E+00;1.2032E+03
1.1430E+00;1.2024E+03
1.1440E+00;1.2016E+03
1.1450E+00;1.2007E+03
1.1460E+00;1.1999E+03
1.1470E+00;1.1991E+03
1.1480E+00;1.1982E+03
1.1490E+00;1.1974E+03
1.1500E+00;1.1966E+03
1.1510E+00;1.1957E+03
1.1520E+00;1.1949E+03
1.1530E+00;1.1941E+03
1.1540E+00;1.1933E+03
1.1550E+00;1.1924E+03
1.1560E+00;1.1916E+03
1.1570E+00;1.1908E+03
1.1580E+00;1.1900E+03
1.1590E+00;1.1891E+03
1.1600E+00;1.1883E+03
1.1610E+00;1.1875E+03
1.1620E+00;1.1867E+03
1.1630E+00;1.1859E+03
1.1640E+00;1.1850E+03
1.1650E+00;1.1842E+03
1.1660E+00;1.1834E+03
1.1670E+00;1.1826E+03
1.1680E+00;1.1816E+03
1.1690E+00;1.1799E+03
1.1700E+00;1.1782E+03
1.1710E+00;1.1765E+03
1.1720E+00;1.1748E+03
1.1730E+00;1.1731E+03
1.1740E+00;1.1714E+03
1.1750E+00;1.1697E+03
1.1760E+00;1.1680E+03
1.1770E+00;1.1663E+03
1.1780E+00;1.1646E+03
1.1790E+00;1.1629E+03
1.1800E+00;1.1612E+03
1.1810E+00;1.1595E+03
1.1820E+00;1.1578E+03
1.1830E+00;1.1562E+03
1.1840E+00;1.1545E+03
1.1850E+00;1.1528E+03
1.1860E+00;1.1511E+03
1.1870E+00;1.1494E+03
1.1880E+00;1.1477E+03
1.1890E+00;1.1461E+03
1.1900E+00;1.1444E+03
1.1910E+00;1.1427E+03
1.1920E+00;1.1410E+03
1.1930E+00;1.1394E+03
1.1940E+00;1.1377E+03
1.1950E+00;1.1360E+03
1.1960E+00;1.1343E+03
1.1970E+00;1.1327E+03
1.1980E+00;1.1310E+03
1.1990E+00;1.1293E+03
1.2000E+00;1.1277E+03
1.2010E+00;1.1260E+03
1.2020E+00;1.1243E+03
1.2030E+00;1.1227E+03
1.2040E+00;1.1210E+03
1.2050E+00;1.1194E+03
1.2060E+00;1.1177E+03
1.2070E+00;1.1160E+03
1.2080E+00;1.1144E+03
1.2090E+00;1.1127E+03
1.2100E+00;1.1111E+03
1.2110E+00;1.1094E+03
1.2120E+00;1.1078E+03
1.2130E+00;1.1061E+03
1.2140E+00;1.1045E+03
1.2150E+00;1.1028E+03
1.2160E+00;1.1012E+03
1.2170E+00;1.0995E+03
1.2180E+00;1.0979E+03
1.2190E+00;1.0963E+03
1.2200E+00;1.0946E+03
1.2210E+00;1.0930E+03
1.2220E+00;1.0913E+03
1.2230E+00;1.0897E+03
1.2240E+00;1.0881E+03
1.2250E+00;1.0864E+03
1.2260E+00;1.0848E+03
1.2270E+00;1.0832E+03
1.2280E+00;1.0815E+03
1.2290E+00;1.0799E+03
1.2300E+00;1.0783E+03
1.2310E+00;1.0767E+03
1.2320E+00;1.0750E+03
1.2330E+00;1.0734E+03
1.2340E+00;1.0718E+03
1.2350E+00;1.0702E+03
1.2360E+00;1.0686E+03
1.2370E+00;1.0669E+03
1.2380E+00;1.0653E+03
1.2390E+00;1.0637E+03
1.2400E+00;1.0621E+03
1.2410E+00;1.0605E+03
1.2420E+00;1.0589E+03
1.2430E+00;1.0573E+03
1.2440E+00;1.0557E+03
1.2450E+00;1.0541E+03
1.2460E+00;1.0525E+03
1.2470E+00;1.0509E+03
1.2480E+00;1.0493E+03
1.2490E+00;1.0477E+03
1.2500E+00;1.0461E+03
1.2510E+00;1.0445E+03
1.2520E+00;1.0429E+03
1.2530E+00;1.0413E+03
1.2540E+00;1.0397E+03
1.2550E+00;1.0381E+03
1.2560E+00;1.0365E+03
1.2570E+00;1.0349E+03
1.2580E+00;1.0333E+03
1.2590E+00;1.0317E+03
1.2600E+00;1.0302E+03
1.2610E+00;1.0286E+03
1.2620E+00;1.0270E+03
1.2630E+00;1.0254E+03
1.2640E+00;1.0239E+03
1.2650E+00;1.0223E+03
1.2660E+00;1.0207E+03
1.2670E+00;1.0191E+03
1.2680E+00;1.0176E+03
1.2690E+00;1.0160E+03
1.2700E+00;1.0144E+03
1.2710E+00;1.0129E+03
1.2720E+00;1.0113E+03
1.2730E+00;1.0098E+03
1.2740E+00;1.0082E+03
1.2750E+00;1.0066E+03
1.2760E+00;1.0051E+03
1.2770E+00;1.0035E+03
1.2780E+00;1.0020E+03
1.2790E+00;1.0004E+03
1.2800E+00;9.9888E+02
1.2810E+00;9.9733E+02
1.2820E+00;9.9579E+02
1.2830E+00;9.9424E+02
1.2840E+00;9.9270E+02
1.2850E+00;9.9116E+02
1.2860E+00;9.8962E+02
1.2870E+00;9.8809E+02
1.2880E+00;9.8656E+02
1.2890E+00;9.8502E+02
1.2900E+00;9.8349E+02
1.2910E+00;9.8196E+02
1.2920E+00;9.8044E+02
1.2930E+00;9.7891E+02
1.2940E+00;9.7739E+02
1.2950E+00;9.7587E+02
1.2960E+00;9.7435E+02
1.2970E+00;9.7283E+02
1.2980E+00;9.7132E+02
1.2990E+00;9.6981E+02
1.3000E+00;9.6829E+02
1.3010E+00;9.6678E+02
1.3020E+00;9.6528E+02
1.3030E+00;9.6377E+02
1.3040E+00;9.6227E+02
1.3050E+00;9.6077E+02
1.3060E+00;9.5927E+02
1.3070E+00;9.5777E+02
1.3080E+00;9.5627E+02
1.3090E+00;9.5478E+02
1.3100E+00;9.5329E+02
1.3110E+00;9.5180E+02
1.3120E+00;9.5031E+02
1.3130E+00;9.4883E+02
1.3140E+00;9.4734E+02
1.3150E+00;9.4586E+02
1.3160E+00;9.4438E+02
1.3170E+00;9.4291E+02
1.3180E+00;9.4143E+02
1.3190E+00;9.4014E+02
1.3200E+00;9.3928E+02
1.3210E+00;9.3842E+02
1.3220E+00;9.3756E+02
1.3230E+00;9.3670E+02
1.3240E+00;9.3584E+02
1.3250E+00;9.3498E+02
1.3260E+00;9.3412E+02
1.3270E+00;9.3327E+02
1.3280E+00;9.3241E+02
1.3290E+00;9.3155E+02
1.3300E+00;9.3069E+02
1.3310E+00;9.2983E+02
1.3320E+00;9.2898E+02
1.3330E+00;9.2812E+02
1.3340E+00;9.2726E+02
1.3350E+00;9.2641E+02
1.3360E+00;9.2555E+02
1.3370E+00;9.2470E+02
1.3380E+00;9.2384E+02
1.3390E+00;9.2298E+02
1.3400E+00;9.2213E+02
1.3410E+00;9.2127E+02
1.3420E+00;9.2042E+02
1.3430E+00;9.1957E+02
1.3440E+00;9.1871E+02
1.3450E+00;9.1786E+02
1.3460E+00;9.1700E+02
1.3470E+00;9.1615E+02
1.3480E+00;9.1530E+02
1.3490E+00;9.1444E+02
1.3500E+00;9.1359E+02
1.3510E+00;9.1274E+02
1.3520E+00;9.1189E+02
1.3530E+00;9.1103E+02
1.3540E+00;9.1018E+02
1.3550E+00;9.0933E+02
1.3560E+00;9.0848E+02
1.3570E+00;9.0763E+02
1.3580E+00;9.0678E+02
1.3590E+00;9.0593E+02
1.3600E+00;9.0508E+02
1.3610E+00;9.0423E+02
1.3620E+00;9.0338E+02
1.3630E+00;9.0253E+02
1.3640E+00;9.0168E+02
1.3650E+00;9.0083E+02
1.3660E+00;8.9998E+02
1.3670E+00;8.9914E+02
1.3680E+00;8.9829E+02
1.3690E+00;8.9744E+02
1.3700E+00;8.9659E+02
1.3710E+00;8.9574E+02
1.3720E+00;8.9490E+02
1.3730E+00;8.9405E+02
1.3740E+00;8.9321E+02
1.3750E+00;8.9236E+02
1.3760E+00;8.9151E+02
1.3770E+00;8.9067E+02
1.3780E+00;8.8982E+02
1.3790E+00;8.8898E+02
1.3800E+00;8.8813E+02
1.3810E+00;8.8729E+02
1.3820E+00;8.8644E+02
1.3830E+00;8.8560E+02
1.3840E+00;8.8476E+02
1.3850E+00;8.8391E+02
1.3860E+00;8.8307E+02
1.3870E+00;8.8223E+02
1.3880E+00;8.8138E+02
1.3890E+00;8.8054E+02
1.3900E+00;8.7970E+02
1.3910E+00;8.7886E+02
1.3920E+00;8.7802E+02
1.3930E+00;8.7718E+02
1.3940E+00;8.7633E+02
1.3950E+00;8.7549E+02
1.3960E+00;8.7465E+02
1.3970E+00;8.7381E+02
1.3980E+00;8.7297E+02
1.3990E+00;8.7213E+02
1.4000E+00;8.7130E+02
1.4010E+00;8.7046E+02
1.4020E+00;8.6962E+02
1.4030E+00;8.6878E+02
1.4040E+00;8.6794E+02
1.4050E+00;8.6710E+02
1.4060E+00;8.6627E+02
1.4070E+00;8.6543E+02
1.4080E+00;8.6459E+02
1.4090E+00;8.6376E+02
1.4100E+00;8.6292E+02
1.4110E+00;8.6208E+02
1.4120E+00;8.6125E+02
1.4130E+00;8.6041E+02
1.4140E+00;8.5958E+02
1.4150E+00;8.5874E+02
1.4160E+00;8.5791E+02
1.4170E+00;8.5708E+02
1.4180E+00;8.5624E+02
1.4190E+00;8.5541E+02
1.4200E+00;8.5458E+02
1.4210E+00;8.5374E+02
1.4220E+00;8.5291E+02
1.4230E+00;8.5208E+02
1.4240E+00;8.5125E+02
1.4250E+00;8.5041E+02
1.4260E+00;8.4958E+02
1.4270E+00;8.4875E+02
1.4280E+00;8.4792E+02
1.4290E+00;8.4709E+02
1.4300E+00;8.4626E+02
1.4310E+00;8.4543E+02
1.4320E+00;8.4460E+02
1.4330E+00;8.4377E+02
1.4340E+00;8.4294E+02
1.4350E+00;8.4212E+02
1.4360E+00;8.4129E+02
1.4370E+00;8.4046E+02
1.4380E+00;8.3963E+02
1.4390E+00;8.3881E+02
1.4400E+00;8.3798E+02
1.4410E+00;8.3715E+02
1.4420E+00;8.3633E+02
1.4430E+00;8.3550E+02
1.4440E+00;8.3468E+02
1.4450E+00;8.3385E+02
1.4460E+00;8.3303E+02
1.4470E+00;8.3220E+02
1.4480E+00;8.3138E+02
1.4490E+00;8.3055E+02
1.4500E+00;8.2973E+02
1.4510E+00;8.2891E+02
1.4520E+00;8.2808E+02
1.4530E+00;8.2726E+02
1.4540E+00;8.2644E+02
1.4550E+00;8.2562E+02
1.4560E+00;8.2480E+02
1.4570E+00;8.2397E+02
1.4580E+00;8.2315E+02
1.4590E+00;8.2233E+02
1.4600E+00;8.2151E+02
1.4610E+00;8.2069E+02
1.4620E+00;8.1987E+02
1.4630E+00;8.1906E+02
1.4640E+00;8.1824E+02
1.4650E+00;8.1742E+02
1.4660E+00;8.1660E+02
1.4670E+00;8.1578E+02
1.4680E+00;8.1497E+02
1.4690E+00;8.1415E+02
1.4700E+00;8.1333E+02
1.4710E+00;8.1252E+02
1.4720E+00;8.1170E+02
1.4730E+00;8.1088E+02
1.4740E+00;8.1007E+02
1.4750E+00;8.0926E+02
1.4760E+00;8.0844E+02
1.4770E+00;8.0763E+02
1.4780E+00;8.0681E+02
1.4790E+00;8.0600E+02
1.4800E+00;8.0519E+02
1.4810E+00;8.0437E+02
1.4820E+00;8.0356E+02
1.4830E+00;8.0275E+02
1.4840E+00;8.0194E+02
1.4850E+00;8.0113E+02
1.4860E+00;8.0032E+02
1.4870E+00;7.9951E+02
1.4880E+00;7.9870E+02
1.4890E+00;7.9789E+02
1.4900E+00;7.9708E+02
1.4910E+00;7.9627E+02
1.4920E+00;7.9546E+02
1.4930E+00;7.9465E+02
1.4940E+00;7.9385E+02
1.4950E+00;7.9304E+02
1.4960E+00;7.9223E+02
1.4970E+00;7.9143E+02
1.4980E+00;7.9062E+02
1.4990E+00;7.8981E+02
1.5000E+00;7.8901E+02
1.5010E+00;7.8820E+02
1.5020E+00;7.8740E+02
1.5030E+00;7.8659E+02
1.5040E+00;7.8579E+02
1.5050E+00;7.8499E+02
1.5060E+00;7.8418E+02
1.5070E+00;7.8325E+02
1.5080E+00;7.8198E+02
1.5090E+00;7.8072E+02
1.5100E+00;7.7946E+02
1.5110E+00;7.7820E+02
1.5120E+00;7.7695E+02
1.5130E+00;7.7569E+02
1.5140E+00;7.7443E+02
1.5150E+00;7.7317E+02
1.5160E+00;7.7192E+02
1.5170E+00;7.7066E+02
1.5180E+00;7.6940E+02
1.5190E+00;7.6815E+02
1.5200E+00;7.6689E+02
1.5210E+00;7.6564E+02
1.5220E+00;7.6438E+02
1.5230E+00;7.6313E+02
1.5240E+00;7.6188E+02
1.5250E+00;7.6063E+02
1.5260E+00;7.5938E+02
1.5270E+00;7.5812E+02
1.5280E+00;7.5687E+02
1.5290E+00;7.5562E+02
1.5300E+00;7.5437E+02
1.5310E+00;7.5313E+02
1.5320E+00;7.5188E+02
1.5330E+00;7.5063E+02
1.5340E+00;7.4938E+02
1.5350E+00;7.4814E+02
1.5360E+00;7.4689E+02
1.5370E+00;7.4565E+02
1.5380E+00;7.4440E+02
1.5390E+00;7.4316E+02
1.5400E+00;7.4191E+02
1.5410E+00;7.4067E+02
1.5420E+00;7.3943E+02
1.5430E+00;7.3819E+02
1.5440E+00;7.3694E+02
1.5450E+00;7.3570E+02
1.5460E+00;7.3446E+02
1.5470E+00;7.3322E+02
1.5480E+00;7.3199E+02
1.5490E+00;7.3075E+02
1.5500E+00;7.2951E+02
1.5510E+00;7.2827E+02
1.5520E+00;7.2704E+02
1.5530E+00;7.2580E+02
1.5540E+00;7.2457E+02
1.5550E+00;7.2333E+02
1.5560E+00;7.2210E+02
1.5570E+00;7.2086E+02
1.5580E+00;7.1963E+02
1.5590E+00;7.1840E+02
1.5600E+00;7.1717E+02
1.5610E+00;7.1594E+02
1.5620E+00;7.1471E+02
1.5630E+00;7.1348E+02
1.5640E+00;7.1225E+02
1.5650E+00;7.1102E+02
1.5660E+00;7.0979E+02
1.5670E+00;7.0857E+02
1.5680E+00;7.0734E+02
1.5690E+00;7.0612E+02
1.5700E+00;7.0489E+02
1.5710E+00;7.0367E+02
1.5720E+00;7.0245E+02
1.5730E+00;7.0122E+02
1.5740E+00;7.0000E+02
1.5750E+00;6.9878E+02
1.5760E+00;6.9756E+02
1.5770E+00;6.9634E+02
1.5780E+00;6.9512E+02
1.5790E+00;6.9390E+02
1.5800E+00;6.9269E+02
1.5810E+00;6.9147E+02
1.5820E+00;6.9025E+02
1.5830E+00;6.8904E+02
1.5840E+00;6.8782E+02
1.5850E+00;6.8661E+02
1.5860E+00;6.8540E+02
1.5870E+00;6.8418E+02
1.5880E+00;6.8297E+02
1.5890E+00;6.8176E+02
1.5900E+00;6.8055E+02
1.5910E+00;6.7934E+02
1.5920E+00;6.7813E+02
1.5930E+00;6.7692E+02
1.5940E+00;6.7572E+02
1.5950E+00;6.7451E+02
1.5960E+00;6.7331E+02
1.5970E+00;6.7210E+02
1.5980E+00;6.7090E+02
1.5990E+00;6.6969E+02
1.6000E+00;6.6849E+02
1.6010E+00;6.6729E+02
1.6020E+00;6.6609E+02
1.6030E+00;6.6489E+02
1.6040E+00;6.6369E+02
1.6050E+00;6.6249E+02
1.6060E+00;6.6130E+02
1.6070E+00;6.6010E+02
1.6080E+00;6.5890E+02
1.6090E+00;6.5771E+02
1.6100E+00;6.5651E+02
1.6110E+00;6.5532E+02
1.6120E+00;6.5413E+02
1.6130E+00;6.5294E+02
1.6140E+00;6.5175E+02
1.6150E+00;6.5056E+02
1.6160E+00;6.4937E+02
1.6170E+00;6.4818E+02
1.6180E+00;6.4699E+02
1.6190E+00;6.4583E+02
1.6200E+00;6.4473E+02
1.6210E+00;6.4363E+02
1.6220E+00;6.4254E+02
1.6230E+00;6.4144E+02
1.6240E+00;6.4034E+02
1.6250E+00;6.3924E+02
1.6260E+00;6.3815E+02
1.6270E+00;6.3705E+02
1.6280E+00;6.3595E+02
1.6290E+00;6.3485E+02
1.6300E+00;6.3376E+02
1.6310E+00;6.3266E+02
1.6320E+00;6.3156E+02
1.6330E+00;6.3046E+02
1.6340E+00;6.2937E+02
1.6350E+00;6.2827E+02
1.6360E+00;6.2717E+02
1.6370E+00;6.2607E+02
1.6380E+00;6.2498E+02
1.6390E+00;6.2388E+02
1.6400E+00;6.2278E+02
1.6410E+00;6.2169E+02
1.6420E+00;6.2059E+02
1.6430E+00;6.1949E+02
1.6440E+00;6.1839E+02
1.6450E+00;6.1730E+02
1.6460E+00;6.1620E+02
1.6470E+00;6.1510E+02
1.6480E+00;6.1400E+02
1.6490E+00;6.1291E+02
1.6500E+00;6.1181E+02
1.6510E+00;6.1071E+02
1.6520E+00;6.0961E+02
1.6530E+00;6.0852E+02
1.6540E+00;6.0742E+02
1.6550E+00;6.0632E+02
1.6560E+00;6.0523E+02
1.6570E+00;6.0413E+02
1.6580E+00;6.0303E+02
1.6590E+00;6.0193E+02
1.6600E+00;6.0084E+02
1.6610E+00;5.9974E+02
1.6620E+00;5.9864E+02
1.6630E+00;5.9754E+02
1.6640E+00;5.9645E+02
1.6650E+00;5.9535E+02
1.6660E+00;5.9425E+02
1.6670E+00;5.9316E+02
1.6680E+00;5.9206E+02
1.6690E+00;5.9096E+02
1.6700E+00;5.8986E+02
1.6710E+00;5.8877E+02
1.6720E+00;5.8767E+02
1.6730E+00;5.8657E+02
1.6740E+00;5.8548E+02
1.6750E+00;5.8438E+02
1.6760E+00;5.8328E+02
1.6770E+00;5.8219E+02
1.6780E+00;5.8109E+02
1.6790E+00;5.7999E+02
1.6800E+00;5.7889E+02
1.6810E+00;5.7780E+02
1.6820E+00;5.7670E+02
1.6830E+00;5.7560E+02
1.6840E+00;5.7451E+02
1.6850E+00;5.7341E+02
1.6860E+00;5.7231E+02
1.6870E+00;5.7122E+02
1.6880E+00;5.7012E+02
1.6890E+00;5.6902E+02
1.6900E+00;5.6792E+02
1.6910E+00;5.6704E+02
1.6920E+00;5.6652E+02
1.6930E+00;5.6599E+02
1.6940E+00;5.6547E+02
1.6950E+00;5.6495E+02
1.6960E+00;5.6443E+02
1.6970E+00;5.6390E+02
1.6980E+00;5.6338E+02
1.6990E+00;5.6286E+02
1.7000E+00;5.6234E+02
1.7010E+00;5.6181E+02
1.7020E+00;5.6129E+02
1.7030E+00;5.6077E+02
1.7040E+00;5.6025E+02
1.7050E+00;5.5973E+02
1.7060E+00;5.5921E+02
1.7070E+00;5.5868E+02
1.7080E+00;5.5816E+02
1.7090E+00;5.5764E+02
1.7100E+00;5.5712E+02
1.7110E+00;5.5660E+02
1.7120E+00;5.5608E+02
1.7130E+00;5.5556E+02
1.7140E+00;5.5503E+02
1.7150E+00;5.5451E+02
1.7160E+00;5.5399E+02
1.7170E+00;5.5347E+02
1.7180E+00;5.5295E+02
1.7190E+00;5.5243E+02
1.7200E+00;5.5191E+02
1.7210E+00;5.5139E+02
1.7220E+00;5.5087E+02
1.7230E+00;5.5035E+02
1.7240E+00;5.4983E+02
1.7250E+00;5.4931E+02
1.7260E+00;5.4879E+02
1.7270E+00;5.4827E+02
1.7280E+00;5.4775E+02
1.7290E+00;5.4723E+02
1.7300E+00;5.4671E+02
1.7310E+00;5.4619E+02
1.7320E+00;5.4567E+02
1.7330E+00;5.4515E+02
1.7340E+00;5.4463E+02
1.7350E+00;5.4411E+02
1.7360E+00;5.4359E+02
1.7370E+00;5.4307E+02
1.7380E+00;5.4255E+02
1.7390E+00;5.4204E+02
1.7400E+00;5.4152E+02
1.7410E+00;5.4100E+02
1.7420E+00;5.4048E+02
1.7430E+00;5.3996E+02
1.7440E+00;5.3944E+02
1.7450E+00;5.3893E+02
1.7460E+00;5.3841E+02
1.7470E+00;5.3789E+02
1.7480E+00;5.3737E+02
1.7490E+00;5.3685E+02
1.7500E+00;5.3634E+02
1.7510E+00;5.3582E+02
1.7520E+00;5.3530E+02
1.7530E+00;5.3478E+02
1.7540E+00;5.3426E+02
1.7550E+00;5.3375E+02
1.7560E+00;5.3323E+02
1.7570E+00;5.3271E+02
1.7580E+00;5.3220E+02
1.7590E+00;5.3168E+02
1.7600E+00;5.3116E+02
1.7610E+00;5.3065E+02
1.7620E+00;5.3013E+02
1.7630E+00;5.2961E+02
1.7640E+00;5.2910E+02
1.7650E+00;5.2858E+02
1.7660E+00;5.2806E+02
1.7670E+00;5.2755E+02
1.7680E+00;5.2703E+02
1.7690E+00;5.2652E+02
1.7700E+00;5.2600E+02
1.7710E+00;5.2548E+02
1.7720E+00;5.2497E+02
1.7730E+00;5.2445E+02
1.7740E+00;5.2394E+02
1.7750E+00;5.2342E+02
1.7760E+00;5.2291E+02
1.7770E+00;5.2239E+02
1.7780E+00;5.2188E+02
1.7790E+00;5.2136E+02
1.7800E+00;5.2085E+02
1.7810E+00;5.2033E+02
1.7820E+00;5.1982E+02
1.7830E+00;5.1930E+02
1.7840E+00;5.1879E+02
1.7850E+00;5.1827E+02
1.7860E+00;5.1776E+02
1.7870E+00;5.1725E+02
1.7880E+00;5.1673E+02
1.7890E+00;5.1622E+02
1.7900E+00;5.1570E+02
1.7910E+00;5.1519E+02
1.7920E+00;5.1468E+02
1.7930E+00;5.1416E+02
1.7940E+00;5.1365E+02
1.7950E+00;5.1314E+02
1.7960E+00;5.1262E+02
1.7970E+00;5.1211E+02
1.7980E+00;5.1160E+02
1.7990E+00;5.1109E+02
1.8000E+00;5.1057E+02
1.8010E+00;5.1006E+02
1.8020E+00;5.0955E+02
1.8030E+00;5.0904E+02
1.8040E+00;5.0852E+02
1.8050E+00;5.0801E+02
1.8060E+00;5.0750E+02
1.8070E+00;5.0699E+02
1.8080E+00;5.0648E+02
1.8090E+00;5.0596E+02
1.8100E+00;5.0545E+02
1.8110E+00;5.0494E+02
1.8120E+00;5.0443E+02
1.8130E+00;5.0392E+02
1.8140E+00;5.0341E+02
1.8150E+00;5.0290E+02
1.8160E+00;5.0239E+02
1.8170E+00;5.0188E+02
1.8180E+00;5.0137E+02
1.8190E+00;5.0085E+02
1.8200E+00;5.0034E+02
1.8210E+00;4.9983E+02
1.8220E+00;4.9932E+02
1.8230E+00;4.9881E+02
1.8240E+00;4.9830E+02
1.8250E+00;4.9779E+02
1.8260E+00;4.9728E+02
1.8270E+00;4.9678E+02
1.8280E+00;4.9627E+02
1.8290E+00;4.9576E+02
1.8300E+00;4.9525E+02
1.8310E+00;4.9474E+02
1.8320E+00;4.9423E+02
1.8330E+00;4.9372E+02
1.8340E+00;4.9321E+02
1.8350E+00;4.9270E+02
1.8360E+00;4.9219E+02
1.8370E+00;4.9169E+02
1.8380E+00;4.9118E+02
1.8390E+00;4.9067E+02
1.8400E+00;4.9016E+02
1.8410E+00;4.8965E+02
1.8420E+00;4.8915E+02
1.8430E+00;4.8864E+02
1.8440E+00;4.8813E+02
1.8450E+00;4.8762E+02
1.8460E+00;4.8712E+02
1.8470E+00;4.8661E+02
1.8480E+00;4.8610E+02
1.8490E+00;4.8560E+02
1.8500E+00;4.8509E+02
1.8510E+00;4.8458E+02
1.8520E+00;4.8408E+02
1.8530E+00;4.8357E+02
1.8540E+00;4.8306E+02
1.8550E+00;4.8256E+02
1.8560E+00;4.8205E+02
1.8570E+00;4.8155E+02
1.8580E+00;4.8104E+02
1.8590E+00;4.8054E+02
1.8600E+00;4.8003E+02
1.8610E+00;4.7953E+02
1.8620E+00;4.7902E+02
1.8630E+00;4.7852E+02
1.8640E+00;4.7801E+02
1.8650E+00;4.7751E+02
1.8660E+00;4.7700E+02
1.8670E+00;4.7650E+02
1.8680E+00;4.7599E+02
1.8690E+00;4.7549E+02
1.8700E+00;4.7498E+02
1.8710E+00;4.7448E+02
1.8720E+00;4.7398E+02
1.8730E+00;4.7347E+02
1.8740E+00;4.7297E+02
1.8750E+00;4.7247E+02
1.8760E+00;4.7196E+02
1.8770E+00;4.7146E+02
1.8780E+00;4.7096E+02
1.8790E+00;4.7046E+02
1.8800E+00;4.6995E+02
1.8810E+00;4.6945E+02
1.8820E+00;4.6895E+02
1.8830E+00;4.6845E+02
1.8840E+00;4.6794E+02
1.8850E+00;4.6744E+02
1.8860E+00;4.6694E+02
1.8870E+00;4.6644E+02
1.8880E+00;4.6594E+02
1.8890E+00;4.6544E+02
1.8900E+00;4.6493E+02
1.8910E+00;4.6443E+02
1.8920E+00;4.6393E+02
1.8930E+00;4.6343E+02
1.8940E+00;4.6293E+02
1.8950E+00;4.6243E+02
1.8960E+00;4.6193E+02
1.8970E+00;4.6143E+02
1.8980E+00;4.6093E+02
1.8990E+00;4.6043E+02
1.9000E+00;4.5993E+02
1.9010E+00;4.5943E+02
1.9020E+00;4.5893E+02
1.9030E+00;4.5843E+02
1.9040E+00;4.5793E+02
1.9050E+00;4.5744E+02
1.9060E+00;4.5694E+02
1.9070E+00;4.5644E+02
1.9080E+00;4.5594E+02
1.9090E+00;4.5544E+02
1.9100E+00;4.5494E+02
1.9110E+00;4.5445E+02
1.9120E+00;4.5395E+02
1.9130E+00;4.5345E+02
1.9140E+00;4.5295E+02
1.9150E+00;4.5246E+02
1.9160E+00;4.5196E+02
1.9170E+00;4.5146E+02
1.9180E+00;4.5096E+02
1.9190E+00;4.5047E+02
1.9200E+00;4.4997E+02
1.9210E+00;4.4948E+02
1.9220E+00;4.4898E+02
1.9230E+00;4.4848E+02
1.9240E+00;4.4799E+02
1.9250E+00;4.4749E+02
1.9260E+00;4.4700E+02
1.9270E+00;4.4650E+02
1.9280E+00;4.4601E+02
1.9290E+00;4.4551E+02
1.9300E+00;4.4502E+02
1.9310E+00;4.4452E+02
1.9320E+00;4.4403E+02
1.9330E+00;4.4353E+02
1.9340E+00;4.4304E+02
1.9350E+00;4.4254E+02
1.9360E+00;4.4205E+02
1.9370E+00;4.4156E+02
1.9380E+00;4.4106E+02
1.9390E+00;4.4057E+02
1.9400E+00;4.4008E+02
1.9410E+00;4.3958E+02
1.9420E+00;4.3909E+02
1.9430E+00;4.3860E+02
1.9440E+00;4.3811E+02
1.9450E+00;4.3761E+02
1.9460E+00;4.3712E+02
1.9470E+00;4.3663E+02
1.9480E+00;4.3614E+02
1.9490E+00;4.3565E+02
1.9500E+00;4.3515E+02
1.9510E+00;4.3466E+02
1.9520E+00;4.3417E+02
1.9530E+00;4.3368E+02
1.9540E+00;4.3319E+02
1.9550E+00;4.3270E+02
1.9560E+00;4.3221E+02
1.9570E+00;4.3172E+02
1.9580E+00;4.3123E+02
1.9590E+00;4.3074E+02
1.9600E+00;4.3025E+02
1.9610E+00;4.2976E+02
1.9620E+00;4.2927E+02
1.9630E+00;4.2878E+02
1.9640E+00;4.2829E+02
1.9650E+00;4.2780E+02
1.9660E+00;4.2732E+02
1.9670E+00;4.2683E+02
1.9680E+00;4.2634E+02
1.9690E+00;4.2585E+02
1.9700E+00;4.2536E+02
1.9710E+00;4.2488E+02
1.9720E+00;4.2439E+02
1.9730E+00;4.2390E+02
1.9740E+00;4.2342E+02
1.9750E+00;4.2293E+02
1.9760E+00;4.2244E+02
1.9770E+00;4.2196E+02
1.9780E+00;4.2147E+02
1.9790E+00;4.2098E+02
1.9800E+00;4.2050E+02
1.9810E+00;4.2001E+02
1.9820E+00;4.1953E+02
1.9830E+00;4.1904E+02
1.9840E+00;4.1856E+02
1.9850E+00;4.1807E+02
1.9860E+00;4.1759E+02
1.9870E+00;4.1710E+02
1.9880E+00;4.1662E+02
1.9890E+00;4.1614E+02
1.9900E+00;4.1565E+02
1.9910E+00;4.1517E+02
1.9920E+00;4.1469E+02
1.9930E+00;4.1420E+02
1.9940E+00;4.1372E+02
1.9950E+00;4.1324E+02
1.9960E+00;4.1275E+02
1.9970E+00;4.1227E+02
1.9980E+00;4.1179E+02
1.9990E+00;4.1131E+02
2.0000E+00;4.1083E+02
2.0010E+00;4.1034E+02
2.0020E+00;4.0986E+02
2.0030E+00;4.0938E+02
2.0040E+00;4.0890E+02
2.0050E+00;4.0842E+02
2.0060E+00;4.0794E+02
2.0070E+00;4.0746E+02
2.0080E+00;4.0698E+02
2.0090E+00;4.0650E+02
2.0100E+00;4.0602E+02
2.0110E+00;4.0554E+02
2.0120E+00;4.0506E+02
2.0130E+00;4.0458E+02
2.0140E+00;4.0411E+02
2.0150E+00;4.0363E+02
2.0160E+00;4.0315E+02
2.0170E+00;4.0267E+02
2.0180E+00;4.0219E+02
2.0190E+00;4.0172E+02
2.0200E+00;4.0124E+02
2.0210E+00;4.0076E+02
2.0220E+00;4.0029E+02
2.0230E+00;3.9981E+02
2.0240E+00;3.9933E+02
2.0250E+00;3.9886E+02
2.0260E+00;3.9838E+02
2.0270E+00;3.9791E+02
2.0280E+00;3.9743E+02
2.0290E+00;3.9696E+02
2.0300E+00;3.9648E+02
2.0310E+00;3.9601E+02
2.0320E+00;3.9553E+02
2.0330E+00;3.9506E+02
2.0340E+00;3.9458E+02
2.0350E+00;3.9411E+02
2.0360E+00;3.9364E+02
2.0370E+00;3.9316E+02
2.0380E+00;3.9269E+02
2.0390E+00;3.9222E+02
2.0400E+00;3.9174E+02
2.0410E+00;3.9127E+02
2.0420E+00;3.9080E+02
2.0430E+00;3.9033E+02
2.0440E+00;3.8986E+02
2.0450E+00;3.8939E+02
2.0460E+00;3.8896E+02
2.0470E+00;3.8853E+02
2.0480E+00;3.8810E+02
2.0490E+00;3.8767E+02
2.0500E+00;3.8723E+02
2.0510E+00;3.8680E+02
2.0520E+00;3.8637E+02
2.0530E+00;3.8594E+02
2.0540E+00;3.8551E+02
2.0550E+00;3.8508E+02
2.0560E+00;3.8465E+02
2.0570E+00;3.8422E+02
2.0580E+00;3.8379E+02
2.0590E+00;3.8336E+02
2.0600E+00;3.8293E+02
2.0610E+00;3.8250E+02
2.0620E+00;3.8207E+02
2.0630E+00;3.8164E+02
2.0640E+00;3.8121E+02
2.0650E+00;3.8078E+02
2.0660E+00;3.8035E+02
2.0670E+00;3.7992E+02
2.0680E+00;3.7949E+02
2.0690E+00;3.7906E+02
2.0700E+00;3.7863E+02
2.0710E+00;3.7820E+02
2.0720E+00;3.7777E+02
2.0730E+00;3.7734E+02
2.0740E+00;3.7691E+02
2.0750E+00;3.7648E+02
2.0760E+00;3.7605E+02
2.0770E+00;3.7562E+02
2.0780E+00;3.7519E+02
2.0790E+00;3.7476E+02
2.0800E+00;3.7433E+02
2.0810E+00;3.7390E+02
2.0820E+00;3.7347E+02
2.0830E+00;3.7304E+02
2.0840E+00;3.7261E+02
2.0850E+00;3.7218E+02
2.0860E+00;3.7175E+02
2.0870E+00;3.7131E+02
2.0880E+00;3.7088E+02
2.0890E+00;3.7045E+02
2.0900E+00;3.7002E+02
2.0910E+00;3.6959E+02
2.0920E+00;3.6916E+02
2.0930E+00;3.6873E+02
2.0940E+00;3.6830E+02
2.0950E+00;3.6787E+02
2.0960E+00;3.6744E+02
2.0970E+00;3.6701E+02
2.0980E+00;3.6658E+02
2.0990E+00;3.6615E+02
2.1000E+00;3.6572E+02
2.1010E+00;3.6529E+02
2.1020E+00;3.6486E+02
2.1030E+00;3.6443E+02
2.1040E+00;3.6400E+02
2.1050E+00;3.6357E+02
2.1060E+00;3.6314E+02
2.1070E+00;3.6271E+02
2.1080E+00;3.6228E+02
2.1090E+00;3.6185E+02
2.1100E+00;3.6142E+02
2.1110E+00;3.6099E+02
2.1120E+00;3.6056E+02
2.1130E+00;3.6013E+02
2.1140E+00;3.5970E+02
2.1150E+00;3.5927E+02
2.1160E+00;3.5884E+02
2.1170E+00;3.5841E+02
2.1180E+00;3.5798E+02
2.1190E+00;3.5755E+02
2.1200E+00;3.5712E+02
2.1210E+00;3.5669E+02
2.1220E+00;3.5626E+02
2.1230E+00;3.5583E+02
2.1240E+00;3.5540E+02
2.1250E+00;3.5497E+02
2.1260E+00;3.5454E+02
2.1270E+00;3.5411E+02
2.1280E+00;3.5368E+02
2.1290E+00;3.5325E+02
2.1300E+00;3.5282E+02
2.1310E+00;3.5239E+02
2.1320E+00;3.5195E+02
2.1330E+00;3.5152E+02
2.1340E+00;3.5109E+02
2.1350E+00;3.5066E+02
2.1360E+00;3.5023E+02
2.1370E+00;3.4980E+02
2.1380E+00;3.4937E+02
2.1390E+00;3.4894E+02
2.1400E+00;3.4851E+02
2.1410E+00;3.4808E+02
2.1420E+00;3.4765E+02
2.1430E+00;3.4722E+02
2.1440E+00;3.4679E+02
2.1450E+00;3.4636E+02
2.1460E+00;3.4593E+02
2.1470E+00;3.4550E+02
2.1480E+00;3.4507E+02
2.1490E+00;3.4464E+02
2.1500E+00;3.4421E+02
2.1510E+00;3.4378E+02
2.1520E+00;3.4335E+02
2.1530E+00;3.4292E+02
2.1540E+00;3.4249E+02
2.1550E+00;3.4206E+02
2.1560E+00;3.4163E+02
2.1570E+00;3.4120E+02
2.1580E+00;3.4077E+02
2.1590E+00;3.4034E+02
2.1600E+00;3.3991E+02
2.1610E+00;3.3948E+02
2.1620E+00;3.3905E+02
2.1630E+00;3.3862E+02
2.1640E+00;3.3819E+02
2.1650E+00;3.3776E+02
2.1660E+00;3.3733E+02
2.1670E+00;3.3690E+02
2.1680E+00;3.3647E+02
2.1690E+00;3.3604E+02
2.1700E+00;3.3561E+02
2.1710E+00;3.3518E+02
2.1720E+00;3.3475E+02
2.1730E+00;3.3432E+02
2.1740E+00;3.3389E+02
2.1750E+00;3.3346E+02
2.1760E+00;3.3303E+02
2.1770E+00;3.3260E+02
2.1780E+00;3.3217E+02
2.1790E+00;3.3174E+02
2.1800E+00;3.3131E+02
2.1810E+00;3.3088E+02
2.1820E+00;3.3045E+02
2.1830E+00;3.3002E+02
2.1840E+00;3.2959E+02
2.1850E+00;3.2916E+02
2.1860E+00;3.2873E+02
2.1870E+00;3.2830E+02
2.1880E+00;3.2787E+02
2.1890E+00;3.2744E+02
2.1900E+00;3.2701E+02
2.1910E+00;3.2658E+02
2.1920E+00;3.2615E+02
2.1930E+00;3.2572E+02
2.1940E+00;3.2529E+02
2.1950E+00;3.2486E+02
2.1960E+00;3.2443E+02
2.1970E+00;3.2400E+02
2.1980E+00;3.2357E+02
2.1990E+00;3.2314E+02
2.2000E+00;3.2270E+02
2.2010E+00;3.2227E+02
2.2020E+00;3.2184E+02
2.2030E+00;3.2141E+02
2.2040E+00;3.2098E+02
2.2050E+00;3.2055E+02
2.2060E+00;3.2012E+02
2.2070E+00;3.1969E+02
2.2080E+00;3.1926E+02
2.2090E+00;3.1883E+02
2.2100E+00;3.1840E+02
2.2110E+00;3.1797E+02
2.2120E+00;3.1754E+02
2.2130E+00;3.1711E+02
2.2140E+00;3.1668E+02
2.2150E+00;3.1625E+02
2.2160E+00;3.1582E+02
2.2170E+00;3.1539E+02
2.2180E+00;3.1496E+02
2.2190E+00;3.1453E+02
2.2200E+00;3.1410E+02
2.2210E+00;3.1367E+02
2.2220E+00;3.1324E+02
2.2230E+00;3.1281E+02
2.2240E+00;3.1238E+02
2.2250E+00;3.1195E+02
2.2260E+00;3.1152E+02
2.2270E+00;3.1109E+02
2.2280E+00;3.1066E+02
2.2290E+00;3.1023E+02
2.2300E+00;3.0980E+02
2.2310E+00;3.0937E+02
2.2320E+00;3.0894E+02
2.2330E+00;3.0851E+02
2.2340E+00;3.0808E+02
2.2350E+00;3.0765E+02
2.2360E+00;3.0722E+02
2.2370E+00;3.0679E+02
2.2380E+00;3.0636E+02
2.2390E+00;3.0593E+02
2.2400E+00;3.0550E+02
2.2410E+00;3.0507E+02
2.2420E+00;3.0464E+02
2.2430E+00;3.0421E+02
2.2440E+00;3.0378E+02
2.2450E+00;3.0335E+02
2.2460E+00;3.0292E+02
2.2470E+00;3.0249E+02
2.2480E+00;3.0206E+02
2.2490E+00;3.0163E+02
2.2500E+00;3.0120E+02
2.2510E+00;3.0077E+02
2.2520E+00;3.0034E+02
2.2530E+00;2.9991E+02
2.2540E+00;2.9948E+02
2.2550E+00;2.9905E+02
2.2560E+00;2.9862E+02
2.2570E+00;2.9819E+02
2.2580E+00;2.9776E+02
2.2590E+00;2.9733E+02
2.2600E+00;2.9690E+02
2.2610E+00;2.9647E+02
2.2620E+00;2.9604E+02
2.2630E+00;2.9561E+02
2.2640E+00;2.9518E+02
2.2650E+00;2.9475E+02
2.2660E+00;2.9432E+02
2.2670E+00;2.9389E+02
2.2680E+00;2.9346E+02
2.2690E+00;2.9303E+02
2.2700E+00;2.9260E+02
2.2710E+00;2.9217E+02
2.2720E+00;2.9174E+02
2.2730E+00;2.9131E+02
2.2740E+00;2.9088E+02
2.2750E+00;2.9045E+02
2.2760E+00;2.9002E+02
2.2770E+00;2.8959E+02
2.2780E+00;2.8916E+02
2.2790E+00;2.8873E+02
2.2800E+00;2.8830E+02
2.2810E+00;2.8787E+02
2.2820E+00;2.8744E+02
2.2830E+00;2.8701E+02
2.2840E+00;2.8658E+02
2.2850E+00;2.8615E+02
2.2860E+00;2.8572E+02
2.2870E+00;2.8529E+02
2.2880E+00;2.8486E+02
2.2890E+00;2.8443E+02
2.2900E+00;2.8401E+02
2.2910E+00;2.8358E+02
2.2920E+00;2.8315E+02
2.2930E+00;2.8273E+02
2.2940E+00;2.8253E+02
2.2950E+00;2.8234E+02
2.2960E+00;2.8214E+02
2.2970E+00;2.8194E+02
2.2980E+00;2.8175E+02
2.2990E+00;2.8155E+02
2.3000E+00;2.8136E+02
2.3010E+00;2.8116E+02
2.3020E+00;2.8096E+02
2.3030E+00;2.8077E+02
2.3040E+00;2.8057E+02
2.3050E+00;2.8038E+02
2.3060E+00;2.8018E+02
2.3070E+00;2.7999E+02
2.3080E+00;2.7979E+02
2.3090E+00;2.7959E+02
2.3100E+00;2.7940E+02
2.3110E+00;2.7920E+02
2.3120E+00;2.7901E+02
2.3130E+00;2.7881E+02
2.3140E+00;2.7862E+02
2.3150E+00;2.7842E+02
2.3160E+00;2.7823E+02
2.3170E+00;2.7803E+02
2.3180E+00;2.7784E+02
2.3190E+00;2.7764E+02
2.3200E+00;2.7744E+02
2.3210E+00;2.7725E+02
2.3220E+00;2.7705E+02
2.3230E+00;2.7686E+02
2.3240E+00;2.7666E+02
2.3250E+00;2.7647E+02
2.3260E+00;2.7627E+02
2.3270E+00;2.7608E+02
2.3280E+00;2.7588E+02
2.3290E+00;2.7569E+02
2.3300E+00;2.7549E+02
2.3310E+00;2.7530E+02
2.3320E+00;2.7510E+02
2.3330E+00;2.7491E+02
2.3340E+00;2.7471E+02
2.3350E+00;2.7452E+02
2.3360E+00;2.7432E+02
2.3370E+00;2.7413E+02
2.3380E+00;2.7394E+02
2.3390E+00;2.7374E+02
2.3400E+00;2.7355E+02
2.3410E+00;2.7335E+02
2.3420E+00;2.7316E+02
2.3430E+00;2.7296E+02
2.3440E+00;2.7277E+02
2.3450E+00;2.7257E+02
2.3460E+00;2.7238E+02
2.3470E+00;2.7218E+02
2.3480E+00;2.7199E+02
2.3490E+00;2.7180E+02
2.3500E+00;2.7160E+02
2.3510E+00;2.7141E+02
2.3520E+00;2.7121E+02
2.3530E+00;2.7102E+02
2.3540E+00;2.7082E+02
2.3550E+00;2.7063E+02
2.3560E+00;2.7044E+02
2.3570E+00;2.7024E+02
2.3580E+00;2.7005E+02
2.3590E+00;2.6985E+02
2.3600E+00;2.6966E+02
2.3610E+00;2.6947E+02
2.3620E+00;2.6927E+02
2.3630E+00;2.6908E+02
2.3640E+00;2.6888E+02
2.3650E+00;2.6869E+02
2.3660E+00;2.6850E+02
2.3670E+00;2.6830E+02
2.3680E+00;2.6811E+02
2.3690E+00;2.6792E+02
2.3700E+00;2.6772E+02
2.3710E+00;2.6753E+02
2.3720E+00;2.6733E+02
2.3730E+00;2.6714E+02
2.3740E+00;2.6695E+02
2.3750E+00;2.6675E+02
2.3760E+00;2.6656E+02
2.3770E+00;2.6637E+02
2.3780E+00;2.6617E+02
2.3790E+00;2.6598E+02
2.3800E+00;2.6579E+02
2.3810E+00;2.6559E+02
2.3820E+00;2.6540E+02
2.3830E+00;2.6521E+02
2.3840E+00;2.6501E+02
2.3850E+00;2.6482E+02
2.3860E+00;2.6463E+02
2.3870E+00;2.6443E+02
2.3880E+00;2.6424E+02
2.3890E+00;2.6405E+02
2.3900E+00;2.6386E+02
2.3910E+00;2.6366E+02
2.3920E+00;2.6347E+02
2.3930E+00;2.6328E+02
2.3940E+00;2.6308E+02
2.3950E+00;2.6289E+02
2.3960E+00;2.6270E+02
2.3970E+00;2.6251E+02
2.3980E+00;2.6231E+02
2.3990E+00;2.6212E+02
2.4000E+00;2.6193E+02
2.4010E+00;2.6173E+02
2.4020E+00;2.6154E+02
2.4030E+00;2.6135E+02
2.4040E+00;2.6116E+02
2.4050E+00;2.6096E+02
2.4060E+00;2.6077E+02
2.4070E+00;2.6058E+02
2.4080E+00;2.6039E+02
2.4090E+00;2.6020E+02
2.4100E+00;2.6000E+02
2.4110E+00;2.5981E+02
2.4120E+00;2.5962E+02
2.4130E+00;2.5943E+02
2.4140E+00;2.5923E+02
2.4150E+00;2.5904E+02
2.4160E+00;2.5885E+02
2.4170E+00;2.5866E+02
2.4180E+00;2.5847E+02
2.4190E+00;2.5827E+02
2.4200E+00;2.5808E+02
2.4210E+00;2.5789E+02
2.4220E+00;2.5770E+02
2.4230E+00;2.5751E+02
2.4240E+00;2.5731E+02
2.4250E+00;2.5712E+02
2.4260E+00;2.5693E+02
2.4270E+00;2.5674E+02
2.4280E+00;2.5655E+02
2.4290E+00;2.5636E+02
2.4300E+00;2.5616E+02
2.4310E+00;2.5597E+02
2.4320E+00;2.5578E+02
2.4330E+00;2.5559E+02
2.4340E+00;2.5540E+02
2.4350E+00;2.5521E+02
2.4360E+00;2.5502E+02
2.4370E+00;2.5483E+02
2.4380E+00;2.5463E+02
2.4390E+00;2.5444E+02
2.4400E+00;2.5425E+02
2.4410E+00;2.5406E+02
2.4420E+00;2.5387E+02
2.4430E+00;2.5368E+02
2.4440E+00;2.5349E+02
2.4450E+00;2.5330E+02
2.4460E+00;2.5311E+02
2.4470E+00;2.5291E+02
2.4480E+00;2.5272E+02
2.4490E+00;2.5253E+02
2.4500E+00;2.5234E+02
2.4510E+00;2.5215E+02
2.4520E+00;2.5196E+02
2.4530E+00;2.5177E+02
2.4540E+00;2.5158E+02
2.4550E+00;2.5139E+02
2.4560E+00;2.5120E+02
2.4570E+00;2.5101E+02
2.4580E+00;2.5082E+02
2.4590E+00;2.5063E+02
2.4600E+00;2.5044E+02
2.4610E+00;2.5025E+02
2.4620E+00;2.5006E+02
2.4630E+00;2.4987E+02
2.4640E+00;2.4968E+02
2.4650E+00;2.4949E+02
2.4660E+00;2.4930E+02
2.4670E+00;2.4911E+02
2.4680E+00;2.4892E+02
2.4690E+00;2.4873E+02
2.4700E+00;2.4854E+02
2.4710E+00;2.4835E+02
2.4720E+00;2.4816E+02
2.4730E+00;2.4797E+02
2.4740E+00;2.4778E+02
2.4750E+00;2.4759E+02
2.4760E+00;2.4740E+02
2.4770E+00;2.4721E+02
2.4780E+00;2.4702E+02
2.4790E+00;2.4683E+02
2.4800E+00;2.4664E+02
2.4810E+00;2.4645E+02
2.4820E+00;2.4626E+02
2.4830E+00;2.4607E+02
2.4840E+00;2.4588E+02
2.4850E+00;2.4569E+02
2.4860E+00;2.4550E+02
2.4870E+00;2.4531E+02
2.4880E+00;2.4512E+02
2.4890E+00;2.4493E+02
2.4900E+00;2.4475E+02
2.4910E+00;2.4456E+02
2.4920E+00;2.4437E+02
2.4930E+00;2.4418E+02
2.4940E+00;2.4399E+02
2.4950E+00;2.4380E+02
2.4960E+00;2.4361E+02
2.4970E+00;2.4342E+02
2.4980E+00;2.4323E+02
2.4990E+00;2.4305E+02
2.5000E+00;2.4286E+02
2.5010E+00;2.4267E+02
2.5020E+00;2.4248E+02
2.5030E+00;2.4229E+02
2.5040E+00;2.4210E+02
2.5050E+00;2.4191E+02
2.5060E+00;2.4173E+02
2.5070E+00;2.4154E+02
2.5080E+00;2.4135E+02
2.5090E+00;2.4116E+02
2.5100E+00;2.4097E+02
2.5110E+00;2.4078E+02
2.5120E+00;2.4060E+02
2.5130E+00;2.4041E+02
2.5140E+00;2.4022E+02
2.5150E+00;2.4003E+02
2.5160E+00;2.3984E+02
2.5170E+00;2.3966E+02
2.5180E+00;2.3947E+02
2.5190E+00;2.3928E+02
2.5200E+00;2.3909E+02
2.5210E+00;2.3891E+02
2.5220E+00;2.3872E+02
2.5230E+00;2.3853E+02
2.5240E+00;2.3834E+02
2.5250E+00;2.3816E+02
2.5260E+00;2.3797E+02
2.5270E+00;2.3778E+02
2.5280E+00;2.3759E+02
2.5290E+00;2.3741E+02
2.5300E+00;2.3722E+02
2.5310E+00;2.3703E+02
2.5320E+00;2.3684E+02
2.5330E+00;2.3666E+02
2.5340E+00;2.3647E+02
2.5350E+00;2.3628E+02
2.5360E+00;2.3610E+02
2.5370E+00;2.3591E+02
2.5380E+00;2.3572E+02
2.5390E+00;2.3554E+02
2.5400E+00;2.3535E+02
2.5410E+00;2.3516E+02
2.5420E+00;2.3498E+02
2.5430E+00;2.3479E+02
2.5440E+00;2.3460E+02
2.5450E+00;2.3442E+02
2.5460E+00;2.3423E+02
2.5470E+00;2.3404E+02
2.5480E+00;2.3386E+02
2.5490E+00;2.3367E+02
2.5500E+00;2.3348E+02
2.5510E+00;2.3330E+02
2.5520E+00;2.3311E+02
2.5530E+00;2.3293E+02
2.5540E+00;2.3274E+02
2.5550E+00;2.3255E+02
2.5560E+00;2.3237E+02
2.5570E+00;2.3218E+02
2.5580E+00;2.3200E+02
2.5590E+00;2.3181E+02
2.5600E+00;2.3162E+02
2.5610E+00;2.3144E+02
2.5620E+00;2.3125E+02
2.5630E+00;2.3107E+02
2.5640E+00;2.3088E+02
2.5650E+00;2.3070E+02
2.5660E+00;2.3051E+02
2.5670E+00;2.3032E+02
2.5680E+00;2.3014E+02
2.5690E+00;2.2995E+02
2.5700E+00;2.2977E+02
2.5710E+00;2.2958E+02
2.5720E+00;2.2940E+02
2.5730E+00;2.2921E+02
2.5740E+00;2.2903E+02
2.5750E+00;2.2884E+02
2.5760E+00;2.2866E+02
2.5770E+00;2.2847E+02
2.5780E+00;2.2829E+02
2.5790E+00;2.2810E+02
2.5800E+00;2.2792E+02
2.5810E+00;2.2773E+02
2.5820E+00;2.2755E+02
2.5830E+00;2.2737E+02
2.5840E+00;2.2718E+02
2.5850E+00;2.2700E+02
2.5860E+00;2.2681E+02
2.5870E+00;2.2663E+02
2.5880E+00;2.2644E+02
2.5890E+00;2.2626E+02
2.5900E+00;2.2608E+02
2.5910E+00;2.2589E+02
2.5920E+00;2.2571E+02
2.5930E+00;2.2552E+02
2.5940E+00;2.2534E+02
2.5950E+00;2.2516E+02
2.5960E+00;2.2497E+02
2.5970E+00;2.2479E+02
2.5980E+00;2.2460E+02
2.5990E+00;2.2442E+02
2.6000E+00;2.2424E+02
2.6010E+00;2.2405E+02
2.6020E+00;2.2387E+02
2.6030E+00;2.2369E+02
2.6040E+00;2.2350E+02
2.6050E+00;2.2332E+02
2.6060E+00;2.2314E+02
2.6070E+00;2.2295E+02
2.6080E+00;2.2277E+02
2.6090E+00;2.2259E+02
2.6100E+00;2.2240E+02
2.6110E+00;2.2222E+02
2.6120E+00;2.2204E+02
2.6130E+00;2.2186E+02
2.6140E+00;2.2167E+02
2.6150E+00;2.2149E+02
2.6160E+00;2.2131E+02
2.6170E+00;2.2112E+02
2.6180E+00;2.2094E+02
2.6190E+00;2.2076E+02
2.6200E+00;2.2058E+02
2.6210E+00;2.2039E+02
2.6220E+00;2.2021E+02
2.6230E+00;2.2003E+02
2.6240E+00;2.1985E+02
2.6250E+00;2.1967E+02
2.6260E+00;2.1948E+02
2.6270E+00;2.1930E+02
2.6280E+00;2.1912E+02
2.6290E+00;2.1894E+02
2.6300E+00;2.1876E+02
2.6310E+00;2.1860E+02
2.6320E+00;2.1844E+02
2.6330E+00;2.1829E+02
2.6340E+00;2.1813E+02
2.6350E+00;2.1798E+02
2.6360E+00;2.1782E+02
2.6370E+00;2.1767E+02
2.6380E+00;2.1751E+02
2.6390E+00;2.1736E+02
2.6400E+00;2.1720E+02
2.6410E+00;2.1705E+02
2.6420E+00;2.1689E+02
2.6430E+00;2.1674E+02
2.6440E+00;2.1658E+02
2.6450E+00;2.1643E+02
2.6460E+00;2.1627E+02
2.6470E+00;2.1612E+02
2.6480E+00;2.1596E+02
2.6490E+00;2.1581E+02
2.6500E+00;2.1565E+02
2.6510E+00;2.1550E+02
2.6520E+00;2.1534E+02
2.6530E+00;2.1519E+02
2.6540E+00;2.1503E+02
2.6550E+00;2.1488E+02
2.6560E+00;2.1472E+02
2.6570E+00;2.1457E+02
2.6580E+00;2.1441E+02
2.6590E+00;2.1426E+02
2.6600E+00;2.1410E+02
2.6610E+00;2.1395E+02
2.6620E+00;2.1379E+02
2.6630E+00;2.1364E+02
2.6640E+00;2.1348E+02
2.6650E+00;2.1333E+02
2.6660E+00;2.1317E+02
2.6670E+00;2.1302E+02
2.6680E+00;2.1286E+02
2.6690E+00;2.1271E+02
2.6700E+00;2.1255E+02
2.6710E+00;2.1240E+02
2.6720E+00;2.1225E+02
2.6730E+00;2.1209E+02
2.6740E+00;2.1194E+02
2.6750E+00;2.1178E+02
2.6760E+00;2.1163E+02
2.6770E+00;2.1147E+02
2.6780E+00;2.1132E+02
2.6790E+00;2.1116E+02
2.6800E+00;2.1101E+02
2.6810E+00;2.1085E+02
2.6820E+00;2.1070E+02
2.6830E+00;2.1054E+02
2.6840E+00;2.1039E+02
2.6850E+00;2.1023E+02
2.6860E+00;2.1008E+02
2.6870E+00;2.0992E+02
2.6880E+00;2.0977E+02
2.6890E+00;2.0961E+02
2.6900E+00;2.0946E+02
2.6910E+00;2.0930E+02
2.6920E+00;2.0915E+02
2.6930E+00;2.0899E+02
2.6940E+00;2.0884E+02
2.6950E+00;2.0868E+02
2.6960E+00;2.0853E+02
2.6970E+00;2.0837E+02
2.6980E+00;2.0822E+02
2.6990E+00;2.0806E+02
2.7000E+00;2.0791E+02
2.7010E+00;2.0775E+02
2.7020E+00;2.0760E+02
2.7030E+00;2.0744E+02
2.7040E+00;2.0729E+02
2.7050E+00;2.0713E+02
2.7060E+00;2.0698E+02
2.7070E+00;2.0682E+02
2.7080E+00;2.0667E+02
2.7090E+00;2.0651E+02
2.7100E+00;2.0636E+02
2.7110E+00;2.0620E+02
2.7120E+00;2.0605E+02
2.7130E+00;2.0589E+02
2.7140E+00;2.0574E+02
2.7150E+00;2.0558E+02
2.7160E+00;2.0543E+02
2.7170E+00;2.0527E+02
2.7180E+00;2.0512E+02
2.7190E+00;2.0497E+02
2.7200E+00;2.0481E+02
2.7210E+00;2.0466E+02
2.7220E+00;2.0450E+02
2.7230E+00;2.0435E+02
2.7240E+00;2.0419E+02
2.7250E+00;2.0404E+02
2.7260E+00;2.0388E+02
2.7270E+00;2.0373E+02
2.7280E+00;2.0357E+02
2.7290E+00;2.0342E+02
2.7300E+00;2.0326E+02
2.7310E+00;2.0311E+02
2.7320E+00;2.0295E+02
2.7330E+00;2.0280E+02
2.7340E+00;2.0264E+02
2.7350E+00;2.0249E+02
2.7360E+00;2.0233E+02
2.7370E+00;2.0218E+02
2.7380E+00;2.0202E+02
2.7390E+00;2.0187E+02
2.7400E+00;2.0171E+02
2.7410E+00;2.0156E+02
2.7420E+00;2.0140E+02
2.7430E+00;2.0125E+02
2.7440E+00;2.0109E+02
2.7450E+00;2.0094E+02
2.7460E+00;2.0078E+02
2.7470E+00;2.0063E+02
2.7480E+00;2.0047E+02
2.7490E+00;2.0032E+02
2.7500E+00;2.0016E+02
2.7510E+00;2.0001E+02
2.7520E+00;1.9985E+02
2.7530E+00;1.9970E+02
2.7540E+00;1.9954E+02
2.7550E+00;1.9939E+02
2.7560E+00;1.9923E+02
2.7570E+00;1.9908E+02
2.7580E+00;1.9892E+02
2.7590E+00;1.9877E+02
2.7600E+00;1.9861E+02
2.7610E+00;1.9846E+02
2.7620E+00;1.9830E+02
2.7630E+00;1.9815E+02
2.7640E+00;1.9800E+02
2.7650E+00;1.9784E+02
2.7660E+00;1.9769E+02
2.7670E+00;1.9753E+02
2.7680E+00;1.9738E+02
2.7690E+00;1.9722E+02
2.7700E+00;1.9707E+02
2.7710E+00;1.9691E+02
2.7720E+00;1.9676E+02
2.7730E+00;1.9660E+02
2.7740E+00;1.9645E+02
2.7750E+00;1.9629E+02
2.7760E+00;1.9614E+02
2.7770E+00;1.9598E+02
2.7780E+00;1.9583E+02
2.7790E+00;1.9567E+02
2.7800E+00;1.9552E+02
2.7810E+00;1.9536E+02
2.7820E+00;1.9521E+02
2.7830E+00;1.9505E+02
2.7840E+00;1.9490E+02
2.7850E+00;1.9474E+02
2.7860E+00;1.9459E+02
2.7870E+00;1.9443E+02
2.7880E+00;1.9428E+02
2.7890E+00;1.9412E+02
2.7900E+00;1.9397E+02
2.7910E+00;1.9381E+02
2.7920E+00;1.9366E+02
2.7930E+00;1.9350E+02
2.7940E+00;1.9335E+02
2.7950E+00;1.9319E+02
2.7960E+00;1.9304E+02
2.7970E+00;1.9288E+02
2.7980E+00;1.9273E+02
2.7990E+00;1.9257E+02
2.8000E+00;1.9242E+02
2.8010E+00;1.9226E+02
2.8020E+00;1.9211E+02
2.8030E+00;1.9195E+02
2.8040E+00;1.9180E+02
2.8050E+00;1.9164E+02
2.8060E+00;1.9149E+02
2.8070E+00;1.9134E+02
2.8080E+00;1.9118E+02
2.8090E+00;1.9103E+02
2.8100E+00;1.9087E+02
2.8110E+00;1.9072E+02
2.8120E+00;1.9056E+02
2.8130E+00;1.9041E+02
2.8140E+00;1.9025E+02
2.8150E+00;1.9010E+02
2.8160E+00;1.8994E+02
2.8170E+00;1.8979E+02
2.8180E+00;1.8963E+02
2.8190E+00;1.8948E+02
2.8200E+00;1.8932E+02
2.8210E+00;1.8917E+02
2.8220E+00;1.8901E+02
2.8230E+00;1.8886E+02
2.8240E+00;1.8870E+02
2.8250E+00;1.8855E+02
2.8260E+00;1.8839E+02
2.8270E+00;1.8824E+02
2.8280E+00;1.8808E+02
2.8290E+00;1.8793E+02
2.8300E+00;1.8777E+02
2.8310E+00;1.8762E+02
2.8320E+00;1.8746E+02
2.8330E+00;1.8731E+02
2.8340E+00;1.8715E+02
2.8350E+00;1.8700E+02
2.8360E+00;1.8684E+02
2.8370E+00;1.8669E+02
2.8380E+00;1.8653E+02
2.8390E+00;1.8638E+02
2.8400E+00;1.8622E+02
2.8410E+00;1.8607E+02
2.8420E+00;1.8591E+02
2.8430E+00;1.8576E+02
2.8440E+00;1.8560E+02
2.8450E+00;1.8545E+02
2.8460E+00;1.8530E+02
2.8470E+00;1.8514E+02
2.8480E+00;1.8499E+02
2.8490E+00;1.8483E+02
2.8500E+00;1.8468E+02
2.8510E+00;1.8452E+02
2.8520E+00;1.8437E+02
2.8530E+00;1.8421E+02
2.8540E+00;1.8406E+02
2.8550E+00;1.8390E+02
2.8560E+00;1.8375E+02
2.8570E+00;1.8359E+02
2.8580E+00;1.8344E+02
2.8590E+00;1.8328E+02
2.8600E+00;1.8313E+02
2.8610E+00;1.8297E+02
2.8620E+00;1.8282E+02
2.8630E+00;1.8266E+02
2.8640E+00;1.8251E+02
2.8650E+00;1.8235E+02
2.8660E+00;1.8220E+02
2.8670E+00;1.8204E+02
2.8680E+00;1.8189E+02
2.8690E+00;1.8173E+02
2.8700E+00;1.8158E+02
2.8710E+00;1.8142E+02
2.8720E+00;1.8127E+02
2.8730E+00;1.8111E+02
2.8740E+00;1.8096E+02
2.8750E+00;1.8080E+02
2.8760E+00;1.8065E+02
2.8770E+00;1.8049E+02
2.8780E+00;1.8034E+02
2.8790E+00;1.8018E+02
2.8800E+00;1.8003E+02
2.8810E+00;1.7987E+02
2.8820E+00;1.7972E+02
2.8830E+00;1.7956E+02
2.8840E+00;1.7941E+02
2.8850E+00;1.7925E+02
2.8860E+00;1.7910E+02
2.8870E+00;1.7895E+02
2.8880E+00;1.7879E+02
2.8890E+00;1.7864E+02
2.8900E+00;1.7848E+02
2.8910E+00;1.7833E+02
2.8920E+00;1.7817E+02
2.8930E+00;1.7802E+02
2.8940E+00;1.7786E+02
2.8950E+00;1.7771E+02
2.8960E+00;1.7755E+02
2.8970E+00;1.7740E+02
2.8980E+00;1.7724E+02
2.8990E+00;1.7709E+02
2.9000E+00;1.7693E+02
2.9010E+00;1.7678E+02
2.9020E+00;1.7662E+02
2.9030E+00;1.7647E+02
2.9040E+00;1.7631E+02
2.9050E+00;1.7616E+02
2.9060E+00;1.7600E+02
2.9070E+00;1.7585E+02
2.9080E+00;1.7569E+02
2.9090E+00;1.7554E+02
2.9100E+00;1.7538E+02
2.9110E+00;1.7523E+02
2.9120E+00;1.7507E+02
2.9130E+00;1.7492E+02
2.9140E+00;1.7476E+02
2.9150E+00;1.7461E+02
2.9160E+00;1.7445E+02
2.9170E+00;1.7430E+02
2.9180E+00;1.7414E+02
2.9190E+00;1.7399E+02
2.9200E+00;1.7383E+02
2.9210E+00;1.7368E+02
2.9220E+00;1.7352E+02
2.9230E+00;1.7337E+02
2.9240E+00;1.7322E+02
2.9250E+00;1.7306E+02
2.9260E+00;1.7291E+02
2.9270E+00;1.7275E+02
2.9280E+00;1.7260E+02
2.9290E+00;1.7244E+02
2.9300E+00;1.7229E+02
2.9310E+00;1.7213E+02
2.9320E+00;1.7198E+02
2.9330E+00;1.7182E+02
2.9340E+00;1.7167E+02
2.9350E+00;1.7151E+02
2.9360E+00;1.7136E+02
2.9370E+00;1.7120E+02
2.9380E+00;1.7105E+02
2.9390E+00;1.7089E+02
2.9400E+00;1.7074E+02
2.9410E+00;1.7058E+02
2.9420E+00;1.7043E+02
2.9430E+00;1.7027E+02
2.9440E+00;1.7012E+02
2.9450E+00;1.6996E+02
2.9460E+00;1.6981E+02
2.9470E+00;1.6965E+02
2.9480E+00;1.6950E+02
2.9490E+00;1.6934E+02
2.9500E+00;1.6919E+02
2.9510E+00;1.6903E+02
2.9520E+00;1.6888E+02
2.9530E+00;1.6872E+02
2.9540E+00;1.6857E+02
2.9550E+00;1.6841E+02
2.9560E+00;1.6826E+02
2.9570E+00;1.6810E+02
2.9580E+00;1.6795E+02
2.9590E+00;1.6780E+02
2.9600E+00;1.6764E+02
2.9610E+00;1.6749E+02
2.9620E+00;1.6733E+02
2.9630E+00;1.6718E+02
2.9640E+00;1.6702E+02
2.9650E+00;1.6687E+02
2.9660E+00;1.6671E+02
2.9670E+00;1.6656E+02
2.9680E+00;1.6640E+02
2.9690E+00;1.6625E+02
2.9700E+00;1.6609E+02
2.9710E+00;1.6594E+02
2.9720E+00;1.6578E+02
2.9730E+00;1.6563E+02
2.9740E+00;1.6547E+02
2.9750E+00;1.6532E+02
2.9760E+00;1.6516E+02
2.9770E+00;1.6501E+02
2.9780E+00;1.6485E+02
2.9790E+00;1.6470E+02
2.9800E+00;1.6454E+02
2.9810E+00;1.6439E+02
2.9820E+00;1.6423E+02
2.9830E+00;1.6408E+02
2.9840E+00;1.6392E+02
2.9850E+00;1.6377E+02
2.9860E+00;1.6361E+02
2.9870E+00;1.6346E+02
2.9880E+00;1.6330E+02
2.9890E+00;1.6315E+02
2.9900E+00;1.6299E+02
2.9910E+00;1.6284E+02
2.9920E+00;1.6268E+02
2.9930E+00;1.6253E+02
2.9940E+00;1.6238E+02
2.9950E+00;1.6222E+02
2.9960E+00;1.6207E+02
2.9970E+00;1.6191E+02
2.9980E+00;1.6176E+02
2.9990E+00;1.6160E+02
3.0000E+00;1.6145E+02
3.0010E+00;1.6129E+02
3.0020E+00;1.6114E+02
3.0030E+00;1.6098E+02
3.0040E+00;1.6083E+02
3.0050E+00;1.6067E+02
3.0060E+00;1.6052E+02
3.0070E+00;1.6036E+02
3.0080E+00;1.6021E+02
3.0090E+00;1.6005E+02
3.0100E+00;1.5990E+02
3.0110E+00;1.5974E+02
3.0120E+00;1.5959E+02
3.0130E+00;1.5943E+02
3.0140E+00;1.5928E+02
3.0150E+00;1.5912E+02
3.0160E+00;1.5897E+02
3.0170E+00;1.5881E+02
3.0180E+00;1.5866E+02
3.0190E+00;1.5850E+02
3.0200E+00;1.5835E+02
3.0210E+00;1.5819E+02
3.0220E+00;1.5804E+02
3.0230E+00;1.5788E+02
3.0240E+00;1.5773E+02
3.0250E+00;1.5757E+02
3.0260E+00;1.5742E+02
3.0270E+00;1.5727E+02
3.0280E+00;1.5711E+02
3.0290E+00;1.5696E+02
3.0300E+00;1.5680E+02
3.0310E+00;1.5665E+02
3.0320E+00;1.5649E+02
3.0330E+00;1.5634E+02
3.0340E+00;1.5618E+02
3.0350E+00;1.5603E+02
3.0360E+00;1.5587E+02
3.0370E+00;1.5572E+02
3.0380E+00;1.5556E+02
3.0390E+00;1.5541E+02
3.0400E+00;1.5525E+02
3.0410E+00;1.5510E+02
3.0420E+00;1.5494E+02
3.0430E+00;1.5479E+02
3.0440E+00;1.5463E+02
3.0450E+00;1.5448E+02
3.0460E+00;1.5432E+02
3.0470E+00;1.5417E+02
3.0480E+00;1.5401E+02
3.0490E+00;1.5386E+02
3.0500E+00;1.5370E+02
3.0510E+00;1.5355E+02
3.0520E+00;1.5339E+02
3.0530E+00;1.5324E+02
3.0540E+00;1.5308E+02
3.0550E+00;1.5293E+02
3.0560E+00;1.5277E+02
3.0570E+00;1.5262E+02
3.0580E+00;1.5247E+02
3.0590E+00;1.5231E+02
3.0600E+00;1.5216E+02
3.0610E+00;1.5200E+02
3.0620E+00;1.5185E+02
3.0630E+00;1.5169E+02
3.0640E+00;1.5154E+02
3.0650E+00;1.5138E+02
3.0660E+00;1.5123E+02
3.0670E+00;1.5107E+02
3.0680E+00;1.5092E+02
3.0690E+00;1.5076E+02
3.0700E+00;1.5061E+02
3.0710E+00;1.5045E+02
3.0720E+00;1.5030E+02
3.0730E+00;1.5014E+02
3.0740E+00;1.4999E+02
3.0750E+00;1.4983E+02
3.0760E+00;1.4968E+02
3.0770E+00;1.4952E+02
3.0780E+00;1.4937E+02
3.0790E+00;1.4921E+02
3.0800E+00;1.4906E+02
3.0810E+00;1.4890E+02
3.0820E+00;1.4875E+02
3.0830E+00;1.4859E+02
3.0840E+00;1.4844E+02
3.0850E+00;1.4828E+02
3.0860E+00;1.4813E+02
3.0870E+00;1.4797E+02
3.0880E+00;1.4782E+02
3.0890E+00;1.4767E+02
3.0900E+00;1.4751E+02
3.0910E+00;1.4736E+02
3.0920E+00;1.4720E+02
3.0930E+00;1.4705E+02
3.0940E+00;1.4689E+02
3.0950E+00;1.4674E+02
3.0960E+00;1.4658E+02
3.0970E+00;1.4643E+02
3.0980E+00;1.4627E+02
3.0990E+00;1.4612E+02
3.1000E+00;1.4596E+02
3.1010E+00;1.4581E+02
3.1020E+00;1.4565E+02
3.1030E+00;1.4550E+02
3.1040E+00;1.4534E+02
3.1050E+00;1.4519E+02
3.1060E+00;1.4503E+02
3.1070E+00;1.4488E+02
3.1080E+00;1.4472E+02
3.1090E+00;1.4457E+02
3.1100E+00;1.4441E+02
3.1110E+00;1.4426E+02
3.1120E+00;1.4410E+02
3.1130E+00;1.4395E+02
3.1140E+00;1.4379E+02
3.1150E+00;1.4364E+02
3.1160E+00;1.4348E+02
3.1170E+00;1.4333E+02
3.1180E+00;1.4318E+02
3.1190E+00;1.4302E+02
3.1200E+00;1.4287E+02
3.1210E+00;1.4271E+02
3.1220E+00;1.4256E+02
3.1230E+00;1.4240E+02
3.1240E+00;1.4225E+02
3.1250E+00;1.4209E+02
3.1260E+00;1.4194E+02
3.1270E+00;1.4178E+02
3.1280E+00;1.4163E+02
3.1290E+00;1.4147E+02
3.1300E+00;1.4132E+02
3.1310E+00;1.4116E+02
3.1320E+00;1.4101E+02
3.1330E+00;1.4085E+02
3.1340E+00;1.4070E+02
3.1350E+00;1.4054E+02
3.1360E+00;1.4042E+02
3.1370E+00;1.4036E+02
3.1380E+00;1.4029E+02
3.1390E+00;1.4023E+02
3.1400E+00;1.4017E+02
3.1410E+00;1.4011E+02
3.1420E+00;1.4005E+02
3.1430E+00;1.3998E+02
3.1440E+00;1.3992E+02
3.1450E+00;1.3986E+02
3.1460E+00;1.3980E+02
3.1470E+00;1.3973E+02
3.1480E+00;1.3967E+02
3.1490E+00;1.3961E+02
3.1500E+00;1.3955E+02
3.1510E+00;1.3948E+02
3.1520E+00;1.3942E+02
3.1530E+00;1.3936E+02
3.1540E+00;1.3930E+02
3.1550E+00;1.3923E+02
3.1560E+00;1.3917E+02
3.1570E+00;1.3911E+02
3.1580E+00;1.3905E+02
3.1590E+00;1.3898E+02
3.1600E+00;1.3892E+02
3.1610E+00;1.3886E+02
3.1620E+00;1.3880E+02
3.1630E+00;1.3873E+02
3.1640E+00;1.3867E+02
3.1650E+00;1.3861E+02
3.1660E+00;1.3855E+02
3.1670E+00;1.3848E+02
3.1680E+00;1.3842E+02
3.1690E+00;1.3836E+02
3.1700E+00;1.3830E+02
3.1710E+00;1.3824E+02
3.1720E+00;1.3817E+02
3.1730E+00;1.3811E+02
3.1740E+00;1.3805E+02
3.1750E+00;1.3799E+02
3.1760E+00;1.3792E+02
3.1770E+00;1.3786E+02
3.1780E+00;1.3780E+02
3.1790E+00;1.3774E+02
3.1800E+00;1.3767E+02
3.1810E+00;1.3761E+02
3.1820E+00;1.3755E+02
3.1830E+00;1.3749E+02
3.1840E+00;1.3742E+02
3.1850E+00;1.3736E+02
3.1860E+00;1.3730E+02
3.1870E+00;1.3724E+02
3.1880E+00;1.3718E+02
3.1890E+00;1.3711E+02
3.1900E+00;1.3705E+02
3.1910E+00;1.3699E+02
3.1920E+00;1.3693E+02
3.1930E+00;1.3686E+02
3.1940E+00;1.3680E+02
3.1950E+00;1.3674E+02
3.1960E+00;1.3668E+02
3.1970E+00;1.3661E+02
3.1980E+00;1.3655E+02
3.1990E+00;1.3649E+02
3.2000E+00;1.3643E+02
3.2010E+00;1.3637E+02
3.2020E+00;1.3630E+02
3.2030E+00;1.3624E+02
3.2040E+00;1.3618E+02
3.2050E+00;1.3612E+02
3.2060E+00;1.3605E+02
3.2070E+00;1.3599E+02
3.2080E+00;1.3593E+02
3.2090E+00;1.3587E+02
3.2100E+00;1.3581E+02
3.2110E+00;1.3574E+02
3.2120E+00;1.3568E+02
3.2130E+00;1.3562E+02
3.2140E+00;1.3556E+02
3.2150E+00;1.3549E+02
3.2160E+00;1.3543E+02
3.2170E+00;1.3537E+02
3.2180E+00;1.3531E+02
3.2190E+00;1.3525E+02
3.2200E+00;1.3518E+02
3.2210E+00;1.3512E+02
3.2220E+00;1.3506E+02
3.2230E+00;1.3500E+02
3.2240E+00;1.3493E+02
3.2250E+00;1.3487E+02
3.2260E+00;1.3481E+02
3.2270E+00;1.3475E+02
3.2280E+00;1.3469E+02
3.2290E+00;1.3462E+02
3.2300E+00;1.3456E+02
3.2310E+00;1.3450E+02
3.2320E+00;1.3444E+02
3.2330E+00;1.3437E+02
3.2340E+00;1.3431E+02
3.2350E+00;1.3425E+02
3.2360E+00;1.3419E+02
3.2370E+00;1.3413E+02
3.2380E+00;1.3406E+02
3.2390E+00;1.3400E+02
3.2400E+00;1.3394E+02
3.2410E+00;1.3388E+02
3.2420E+00;1.3382E+02
3.2430E+00;1.3375E+02
3.2440E+00;1.3369E+02
3.2450E+00;1.3363E+02
3.2460E+00;1.3357E+02
3.2470E+00;1.3350E+02
3.2480E+00;1.3344E+02
3.2490E+00;1.3338E+02
3.2500E+00;1.3332E+02
3.2510E+00;1.3326E+02
3.2520E+00;1.3319E+02
3.2530E+00;1.3313E+02
3.2540E+00;1.3307E+02
3.2550E+00;1.3301E+02
3.2560E+00;1.3295E+02
3.2570E+00;1.3288E+02
3.2580E+00;1.3282E+02
3.2590E+00;1.3276E+02
3.2600E+00;1.3270E+02
3.2610E+00;1.3264E+02
3.2620E+00;1.3257E+02
3.2630E+00;1.3251E+02
3.2640E+00;1.3245E+02
3.2650E+00;1.3239E+02
3.2660E+00;1.3232E+02
3.2670E+00;1.3226E+02
3.2680E+00;1.3220E+02
3.2690E+00;1.3214E+02
3.2700E+00;1.3208E+02
3.2710E+00;1.3201E+02
3.2720E+00;1.3195E+02
3.2730E+00;1.3189E+02
3.2740E+00;1.3183E+02
3.2750E+00;1.3177E+02
3.2760E+00;1.3170E+02
3.2770E+00;1.3164E+02
3.2780E+00;1.3158E+02
3.2790E+00;1.3152E+02
3.2800E+00;1.3146E+02
3.2810E+00;1.3139E+02
3.2820E+00;1.3133E+02
3.2830E+00;1.3127E+02
3.2840E+00;1.3121E+02
3.2850E+00;1.3115E+02
3.2860E+00;1.3108E+02
3.2870E+00;1.3102E+02
3.2880E+00;1.3096E+02
3.2890E+00;1.3090E+02
3.2900E+00;1.3084E+02
3.2910E+00;1.3077E+02
3.2920E+00;1.3071E+02
3.2930E+00;1.3065E+02
3.2940E+00;1.3059E+02
3.2950E+00;1.3053E+02
3.2960E+00;1.3046E+02
3.2970E+00;1.3040E+02
3.2980E+00;1.3034E+02
3.2990E+00;1.3028E+02
3.3000E+00;1.3022E+02
3.3010E+00;1.3015E+02
3.3020E+00;1.3009E+02
3.3030E+00;1.3003E+02
3.3040E+00;1.2997E+02
3.3050E+00;1.2991E+02
3.3060E+00;1.2985E+02
3.3070E+00;1.2978E+02
3.3080E+00;1.2972E+02
3.3090E+00;1.2966E+02
3.3100E+00;1.2960E+02
3.3110E+00;1.2954E+02
3.3120E+00;1.2947E+02
3.3130E+00;1.2941E+02
3.3140E+00;1.2935E+02
3.3150E+00;1.2929E+02
3.3160E+00;1.2923E+02
3.3170E+00;1.2916E+02
3.3180E+00;1.2910E+02
3.3190E+00;1.2904E+02
3.3200E+00;1.2898E+02
3.3210E+00;1.2892E+02
3.3220E+00;1.2885E+02
3.3230E+00;1.2879E+02
3.3240E+00;1.2873E+02
3.3250E+00;1.2867E+02
3.3260E+00;1.2861E+02
3.3270E+00;1.2855E+02
3.3280E+00;1.2848E+02
3.3290E+00;1.2842E+02
3.3300E+00;1.2836E+02
3.3310E+00;1.2830E+02
3.3320E+00;1.2824E+02
3.3330E+00;1.2817E+02
3.3340E+00;1.2811E+02
3.3350E+00;1.2805E+02
3.3360E+00;1.2799E+02
3.3370E+00;1.2793E+02
3.3380E+00;1.2787E+02
3.3390E+00;1.2780E+02
3.3400E+00;1.2774E+02
3.3410E+00;1.2768E+02
3.3420E+00;1.2762E+02
3.3430E+00;1.2756E+02
3.3440E+00;1.2749E+02
3.3450E+00;1.2743E+02
3.3460E+00;1.2737E+02
3.3470E+00;1.2731E+02
3.3480E+00;1.2725E+02
3.3490E+00;1.2719E+02
3.3500E+00;1.2712E+02
3.3510E+00;1.2706E+02
3.3520E+00;1.2700E+02
3.3530E+00;1.2694E+02
3.3540E+00;1.2688E+02
3.3550E+00;1.2682E+02
3.3560E+00;1.2675E+02
3.3570E+00;1.2669E+02
3.3580E+00;1.2663E+02
3.3590E+00;1.2657E+02
3.3600E+00;1.2651E+02
3.3610E+00;1.2644E+02
3.3620E+00;1.2638E+02
3.3630E+00;1.2632E+02
3.3640E+00;1.2626E+02
3.3650E+00;1.2620E+02
3.3660E+00;1.2614E+02
3.3670E+00;1.2607E+02
3.3680E+00;1.2601E+02
3.3690E+00;1.2595E+02
3.3700E+00;1.2589E+02
3.3710E+00;1.2583E+02
3.3720E+00;1.2577E+02
3.3730E+00;1.2570E+02
3.3740E+00;1.2564E+02
3.3750E+00;1.2558E+02
3.3760E+00;1.2552E+02
3.3770E+00;1.2546E+02
3.3780E+00;1.2540E+02
3.3790E+00;1.2533E+02
3.3800E+00;1.2527E+02
3.3810E+00;1.2521E+02
3.3820E+00;1.2515E+02
3.3830E+00;1.2509E+02
3.3840E+00;1.2503E+02
3.3850E+00;1.2496E+02
3.3860E+00;1.2490E+02
3.3870E+00;1.2484E+02
3.3880E+00;1.2478E+02
3.3890E+00;1.2472E+02
3.3900E+00;1.2466E+02
3.3910E+00;1.2459E+02
3.3920E+00;1.2453E+02
3.3930E+00;1.2447E+02
3.3940E+00;1.2441E+02
3.3950E+00;1.2435E+02
3.3960E+00;1.2429E+02
3.3970E+00;1.2423E+02
3.3980E+00;1.2416E+02
3.3990E+00;1.2410E+02
3.4000E+00;1.2404E+02
3.4010E+00;1.2398E+02
3.4020E+00;1.2392E+02
3.4030E+00;1.2386E+02
3.4040E+00;1.2379E+02
3.4050E+00;1.2373E+02
3.4060E+00;1.2367E+02
3.4070E+00;1.2361E+02
3.4080E+00;1.2355E+02
3.4090E+00;1.2349E+02
3.4100E+00;1.2343E+02
3.4110E+00;1.2336E+02
3.4120E+00;1.2330E+02
3.4130E+00;1.2324E+02
3.4140E+00;1.2318E+02
3.4150E+00;1.2312E+02
3.4160E+00;1.2306E+02
3.4170E+00;1.2299E+02
3.4180E+00;1.2293E+02
3.4190E+00;1.2287E+02
3.4200E+00;1.2281E+02
3.4210E+00;1.2275E+02
3.4220E+00;1.2269E+02
3.4230E+00;1.2263E+02
3.4240E+00;1.2256E+02
3.4250E+00;1.2250E+02
3.4260E+00;1.2244E+02
3.4270E+00;1.2238E+02
3.4280E+00;1.2232E+02
3.4290E+00;1.2226E+02
3.4300E+00;1.2220E+02
3.4310E+00;1.2213E+02
3.4320E+00;1.2207E+02
3.4330E+00;1.2201E+02
3.4340E+00;1.2195E+02
3.4350E+00;1.2189E+02
3.4360E+00;1.2183E+02
3.4370E+00;1.2177E+02
3.4380E+00;1.2170E+02
3.4390E+00;1.2164E+02
3.4400E+00;1.2158E+02
3.4410E+00;1.2152E+02
3.4420E+00;1.2146E+02
3.4430E+00;1.2140E+02
3.4440E+00;1.2134E+02
3.4450E+00;1.2127E+02
3.4460E+00;1.2121E+02
3.4470E+00;1.2115E+02
3.4480E+00;1.2109E+02
3.4490E+00;1.2103E+02
3.4500E+00;1.2097E+02
3.4510E+00;1.2091E+02
3.4520E+00;1.2084E+02
3.4530E+00;1.2078E+02
3.4540E+00;1.2072E+02
3.4550E+00;1.2066E+02
3.4560E+00;1.2060E+02
3.4570E+00;1.2054E+02
3.4580E+00;1.2048E+02
3.4590E+00;1.2042E+02
3.4600E+00;1.2035E+02
3.4610E+00;1.2029E+02
3.4620E+00;1.2023E+02
3.4630E+00;1.2017E+02
3.4640E+00;1.2011E+02
3.4650E+00;1.2005E+02
3.4660E+00;1.1999E+02
3.4670E+00;1.1992E+02
3.4680E+00;1.1986E+02
3.4690E+00;1.1980E+02
3.4700E+00;1.1974E+02
3.4710E+00;1.1968E+02
3.4720E+00;1.1962E+02
3.4730E+00;1.1956E+02
3.4740E+00;1.1950E+02
3.4750E+00;1.1943E+02
3.4760E+00;1.1937E+02
3.4770E+00;1.1931E+02
3.4780E+00;1.1925E+02
3.4790E+00;1.1919E+02
3.4800E+00;1.1913E+02
3.4810E+00;1.1907E+02
3.4820E+00;1.1901E+02
3.4830E+00;1.1894E+02
3.4840E+00;1.1888E+02
3.4850E+00;1.1882E+02
3.4860E+00;1.1876E+02
3.4870E+00;1.1870E+02
3.4880E+00;1.1864E+02
3.4890E+00;1.1858E+02
3.4900E+00;1.1852E+02
3.4910E+00;1.1846E+02
3.4920E+00;1.1839E+02
3.4930E+00;1.1833E+02
3.4940E+00;1.1827E+02
3.4950E+00;1.1821E+02
3.4960E+00;1.1815E+02
3.4970E+00;1.1809E+02
3.4980E+00;1.1803E+02
3.4990E+00;1.1797E+02
3.5000E+00;1.1791E+02
3.5010E+00;1.1784E+02
3.5020E+00;1.1778E+02
3.5030E+00;1.1772E+02
3.5040E+00;1.1766E+02
3.5050E+00;1.1760E+02
3.5060E+00;1.1754E+02
3.5070E+00;1.1748E+02
3.5080E+00;1.1742E+02
3.5090E+00;1.1736E+02
3.5100E+00;1.1729E+02
3.5110E+00;1.1723E+02
3.5120E+00;1.1717E+02
3.5130E+00;1.1711E+02
3.5140E+00;1.1705E+02
3.5150E+00;1.1699E+02
3.5160E+00;1.1693E+02
3.5170E+00;1.1687E+02
3.5180E+00;1.1681E+02
3.5190E+00;1.1674E+02
3.5200E+00;1.1668E+02
3.5210E+00;1.1662E+02
3.5220E+00;1.1656E+02
3.5230E+00;1.1650E+02
3.5240E+00;1.1644E+02
3.5250E+00;1.1638E+02
3.5260E+00;1.1632E+02
3.5270E+00;1.1626E+02
3.5280E+00;1.1620E+02
3.5290E+00;1.1613E+02
3.5300E+00;1.1607E+02
3.5310E+00;1.1601E+02
3.5320E+00;1.1595E+02
3.5330E+00;1.1589E+02
3.5340E+00;1.1583E+02
3.5350E+00;1.1577E+02
3.5360E+00;1.1571E+02
3.5370E+00;1.1565E+02
3.5380E+00;1.1559E+02
3.5390E+00;1.1552E+02
3.5400E+00;1.1546E+02
3.5410E+00;1.1540E+02
3.5420E+00;1.1534E+02
3.5430E+00;1.1528E+02
3.5440E+00;1.1522E+02
3.5450E+00;1.1516E+02
3.5460E+00;1.1510E+02
3.5470E+00;1.1504E+02
3.5480E+00;1.1498E+02
3.5490E+00;1.1492E+02
3.5500E+00;1.1485E+02
3.5510E+00;1.1479E+02
3.5520E+00;1.1473E+02
3.5530E+00;1.1467E+02
3.5540E+00;1.1461E+02
3.5550E+00;1.1455E+02
3.5560E+00;1.1449E+02
3.5570E+00;1.1443E+02
3.5580E+00;1.1437E+02
3.5590E+00;1.1431E+02
3.5600E+00;1.1425E+02
3.5610E+00;1.1419E+02
3.5620E+00;1.1412E+02
3.5630E+00;1.1406E+02
3.5640E+00;1.1400E+02
3.5650E+00;1.1394E+02
3.5660E+00;1.1388E+02
3.5670E+00;1.1382E+02
3.5680E+00;1.1376E+02
3.5690E+00;1.1370E+02
3.5700E+00;1.1364E+02
3.5710E+00;1.1358E+02
3.5720E+00;1.1352E+02
3.5730E+00;1.1346E+02
3.5740E+00;1.1340E+02
3.5750E+00;1.1333E+02
3.5760E+00;1.1327E+02
3.5770E+00;1.1321E+02
3.5780E+00;1.1315E+02
3.5790E+00;1.1309E+02
3.5800E+00;1.1303E+02
3.5810E+00;1.1297E+02
3.5820E+00;1.1291E+02
3.5830E+00;1.1285E+02
3.5840E+00;1.1279E+02
3.5850E+00;1.1273E+02
3.5860E+00;1.1267E+02
3.5870E+00;1.1261E+02
3.5880E+00;1.1255E+02
3.5890E+00;1.1248E+02
3.5900E+00;1.1242E+02
3.5910E+00;1.1236E+02
3.5920E+00;1.1230E+02
3.5930E+00;1.1224E+02
3.5940E+00;1.1218E+02
3.5950E+00;1.1212E+02
3.5960E+00;1.1206E+02
3.5970E+00;1.1200E+02
3.5980E+00;1.1194E+02
3.5990E+00;1.1188E+02
3.6000E+00;1.1182E+02
3.6010E+00;1.1176E+02
3.6020E+00;1.1170E+02
3.6030E+00;1.1164E+02
3.6040E+00;1.1157E+02
3.6050E+00;1.1151E+02
3.6060E+00;1.1145E+02
3.6070E+00;1.1139E+02
3.6080E+00;1.1133E+02
3.6090E+00;1.1127E+02
3.6100E+00;1.1121E+02
3.6110E+00;1.1115E+02
3.6120E+00;1.1109E+02
3.6130E+00;1.1103E+02
3.6140E+00;1.1097E+02
3.6150E+00;1.1091E+02
3.6160E+00;1.1085E+02
3.6170E+00;1.1079E+02
3.6180E+00;1.1073E+02
3.6190E+00;1.1067E+02
3.6200E+00;1.1061E+02
3.6210E+00;1.1055E+02
3.6220E+00;1.1049E+02
3.6230E+00;1.1042E+02
3.6240E+00;1.1036E+02
3.6250E+00;1.1030E+02
3.6260E+00;1.1024E+02
3.6270E+00;1.1018E+02
3.6280E+00;1.1012E+02
3.6290E+00;1.1006E+02
3.6300E+00;1.1000E+02
3.6310E+00;1.0994E+02
3.6320E+00;1.0988E+02
3.6330E+00;1.0982E+02
3.6340E+00;1.0976E+02
3.6350E+00;1.0970E+02
3.6360E+00;1.0964E+02
3.6370E+00;1.0958E+02
3.6380E+00;1.0952E+02
3.6390E+00;1.0946E+02
3.6400E+00;1.0940E+02
3.6410E+00;1.0934E+02
3.6420E+00;1.0928E+02
3.6430E+00;1.0922E+02
3.6440E+00;1.0916E+02
3.6450E+00;1.0910E+02
3.6460E+00;1.0904E+02
3.6470E+00;1.0897E+02
3.6480E+00;1.0891E+02
3.6490E+00;1.0885E+02
3.6500E+00;1.0879E+02
3.6510E+00;1.0873E+02
3.6520E+00;1.0867E+02
3.6530E+00;1.0861E+02
3.6540E+00;1.0855E+02
3.6550E+00;1.0849E+02
3.6560E+00;1.0843E+02
3.6570E+00;1.0837E+02
3.6580E+00;1.0831E+02
3.6590E+00;1.0825E+02
3.6600E+00;1.0819E+02
3.6610E+00;1.0813E+02
3.6620E+00;1.0807E+02
3.6630E+00;1.0801E+02
3.6640E+00;1.0795E+02
3.6650E+00;1.0789E+02
3.6660E+00;1.0783E+02
3.6670E+00;1.0777E+02
3.6680E+00;1.0771E+02
3.6690E+00;1.0765E+02
3.6700E+00;1.0759E+02
3.6710E+00;1.0753E+02
3.6720E+00;1.0747E+02
3.6730E+00;1.0741E+02
3.6740E+00;1.0735E+02
3.6750E+00;1.0729E+02
3.6760E+00;1.0723E+02
3.6770E+00;1.0717E+02
3.6780E+00;1.0711E+02
3.6790E+00;1.0705E+02
3.6800E+00;1.0699E+02
3.6810E+00;1.0693E+02
3.6820E+00;1.0687E+02
3.6830E+00;1.0681E+02
3.6840E+00;1.0675E+02
3.6850E+00;1.0669E+02
3.6860E+00;1.0663E+02
3.6870E+00;1.0657E+02
3.6880E+00;1.0651E+02
3.6890E+00;1.0645E+02
3.6900E+00;1.0639E+02
3.6910E+00;1.0633E+02
3.6920E+00;1.0627E+02
3.6930E+00;1.0621E+02
3.6940E+00;1.0615E+02
3.6950E+00;1.0609E+02
3.6960E+00;1.0603E+02
3.6970E+00;1.0597E+02
3.6980E+00;1.0591E+02
3.6990E+00;1.0585E+02
3.7000E+00;1.0579E+02
3.7010E+00;1.0573E+02
3.7020E+00;1.0567E+02
3.7030E+00;1.0561E+02
3.7040E+00;1.0555E+02
3.7050E+00;1.0549E+02
3.7060E+00;1.0543E+02
3.7070E+00;1.0537E+02
3.7080E+00;1.0531E+02
3.7090E+00;1.0525E+02
3.7100E+00;1.0519E+02
3.7110E+00;1.0513E+02
3.7120E+00;1.0507E+02
3.7130E+00;1.0501E+02
3.7140E+00;1.0495E+02
3.7150E+00;1.0490E+02
3.7160E+00;1.0485E+02
3.7170E+00;1.0479E+02
3.7180E+00;1.0474E+02
3.7190E+00;1.0469E+02
3.7200E+00;1.0463E+02
3.7210E+00;1.0458E+02
3.7220E+00;1.0453E+02
3.7230E+00;1.0447E+02
3.7240E+00;1.0442E+02
3.7250E+00;1.0437E+02
3.7260E+00;1.0431E+02
3.7270E+00;1.0426E+02
3.7280E+00;1.0421E+02
3.7290E+00;1.0415E+02
3.7300E+00;1.0410E+02
3.7310E+00;1.0405E+02
3.7320E+00;1.0399E+02
3.7330E+00;1.0394E+02
3.7340E+00;1.0389E+02
3.7350E+00;1.0383E+02
3.7360E+00;1.0378E+02
3.7370E+00;1.0373E+02
3.7380E+00;1.0368E+02
3.7390E+00;1.0362E+02
3.7400E+00;1.0357E+02
3.7410E+00;1.0352E+02
3.7420E+00;1.0346E+02
3.7430E+00;1.0341E+02
3.7440E+00;1.0336E+02
3.7450E+00;1.0330E+02
3.7460E+00;1.0325E+02
3.7470E+00;1.0320E+02
3.7480E+00;1.0314E+02
3.7490E+00;1.0309E+02
3.7500E+00;1.0304E+02
3.7510E+00;1.0298E+02
3.7520E+00;1.0293E+02
3.7530E+00;1.0288E+02
3.7540E+00;1.0282E+02
3.7550E+00;1.0277E+02
3.7560E+00;1.0272E+02
3.7570E+00;1.0267E+02
3.7580E+00;1.0261E+02
3.7590E+00;1.0256E+02
3.7600E+00;1.0251E+02
3.7610E+00;1.0245E+02
3.7620E+00;1.0240E+02
3.7630E+00;1.0235E+02
3.7640E+00;1.0229E+02
3.7650E+00;1.0224E+02
3.7660E+00;1.0219E+02
3.7670E+00;1.0213E+02
3.7680E+00;1.0208E+02
3.7690E+00;1.0203E+02
3.7700E+00;1.0197E+02
3.7710E+00;1.0192E+02
3.7720E+00;1.0187E+02
3.7730E+00;1.0181E+02
3.7740E+00;1.0176E+02
3.7750E+00;1.0171E+02
3.7760E+00;1.0165E+02
3.7770E+00;1.0160E+02
3.7780E+00;1.0155E+02
3.7790E+00;1.0150E+02
3.7800E+00;1.0144E+02
3.7810E+00;1.0139E+02
3.7820E+00;1.0134E+02
3.7830E+00;1.0128E+02
3.7840E+00;1.0123E+02
3.7850E+00;1.0118E+02
3.7860E+00;1.0112E+02
3.7870E+00;1.0107E+02
3.7880E+00;1.0102E+02
3.7890E+00;1.0096E+02
3.7900E+00;1.0091E+02
3.7910E+00;1.0086E+02
3.7920E+00;1.0080E+02
3.7930E+00;1.0075E+02
3.7940E+00;1.0070E+02
3.7950E+00;1.0064E+02
3.7960E+00;1.0059E+02
3.7970E+00;1.0054E+02
3.7980E+00;1.0048E+02
3.7990E+00;1.0043E+02
3.8000E+00;1.0038E+02
3.8010E+00;1.0033E+02
3.8020E+00;1.0027E+02
3.8030E+00;1.0022E+02
3.8040E+00;1.0017E+02
3.8050E+00;1.0011E+02
3.8060E+00;1.0006E+02
3.8070E+00;1.0001E+02
3.8080E+00;9.9953E+01
3.8090E+00;9.9900E+01
3.8100E+00;9.9847E+01
3.8110E+00;9.9794E+01
3.8120E+00;9.9741E+01
3.8130E+00;9.9687E+01
3.8140E+00;9.9634E+01
3.8150E+00;9.9581E+01
3.8160E+00;9.9528E+01
3.8170E+00;9.9475E+01
3.8180E+00;9.9422E+01
3.8190E+00;9.9368E+01
3.8200E+00;9.9315E+01
3.8210E+00;9.9262E+01
3.8220E+00;9.9209E+01
3.8230E+00;9.9156E+01
3.8240E+00;9.9103E+01
3.8250E+00;9.9049E+01
3.8260E+00;9.8996E+01
3.8270E+00;9.8943E+01
3.8280E+00;9.8890E+01
3.8290E+00;9.8837E+01
3.8300E+00;9.8784E+01
3.8310E+00;9.8730E+01
3.8320E+00;9.8677E+01
3.8330E+00;9.8624E+01
3.8340E+00;9.8571E+01
3.8350E+00;9.8518E+01
3.8360E+00;9.8464E+01
3.8370E+00;9.8411E+01
3.8380E+00;9.8358E+01
3.8390E+00;9.8305E+01
3.8400E+00;9.8252E+01
3.8410E+00;9.8199E+01
3.8420E+00;9.8145E+01
3.8430E+00;9.8092E+01
3.8440E+00;9.8039E+01
3.8450E+00;9.7986E+01
3.8460E+00;9.7933E+01
3.8470E+00;9.7880E+01
3.8480E+00;9.7826E+01
3.8490E+00;9.7773E+01
3.8500E+00;9.7720E+01
3.8510E+00;9.7667E+01
3.8520E+00;9.7614E+01
3.8530E+00;9.7561E+01
3.8540E+00;9.7507E+01
3.8550E+00;9.7454E+01
3.8560E+00;9.7401E+01
3.8570E+00;9.7348E+01
3.8580E+00;9.7295E+01
3.8590E+00;9.7242E+01
3.8600E+00;9.7188E+01
3.8610E+00;9.7135E+01
3.8620E+00;9.7082E+01
3.8630E+00;9.7029E+01
3.8640E+00;9.6976E+01
3.8650E+00;9.6922E+01
3.8660E+00;9.6869E+01
3.8670E+00;9.6816E+01
3.8680E+00;9.6763E+01
3.8690E+00;9.6710E+01
3.8700E+00;9.6657E+01
3.8710E+00;9.6603E+01
3.8720E+00;9.6550E+01
3.8730E+00;9.6497E+01
3.8740E+00;9.6444E+01
3.8750E+00;9.6391E+01
3.8760E+00;9.6338E+01
3.8770E+00;9.6284E+01
3.8780E+00;9.6231E+01
3.8790E+00;9.6178E+01
3.8800E+00;9.6125E+01
3.8810E+00;9.6072E+01
3.8820E+00;9.6019E+01
3.8830E+00;9.5965E+01
3.8840E+00;9.5912E+01
3.8850E+00;9.5859E+01
3.8860E+00;9.5806E+01
3.8870E+00;9.5753E+01
3.8880E+00;9.5700E+01
3.8890E+00;9.5646E+01
3.8900E+00;9.5593E+01
3.8910E+00;9.5540E+01
3.8920E+00;9.5487E+01
3.8930E+00;9.5434E+01
3.8940E+00;9.5380E+01
3.8950E+00;9.5327E+01
3.8960E+00;9.5274E+01
3.8970E+00;9.5221E+01
3.8980E+00;9.5168E+01
3.8990E+00;9.5115E+01
3.9000E+00;9.5061E+01
3.9010E+00;9.5008E+01
3.9020E+00;9.4955E+01
3.9030E+00;9.4902E+01
3.9040E+00;9.4849E+01
3.9050E+00;9.4796E+01
3.9060E+00;9.4742E+01
3.9070E+00;9.4689E+01
3.9080E+00;9.4636E+01
3.9090E+00;9.4583E+01
3.9100E+00;9.4530E+01
3.9110E+00;9.4477E+01
3.9120E+00;9.4423E+01
3.9130E+00;9.4370E+01
3.9140E+00;9.4317E+01
3.9150E+00;9.4264E+01
3.9160E+00;9.4211E+01
3.9170E+00;9.4158E+01
3.9180E+00;9.4104E+01
3.9190E+00;9.4051E+01
3.9200E+00;9.3998E+01
3.9210E+00;9.3945E+01
3.9220E+00;9.3892E+01
3.9230E+00;9.3839E+01
3.9240E+00;9.3785E+01
3.9250E+00;9.3732E+01
3.9260E+00;9.3679E+01
3.9270E+00;9.3626E+01
3.9280E+00;9.3573E+01
3.9290E+00;9.3519E+01
3.9300E+00;9.3466E+01
3.9310E+00;9.3413E+01
3.9320E+00;9.3360E+01
3.9330E+00;9.3307E+01
3.9340E+00;9.3254E+01
3.9350E+00;9.3200E+01
3.9360E+00;9.3147E+01
3.9370E+00;9.3094E+01
3.9380E+00;9.3041E+01
3.9390E+00;9.2988E+01
3.9400E+00;9.2935E+01
3.9410E+00;9.2881E+01
3.9420E+00;9.2828E+01
3.9430E+00;9.2775E+01
3.9440E+00;9.2722E+01
3.9450E+00;9.2669E+01
3.9460E+00;9.2616E+01
3.9470E+00;9.2562E+01
3.9480E+00;9.2509E+01
3.9490E+00;9.2456E+01
3.9500E+00;9.2403E+01
3.9510E+00;9.2350E+01
3.9520E+00;9.2297E+01
3.9530E+00;9.2243E+01
3.9540E+00;9.2190E+01
3.9550E+00;9.2137E+01
3.9560E+00;9.2084E+01
3.9570E+00;9.2031E+01
3.9580E+00;9.1978E+01
3.9590E+00;9.1924E+01
3.9600E+00;9.1871E+01
3.9610E+00;9.1818E+01
3.9620E+00;9.1765E+01
3.9630E+00;9.1712E+01
3.9640E+00;9.1658E+01
3.9650E+00;9.1605E+01
3.9660E+00;9.1552E+01
3.9670E+00;9.1499E+01
3.9680E+00;9.1446E+01
3.9690E+00;9.1393E+01
3.9700E+00;9.1339E+01
3.9710E+00;9.1286E+01
3.9720E+00;9.1233E+01
3.9730E+00;9.1180E+01
3.9740E+00;9.1127E+01
3.9750E+00;9.1074E+01
3.9760E+00;9.1020E+01
3.9770E+00;9.0967E+01
3.9780E+00;9.0914E+01
3.9790E+00;9.0861E+01
3.9800E+00;9.0808E+01
3.9810E+00;9.0755E+01
3.9820E+00;9.0701E+01
3.9830E+00;9.0648E+01
3.9840E+00;9.0595E+01
3.9850E+00;9.0542E+01
3.9860E+00;9.0489E+01
3.9870E+00;9.0436E+01
3.9880E+00;9.0382E+01
3.9890E+00;9.0329E+01
3.9900E+00;9.0276E+01
3.9910E+00;9.0223E+01
3.9920E+00;9.0170E+01
3.9930E+00;9.0116E+01
3.9940E+00;9.0063E+01
3.9950E+00;9.0010E+01
3.9960E+00;8.9957E+01
3.9970E+00;8.9904E+01
3.9980E+00;8.9851E+01
3.9990E+00;8.9797E+01
4.0000E+00;8.9744E+01
4.0010E+00;8.9691E+01
4.0020E+00;8.9638E+01
4.0030E+00;8.9585E+01
4.0040E+00;8.9532E+01
4.0050E+00;8.9478E+01
4.0060E+00;8.9425E+01
4.0070E+00;8.9372E+01
4.0080E+00;8.9319E+01
4.0090E+00;8.9266E+01
4.0100E+00;8.9213E+01
4.0110E+00;8.9159E+01
4.0120E+00;8.9106E+01
4.0130E+00;8.9053E+01
4.0140E+00;8.9000E+01
4.0150E+00;8.8947E+01
4.0160E+00;8.8894E+01
4.0170E+00;8.8840E+01
4.0180E+00;8.8787E+01
4.0190E+00;8.8734E+01
4.0200E+00;8.8681E+01
4.0210E+00;8.8628E+01
4.0220E+00;8.8575E+01
4.0230E+00;8.8521E+01
4.0240E+00;8.8468E+01
4.0250E+00;8.8415E+01
4.0260E+00;8.8362E+01
4.0270E+00;8.8309E+01
4.0280E+00;8.8255E+01
4.0290E+00;8.8202E+01
4.0300E+00;8.8149E+01
4.0310E+00;8.8096E+01
4.0320E+00;8.8043E+01
4.0330E+00;8.7990E+01
4.0340E+00;8.7936E+01
4.0350E+00;8.7883E+01
4.0360E+00;8.7830E+01
4.0370E+00;8.7777E+01
4.0380E+00;8.7724E+01
4.0390E+00;8.7671E+01
4.0400E+00;8.7617E+01
4.0410E+00;8.7564E+01
4.0420E+00;8.7511E+01
4.0430E+00;8.7458E+01
4.0440E+00;8.7405E+01
4.0450E+00;8.7352E+01
4.0460E+00;8.7298E+01
4.0470E+00;8.7245E+01
4.0480E+00;8.7192E+01
4.0490E+00;8.7139E+01
4.0500E+00;8.7086E+01
4.0510E+00;8.7033E+01
4.0520E+00;8.6979E+01
4.0530E+00;8.6926E+01
4.0540E+00;8.6873E+01
4.0550E+00;8.6820E+01
4.0560E+00;8.6767E+01
4.0570E+00;8.6713E+01
4.0580E+00;8.6660E+01
4.0590E+00;8.6607E+01
4.0600E+00;8.6554E+01
4.0610E+00;8.6501E+01
4.0620E+00;8.6448E+01
4.0630E+00;8.6394E+01
4.0640E+00;8.6341E+01
4.0650E+00;8.6288E+01
4.0660E+00;8.6235E+01
4.0670E+00;8.6182E+01
4.0680E+00;8.6129E+01
4.0690E+00;8.6075E+01
4.0700E+00;8.6022E+01
4.0710E+00;8.5969E+01
4.0720E+00;8.5916E+01
4.0730E+00;8.5863E+01
4.0740E+00;8.5810E+01
4.0750E+00;8.5756E+01
4.0760E+00;8.5703E+01
4.0770E+00;8.5650E+01
4.0780E+00;8.5597E+01
4.0790E+00;8.5544E+01
4.0800E+00;8.5491E+01
4.0810E+00;8.5437E+01
4.0820E+00;8.5384E+01
4.0830E+00;8.5331E+01
4.0840E+00;8.5278E+01
4.0850E+00;8.5225E+01
4.0860E+00;8.5172E+01
4.0870E+00;8.5118E+01
4.0880E+00;8.5065E+01
4.0890E+00;8.5012E+01
4.0900E+00;8.4959E+01
4.0910E+00;8.4906E+01
4.0920E+00;8.4852E+01
4.0930E+00;8.4799E+01
4.0940E+00;8.4746E+01
4.0950E+00;8.4693E+01
4.0960E+00;8.4640E+01
4.0970E+00;8.4587E+01
4.0980E+00;8.4533E+01
4.0990E+00;8.4480E+01
4.1000E+00;8.4427E+01
4.1010E+00;8.4374E+01
4.1020E+00;8.4321E+01
4.1030E+00;8.4268E+01
4.1040E+00;8.4214E+01
4.1050E+00;8.4161E+01
4.1060E+00;8.4108E+01
4.1070E+00;8.4055E+01
4.1080E+00;8.4002E+01
4.1090E+00;8.3949E+01
4.1100E+00;8.3895E+01
4.1110E+00;8.3842E+01
4.1120E+00;8.3789E+01
4.1130E+00;8.3736E+01
4.1140E+00;8.3683E+01
4.1150E+00;8.3630E+01
4.1160E+00;8.3576E+01
4.1170E+00;8.3523E+01
4.1180E+00;8.3470E+01
4.1190E+00;8.3417E+01
4.1200E+00;8.3364E+01
4.1210E+00;8.3311E+01
4.1220E+00;8.3257E+01
4.1230E+00;8.3204E+01
4.1240E+00;8.3151E+01
4.1250E+00;8.3098E+01
4.1260E+00;8.3045E+01
4.1270E+00;8.2991E+01
4.1280E+00;8.2938E+01
4.1290E+00;8.2885E+01
4.1300E+00;8.2832E+01
4.1310E+00;8.2779E+01
4.1320E+00;8.2726E+01
4.1330E+00;8.2672E+01
4.1340E+00;8.2619E+01
4.1350E+00;8.2566E+01
4.1360E+00;8.2513E+01
4.1370E+00;8.2460E+01
4.1380E+00;8.2407E+01
4.1390E+00;8.2353E+01
4.1400E+00;8.2300E+01
4.1410E+00;8.2247E+01
4.1420E+00;8.2194E+01
4.1430E+00;8.2141E+01
4.1440E+00;8.2088E+01
4.1450E+00;8.2034E+01
4.1460E+00;8.1981E+01
4.1470E+00;8.1928E+01
4.1480E+00;8.1875E+01
4.1490E+00;8.1822E+01
4.1500E+00;8.1769E+01
4.1510E+00;8.1715E+01
4.1520E+00;8.1662E+01
4.1530E+00;8.1609E+01
4.1540E+00;8.1556E+01
4.1550E+00;8.1503E+01
4.1560E+00;8.1449E+01
4.1570E+00;8.1396E+01
4.1580E+00;8.1343E+01
4.1590E+00;8.1290E+01
4.1600E+00;8.1237E+01
4.1610E+00;8.1184E+01
4.1620E+00;8.1130E+01
4.1630E+00;8.1077E+01
4.1640E+00;8.1024E+01
4.1650E+00;8.0971E+01
4.1660E+00;8.0918E+01
4.1670E+00;8.0865E+01
4.1680E+00;8.0811E+01
4.1690E+00;8.0758E+01
4.1700E+00;8.0705E+01
4.1710E+00;8.0652E+01
4.1720E+00;8.0599E+01
4.1730E+00;8.0546E+01
4.1740E+00;8.0492E+01
4.1750E+00;8.0439E+01
4.1760E+00;8.0386E+01
4.1770E+00;8.0333E+01
4.1780E+00;8.0280E+01
4.1790E+00;8.0227E+01
4.1800E+00;8.0173E+01
4.1810E+00;8.0120E+01
4.1820E+00;8.0067E+01
4.1830E+00;8.0014E+01
4.1840E+00;7.9961E+01
4.1850E+00;7.9908E+01
4.1860E+00;7.9854E+01
4.1870E+00;7.9801E+01
4.1880E+00;7.9748E+01
4.1890E+00;7.9695E+01
4.1900E+00;7.9642E+01
4.1910E+00;7.9589E+01
4.1920E+00;7.9535E+01
4.1930E+00;7.9482E+01
4.1940E+00;7.9429E+01
4.1950E+00;7.9376E+01
4.1960E+00;7.9323E+01
4.1970E+00;7.9269E+01
4.1980E+00;7.9216E+01
4.1990E+00;7.9163E+01
4.2000E+00;7.9110E+01
4.2010E+00;7.9057E+01
4.2020E+00;7.9004E+01
4.2030E+00;7.8950E+01
4.2040E+00;7.8897E+01
4.2050E+00;7.8844E+01
4.2060E+00;7.8791E+01
4.2070E+00;7.8738E+01
4.2080E+00;7.8685E+01
4.2090E+00;7.8631E+01
4.2100E+00;7.8578E+01
4.2110E+00;7.8525E+01
4.2120E+00;7.8472E+01
4.2130E+00;7.8419E+01
4.2140E+00;7.8366E+01
4.2150E+00;7.8312E+01
4.2160E+00;7.8259E+01
4.2170E+00;7.8206E+01
4.2180E+00;7.8153E+01
4.2190E+00;7.8100E+01
4.2200E+00;7.8047E+01
4.2210E+00;7.7993E+01
4.2220E+00;7.7940E+01
4.2230E+00;7.7887E+01
4.2240E+00;7.7834E+01
4.2250E+00;7.7781E+01
4.2260E+00;7.7728E+01
4.2270E+00;7.7674E+01
4.2280E+00;7.7621E+01
4.2290E+00;7.7568E+01
4.2300E+00;7.7515E+01
4.2310E+00;7.7462E+01
4.2320E+00;7.7408E+01
4.2330E+00;7.7355E+01
4.2340E+00;7.7302E+01
4.2350E+00;7.7249E+01
4.2360E+00;7.7196E+01
4.2370E+00;7.7143E+01
4.2380E+00;7.7089E+01
4.2390E+00;7.7036E+01
4.2400E+00;7.6983E+01
4.2410E+00;7.6930E+01
4.2420E+00;7.6877E+01
4.2430E+00;7.6824E+01
4.2440E+00;7.6770E+01
4.2450E+00;7.6717E+01
4.2460E+00;7.6664E+01
4.2470E+00;7.6611E+01
4.2480E+00;7.6558E+01
4.2490E+00;7.6505E+01
4.2500E+00;7.6451E+01
4.2510E+00;7.6398E+01
4.2520E+00;7.6345E+01
4.2530E+00;7.6292E+01
4.2540E+00;7.6239E+01
4.2550E+00;7.6186E+01
4.2560E+00;7.6132E+01
4.2570E+00;7.6079E+01
4.2580E+00;7.6026E+01
4.2590E+00;7.5973E+01
4.2600E+00;7.5920E+01
4.2610E+00;7.5866E+01
4.2620E+00;7.5813E+01
4.2630E+00;7.5760E+01
4.2640E+00;7.5707E+01
4.2650E+00;7.5654E+01
4.2660E+00;7.5601E+01
4.2670E+00;7.5547E+01
4.2680E+00;7.5494E+01
4.2690E+00;7.5441E+01
4.2700E+00;7.5388E+01
4.2710E+00;7.5335E+01
4.2720E+00;7.5282E+01
4.2730E+00;7.5228E+01
4.2740E+00;7.5175E+01
4.2750E+00;7.5122E+01
4.2760E+00;7.5069E+01
4.2770E+00;7.5016E+01
4.2780E+00;7.4963E+01
4.2790E+00;7.4909E+01
4.2800E+00;7.4856E+01
4.2810E+00;7.4803E+01
4.2820E+00;7.4750E+01
4.2830E+00;7.4697E+01
4.2840E+00;7.4644E+01
4.2850E+00;7.4590E+01
4.2860E+00;7.4537E+01
4.2870E+00;7.4484E+01
4.2880E+00;7.4431E+01
4.2890E+00;7.4378E+01
4.2900E+00;7.4325E+01
4.2910E+00;7.4271E+01
4.2920E+00;7.4218E+01
4.2930E+00;7.4165E+01
4.2940E+00;7.4112E+01
4.2950E+00;7.4059E+01
4.2960E+00;7.4005E+01
4.2970E+00;7.3952E+01
4.2980E+00;7.3899E+01
4.2990E+00;7.3846E+01
4.3000E+00;7.3793E+01
4.3010E+00;7.3740E+01
4.3020E+00;7.3686E+01
4.3030E+00;7.3633E+01
4.3040E+00;7.3580E+01
4.3050E+00;7.3527E+01
4.3060E+00;7.3474E+01
4.3070E+00;7.3421E+01
4.3080E+00;7.3367E+01
4.3090E+00;7.3314E+01
4.3100E+00;7.3261E+01
4.3110E+00;7.3208E+01
4.3120E+00;7.3155E+01
4.3130E+00;7.3102E+01
4.3140E+00;7.3048E+01
4.3150E+00;7.2995E+01
4.3160E+00;7.2942E+01
4.3170E+00;7.2889E+01
4.3180E+00;7.2836E+01
4.3190E+00;7.2783E+01
4.3200E+00;7.2729E+01
4.3210E+00;7.2676E+01
4.3220E+00;7.2623E+01
4.3230E+00;7.2570E+01
4.3240E+00;7.2517E+01
4.3250E+00;7.2464E+01
4.3260E+00;7.2410E+01
4.3270E+00;7.2357E+01
4.3280E+00;7.2304E+01
4.3290E+00;7.2251E+01
4.3300E+00;7.2198E+01
4.3310E+00;7.2144E+01
4.3320E+00;7.2091E+01
4.3330E+00;7.2038E+01
4.3340E+00;7.1985E+01
4.3350E+00;7.1932E+01
4.3360E+00;7.1879E+01
4.3370E+00;7.1825E+01
4.3380E+00;7.1772E+01
4.3390E+00;7.1719E+01
4.3400E+00;7.1666E+01
4.3410E+00;7.1613E+01
4.3420E+00;7.1560E+01
4.3430E+00;7.1506E+01
4.3440E+00;7.1453E+01
4.3450E+00;7.1400E+01
4.3460E+00;7.1347E+01
4.3470E+00;7.1294E+01
4.3480E+00;7.1241E+01
4.3490E+00;7.1187E+01
4.3500E+00;7.1134E+01
4.3510E+00;7.1081E+01
4.3520E+00;7.1028E+01
4.3530E+00;7.0975E+01
4.3540E+00;7.0922E+01
4.3550E+00;7.0868E+01
4.3560E+00;7.0815E+01
4.3570E+00;7.0762E+01
4.3580E+00;7.0709E+01
4.3590E+00;7.0656E+01
4.3600E+00;7.0603E+01
4.3610E+00;7.0549E+01
4.3620E+00;7.0496E+01
4.3630E+00;7.0443E+01
4.3640E+00;7.0390E+01
4.3650E+00;7.0337E+01
4.3660E+00;7.0283E+01
4.3670E+00;7.0230E+01
4.3680E+00;7.0177E+01
4.3690E+00;7.0124E+01
4.3700E+00;7.0071E+01
4.3710E+00;7.0018E+01
4.3720E+00;6.9964E+01
4.3730E+00;6.9911E+01
4.3740E+00;6.9858E+01
4.3750E+00;6.9805E+01
4.3760E+00;6.9752E+01
4.3770E+00;6.9699E+01
4.3780E+00;6.9645E+01
4.3790E+00;6.9592E+01
4.3800E+00;6.9539E+01
4.3810E+00;6.9486E+01
4.3820E+00;6.9433E+01
4.3830E+00;6.9380E+01
4.3840E+00;6.9326E+01
4.3850E+00;6.9273E+01
4.3860E+00;6.9220E+01
4.3870E+00;6.9167E+01
4.3880E+00;6.9114E+01
4.3890E+00;6.9061E+01
4.3900E+00;6.9007E+01
4.3910E+00;6.8954E+01
4.3920E+00;6.8901E+01
4.3930E+00;6.8848E+01
4.3940E+00;6.8795E+01
4.3950E+00;6.8742E+01
4.3960E+00;6.8688E+01
4.3970E+00;6.8635E+01
4.3980E+00;6.8582E+01
4.3990E+00;6.8529E+01
4.4000E+00;6.8476E+01
4.4010E+00;6.8422E+01
4.4020E+00;6.8369E+01
4.4030E+00;6.8316E+01
4.4040E+00;6.8263E+01
4.4050E+00;6.8210E+01
4.4060E+00;6.8157E+01
4.4070E+00;6.8103E+01
4.4080E+00;6.8050E+01
4.4090E+00;6.7997E+01
4.4100E+00;6.7944E+01
4.4110E+00;6.7891E+01
4.4120E+00;6.7838E+01
4.4130E+00;6.7784E+01
4.4140E+00;6.7731E+01
4.4150E+00;6.7678E+01
4.4160E+00;6.7625E+01
4.4170E+00;6.7572E+01
4.4180E+00;6.7519E+01
4.4190E+00;6.7468E+01
4.4200E+00;6.7443E+01
4.4210E+00;6.7418E+01
4.4220E+00;6.7393E+01
4.4230E+00;6.7368E+01
4.4240E+00;6.7343E+01
4.4250E+00;6.7318E+01
4.4260E+00;6.7293E+01
4.4270E+00;6.7268E+01
4.4280E+00;6.7243E+01
4.4290E+00;6.7218E+01
4.4300E+00;6.7193E+01
4.4310E+00;6.7168E+01
4.4320E+00;6.7143E+01
4.4330E+00;6.7118E+01
4.4340E+00;6.7093E+01
4.4350E+00;6.7068E+01
4.4360E+00;6.7043E+01
4.4370E+00;6.7017E+01
4.4380E+00;6.6992E+01
4.4390E+00;6.6967E+01
4.4400E+00;6.6942E+01
4.4410E+00;6.6917E+01
4.4420E+00;6.6892E+01
4.4430E+00;6.6867E+01
4.4440E+00;6.6842E+01
4.4450E+00;6.6817E+01
4.4460E+00;6.6792E+01
4.4470E+00;6.6767E+01
4.4480E+00;6.6742E+01
4.4490E+00;6.6717E+01
4.4500E+00;6.6692E+01
4.4510E+00;6.6667E+01
4.4520E+00;6.6642E+01
4.4530E+00;6.6617E+01
4.4540E+00;6.6592E+01
4.4550E+00;6.6567E+01
4.4560E+00;6.6542E+01
4.4570E+00;6.6517E+01
4.4580E+00;6.6492E+01
4.4590E+00;6.6467E+01
4.4600E+00;6.6442E+01
4.4610E+00;6.6417E+01
4.4620E+00;6.6392E+01
4.4630E+00;6.6367E+01
4.4640E+00;6.6342E+01
4.4650E+00;6.6317E+01
4.4660E+00;6.6292E+01
4.4670E+00;6.6267E+01
4.4680E+00;6.6242E+01
4.4690E+00;6.6217E+01
4.4700E+00;6.6192E+01
4.4710E+00;6.6167E+01
4.4720E+00;6.6142E+01
4.4730E+00;6.6117E+01
4.4740E+00;6.6092E+01
4.4750E+00;6.6067E+01
4.4760E+00;6.6042E+01
4.4770E+00;6.6017E+01
4.4780E+00;6.5992E+01
4.4790E+00;6.5967E+01
4.4800E+00;6.5942E+01
4.4810E+00;6.5917E+01
4.4820E+00;6.5892E+01
4.4830E+00;6.5867E+01
4.4840E+00;6.5842E+01
4.4850E+00;6.5817E+01
4.4860E+00;6.5792E+01
4.4870E+00;6.5767E+01
4.4880E+00;6.5742E+01
4.4890E+00;6.5717E+01
4.4900E+00;6.5692E+01
4.4910E+00;6.5668E+01
4.4920E+00;6.5643E+01
4.4930E+00;6.5618E+01
4.4940E+00;6.5593E+01
4.4950E+00;6.5568E+01
4.4960E+00;6.5543E+01
4.4970E+00;6.5518E+01
4.4980E+00;6.5493E+01
4.4990E+00;6.5468E+01
4.5000E+00;6.5443E+01
4.5010E+00;6.5418E+01
4.5020E+00;6.5393E+01
4.5030E+00;6.5368E+01
4.5040E+00;6.5343E+01
4.5050E+00;6.5318E+01
4.5060E+00;6.5293E+01
4.5070E+00;6.5268E+01
4.5080E+00;6.5243E+01
4.5090E+00;6.5218E+01
4.5100E+00;6.5193E+01
4.5110E+00;6.5168E+01
4.5120E+00;6.5143E+01
4.5130E+00;6.5118E+01
4.5140E+00;6.5093E+01
4.5150E+00;6.5068E+01
4.5160E+00;6.5043E+01
4.5170E+00;6.5018E+01
4.5180E+00;6.4993E+01
4.5190E+00;6.4968E+01
4.5200E+00;6.4943E+01
4.5210E+00;6.4918E+01
4.5220E+00;6.4893E+01
4.5230E+00;6.4869E+01
4.5240E+00;6.4844E+01
4.5250E+00;6.4819E+01
4.5260E+00;6.4794E+01
4.5270E+00;6.4769E+01
4.5280E+00;6.4744E+01
4.5290E+00;6.4719E+01
4.5300E+00;6.4694E+01
4.5310E+00;6.4669E+01
4.5320E+00;6.4644E+01
4.5330E+00;6.4619E+01
4.5340E+00;6.4594E+01
4.5350E+00;6.4569E+01
4.5360E+00;6.4544E+01
4.5370E+00;6.4519E+01
4.5380E+00;6.4494E+01
4.5390E+00;6.4469E+01
4.5400E+00;6.4444E+01
4.5410E+00;6.4419E+01
4.5420E+00;6.4394E+01
4.5430E+00;6.4370E+01
4.5440E+00;6.4345E+01
4.5450E+00;6.4320E+01
4.5460E+00;6.4295E+01
4.5470E+00;6.4270E+01
4.5480E+00;6.4245E+01
4.5490E+00;6.4220E+01
4.5500E+00;6.4195E+01
4.5510E+00;6.4170E+01
4.5520E+00;6.4145E+01
4.5530E+00;6.4120E+01
4.5540E+00;6.4095E+01
4.5550E+00;6.4070E+01
4.5560E+00;6.4045E+01
4.5570E+00;6.4020E+01
4.5580E+00;6.3996E+01
4.5590E+00;6.3971E+01
4.5600E+00;6.3946E+01
4.5610E+00;6.3921E+01
4.5620E+00;6.3896E+01
4.5630E+00;6.3871E+01
4.5640E+00;6.3846E+01
4.5650E+00;6.3821E+01
4.5660E+00;6.3796E+01
4.5670E+00;6.3771E+01
4.5680E+00;6.3746E+01
4.5690E+00;6.3721E+01
4.5700E+00;6.3696E+01
4.5710E+00;6.3671E+01
4.5720E+00;6.3647E+01
4.5730E+00;6.3622E+01
4.5740E+00;6.3597E+01
4.5750E+00;6.3572E+01
4.5760E+00;6.3547E+01
4.5770E+00;6.3522E+01
4.5780E+00;6.3497E+01
4.5790E+00;6.3472E+01
4.5800E+00;6.3447E+01
4.5810E+00;6.3422E+01
4.5820E+00;6.3397E+01
4.5830E+00;6.3373E+01
4.5840E+00;6.3348E+01
4.5850E+00;6.3323E+01
4.5860E+00;6.3298E+01
4.5870E+00;6.3273E+01
4.5880E+00;6.3248E+01
4.5890E+00;6.3223E+01
4.5900E+00;6.3198E+01
4.5910E+00;6.3173E+01
4.5920E+00;6.3148E+01
4.5930E+00;6.3123E+01
4.5940E+00;6.3099E+01
4.5950E+00;6.3074E+01
4.5960E+00;6.3049E+01
4.5970E+00;6.3024E+01
4.5980E+00;6.2999E+01
4.5990E+00;6.2974E+01
4.6000E+00;6.2949E+01
4.6010E+00;6.2924E+01
4.6020E+00;6.2899E+01
4.6030E+00;6.2874E+01
4.6040E+00;6.2850E+01
4.6050E+00;6.2825E+01
4.6060E+00;6.2800E+01
4.6070E+00;6.2775E+01
4.6080E+00;6.2750E+01
4.6090E+00;6.2725E+01
4.6100E+00;6.2700E+01
4.6110E+00;6.2675E+01
4.6120E+00;6.2650E+01
4.6130E+00;6.2626E+01
4.6140E+00;6.2601E+01
4.6150E+00;6.2576E+01
4.6160E+00;6.2551E+01
4.6170E+00;6.2526E+01
4.6180E+00;6.2501E+01
4.6190E+00;6.2476E+01
4.6200E+00;6.2451E+01
4.6210E+00;6.2427E+01
4.6220E+00;6.2402E+01
4.6230E+00;6.2377E+01
4.6240E+00;6.2352E+01
4.6250E+00;6.2327E+01
4.6260E+00;6.2302E+01
4.6270E+00;6.2277E+01
4.6280E+00;6.2252E+01
4.6290E+00;6.2228E+01
4.6300E+00;6.2203E+01
4.6310E+00;6.2178E+01
4.6320E+00;6.2153E+01
4.6330E+00;6.2128E+01
4.6340E+00;6.2103E+01
4.6350E+00;6.2078E+01
4.6360E+00;6.2053E+01
4.6370E+00;6.2029E+01
4.6380E+00;6.2004E+01
4.6390E+00;6.1979E+01
4.6400E+00;6.1954E+01
4.6410E+00;6.1929E+01
4.6420E+00;6.1904E+01
4.6430E+00;6.1879E+01
4.6440E+00;6.1855E+01
4.6450E+00;6.1830E+01
4.6460E+00;6.1805E+01
4.6470E+00;6.1780E+01
4.6480E+00;6.1755E+01
4.6490E+00;6.1730E+01
4.6500E+00;6.1705E+01
4.6510E+00;6.1681E+01
4.6520E+00;6.1656E+01
4.6530E+00;6.1631E+01
4.6540E+00;6.1606E+01
4.6550E+00;6.1581E+01
4.6560E+00;6.1556E+01
4.6570E+00;6.1532E+01
4.6580E+00;6.1507E+01
4.6590E+00;6.1482E+01
4.6600E+00;6.1457E+01
4.6610E+00;6.1432E+01
4.6620E+00;6.1407E+01
4.6630E+00;6.1382E+01
4.6640E+00;6.1358E+01
4.6650E+00;6.1333E+01
4.6660E+00;6.1308E+01
4.6670E+00;6.1283E+01
4.6680E+00;6.1258E+01
4.6690E+00;6.1233E+01
4.6700E+00;6.1209E+01
4.6710E+00;6.1184E+01
4.6720E+00;6.1159E+01
4.6730E+00;6.1134E+01
4.6740E+00;6.1109E+01
4.6750E+00;6.1084E+01
4.6760E+00;6.1060E+01
4.6770E+00;6.1035E+01
4.6780E+00;6.1010E+01
4.6790E+00;6.0985E+01
4.6800E+00;6.0960E+01
4.6810E+00;6.0935E+01
4.6820E+00;6.0911E+01
4.6830E+00;6.0886E+01
4.6840E+00;6.0861E+01
4.6850E+00;6.0836E+01
4.6860E+00;6.0811E+01
4.6870E+00;6.0787E+01
4.6880E+00;6.0762E+01
4.6890E+00;6.0737E+01
4.6900E+00;6.0712E+01
4.6910E+00;6.0687E+01
4.6920E+00;6.0662E+01
4.6930E+00;6.0638E+01
4.6940E+00;6.0613E+01
4.6950E+00;6.0588E+01
4.6960E+00;6.0563E+01
4.6970E+00;6.0538E+01
4.6980E+00;6.0514E+01
4.6990E+00;6.0489E+01
4.7000E+00;6.0464E+01
4.7010E+00;6.0439E+01
4.7020E+00;6.0414E+01
4.7030E+00;6.0390E+01
4.7040E+00;6.0365E+01
4.7050E+00;6.0340E+01
4.7060E+00;6.0315E+01
4.7070E+00;6.0290E+01
4.7080E+00;6.0265E+01
4.7090E+00;6.0241E+01
4.7100E+00;6.0216E+01
4.7110E+00;6.0191E+01
4.7120E+00;6.0166E+01
4.7130E+00;6.0142E+01
4.7140E+00;6.0117E+01
4.7150E+00;6.0092E+01
4.7160E+00;6.0067E+01
4.7170E+00;6.0042E+01
4.7180E+00;6.0018E+01
4.7190E+00;5.9993E+01
4.7200E+00;5.9968E+01
4.7210E+00;5.9943E+01
4.7220E+00;5.9918E+01
4.7230E+00;5.9894E+01
4.7240E+00;5.9869E+01
4.7250E+00;5.9844E+01
4.7260E+00;5.9819E+01
4.7270E+00;5.9794E+01
4.7280E+00;5.9770E+01
4.7290E+00;5.9745E+01
4.7300E+00;5.9720E+01
4.7310E+00;5.9695E+01
4.7320E+00;5.9671E+01
4.7330E+00;5.9646E+01
4.7340E+00;5.9621E+01
4.7350E+00;5.9596E+01
4.7360E+00;5.9571E+01
4.7370E+00;5.9547E+01
4.7380E+00;5.9522E+01
4.7390E+00;5.9497E+01
4.7400E+00;5.9472E+01
4.7410E+00;5.9448E+01
4.7420E+00;5.9423E+01
4.7430E+00;5.9398E+01
4.7440E+00;5.9373E+01
4.7450E+00;5.9349E+01
4.7460E+00;5.9324E+01
4.7470E+00;5.9299E+01
4.7480E+00;5.9274E+01
4.7490E+00;5.9249E+01
4.7500E+00;5.9225E+01
4.7510E+00;5.9200E+01
4.7520E+00;5.9175E+01
4.7530E+00;5.9150E+01
4.7540E+00;5.9126E+01
4.7550E+00;5.9101E+01
4.7560E+00;5.9076E+01
4.7570E+00;5.9051E+01
4.7580E+00;5.9027E+01
4.7590E+00;5.9002E+01
4.7600E+00;5.8977E+01
4.7610E+00;5.8952E+01
4.7620E+00;5.8928E+01
4.7630E+00;5.8903E+01
4.7640E+00;5.8878E+01
4.7650E+00;5.8853E+01
4.7660E+00;5.8829E+01
4.7670E+00;5.8804E+01
4.7680E+00;5.8784E+01
4.7690E+00;5.8764E+01
4.7700E+00;5.8745E+01
4.7710E+00;5.8725E+01
4.7720E+00;5.8705E+01
4.7730E+00;5.8685E+01
4.7740E+00;5.8665E+01
4.7750E+00;5.8646E+01
4.7760E+00;5.8626E+01
4.7770E+00;5.8606E+01
4.7780E+00;5.8586E+01
4.7790E+00;5.8566E+01
4.7800E+00;5.8547E+01
4.7810E+00;5.8527E+01
4.7820E+00;5.8507E+01
4.7830E+00;5.8487E+01
4.7840E+00;5.8467E+01
4.7850E+00;5.8448E+01
4.7860E+00;5.8428E+01
4.7870E+00;5.8408E+01
4.7880E+00;5.8388E+01
4.7890E+00;5.8368E+01
4.7900E+00;5.8349E+01
4.7910E+00;5.8329E+01
4.7920E+00;5.8309E+01
4.7930E+00;5.8289E+01
4.7940E+00;5.8269E+01
4.7950E+00;5.8250E+01
4.7960E+00;5.8230E+01
4.7970E+00;5.8210E+01
4.7980E+00;5.8190E+01
4.7990E+00;5.8171E+01
4.8000E+00;5.8151E+01
4.8010E+00;5.8131E+01
4.8020E+00;5.8111E+01
4.8030E+00;5.8091E+01
4.8040E+00;5.8072E+01
4.8050E+00;5.8052E+01
4.8060E+00;5.8032E+01
4.8070E+00;5.8012E+01
4.8080E+00;5.7992E+01
4.8090E+00;5.7973E+01
4.8100E+00;5.7953E+01
4.8110E+00;5.7933E+01
4.8120E+00;5.7913E+01
4.8130E+00;5.7893E+01
4.8140E+00;5.7874E+01
4.8150E+00;5.7854E+01
4.8160E+00;5.7834E+01
4.8170E+00;5.7814E+01
4.8180E+00;5.7794E+01
4.8190E+00;5.7775E+01
4.8200E+00;5.7755E+01
4.8210E+00;5.7735E+01
4.8220E+00;5.7715E+01
4.8230E+00;5.7695E+01
4.8240E+00;5.7676E+01
4.8250E+00;5.7656E+01
4.8260E+00;5.7636E+01
4.8270E+00;5.7616E+01
4.8280E+00;5.7596E+01
4.8290E+00;5.7577E+01
4.8300E+00;5.7557E+01
4.8310E+00;5.7537E+01
4.8320E+00;5.7517E+01
4.8330E+00;5.7497E+01
4.8340E+00;5.7478E+01
4.8350E+00;5.7458E+01
4.8360E+00;5.7438E+01
4.8370E+00;5.7418E+01
4.8380E+00;5.7398E+01
4.8390E+00;5.7379E+01
4.8400E+00;5.7359E+01
4.8410E+00;5.7339E+01
4.8420E+00;5.7319E+01
4.8430E+00;5.7299E+01
4.8440E+00;5.7280E+01
4.8450E+00;5.7260E+01
4.8460E+00;5.7240E+01
4.8470E+00;5.7220E+01
4.8480E+00;5.7201E+01
4.8490E+00;5.7181E+01
4.8500E+00;5.7161E+01
4.8510E+00;5.7141E+01
4.8520E+00;5.7121E+01
4.8530E+00;5.7102E+01
4.8540E+00;5.7082E+01
4.8550E+00;5.7062E+01
4.8560E+00;5.7042E+01
4.8570E+00;5.7022E+01
4.8580E+00;5.7003E+01
4.8590E+00;5.6983E+01
4.8600E+00;5.6963E+01
4.8610E+00;5.6943E+01
4.8620E+00;5.6923E+01
4.8630E+00;5.6904E+01
4.8640E+00;5.6884E+01
4.8650E+00;5.6864E+01
4.8660E+00;5.6844E+01
4.8670E+00;5.6824E+01
4.8680E+00;5.6805E+01
4.8690E+00;5.6785E+01
4.8700E+00;5.6765E+01
4.8710E+00;5.6745E+01
4.8720E+00;5.6725E+01
4.8730E+00;5.6706E+01
4.8740E+00;5.6686E+01
4.8750E+00;5.6666E+01
4.8760E+00;5.6646E+01
4.8770E+00;5.6626E+01
4.8780E+00;5.6607E+01
4.8790E+00;5.6587E+01
4.8800E+00;5.6567E+01
4.8810E+00;5.6547E+01
4.8820E+00;5.6527E+01
4.8830E+00;5.6508E+01
4.8840E+00;5.6488E+01
4.8850E+00;5.6468E+01
4.8860E+00;5.6448E+01
4.8870E+00;5.6428E+01
4.8880E+00;5.6409E+01
4.8890E+00;5.6389E+01
4.8900E+00;5.6369E+01
4.8910E+00;5.6349E+01
4.8920E+00;5.6329E+01
4.8930E+00;5.6310E+01
4.8940E+00;5.6290E+01
4.8950E+00;5.6270E+01
4.8960E+00;5.6250E+01
4.8970E+00;5.6231E+01
4.8980E+00;5.6211E+01
4.8990E+00;5.6191E+01
4.9000E+00;5.6171E+01
4.9010E+00;5.6151E+01
4.9020E+00;5.6132E+01
4.9030E+00;5.6112E+01
4.9040E+00;5.6092E+01
4.9050E+00;5.6072E+01
4.9060E+00;5.6052E+01
4.9070E+00;5.6033E+01
4.9080E+00;5.6013E+01
4.9090E+00;5.5993E+01
4.9100E+00;5.5973E+01
4.9110E+00;5.5953E+01
4.9120E+00;5.5934E+01
4.9130E+00;5.5914E+01
4.9140E+00;5.5894E+01
4.9150E+00;5.5874E+01
4.9160E+00;5.5854E+01
4.9170E+00;5.5835E+01
4.9180E+00;5.5815E+01
4.9190E+00;5.5795E+01
4.9200E+00;5.5775E+01
4.9210E+00;5.5755E+01
4.9220E+00;5.5736E+01
4.9230E+00;5.5716E+01
4.9240E+00;5.5696E+01
4.9250E+00;5.5676E+01
4.9260E+00;5.5656E+01
4.9270E+00;5.5637E+01
4.9280E+00;5.5617E+01
4.9290E+00;5.5597E+01
4.9300E+00;5.5577E+01
4.9310E+00;5.5557E+01
4.9320E+00;5.5538E+01
4.9330E+00;5.5518E+01
4.9340E+00;5.5498E+01
4.9350E+00;5.5478E+01
4.9360E+00;5.5458E+01
4.9370E+00;5.5439E+01
4.9380E+00;5.5419E+01
4.9390E+00;5.5399E+01
4.9400E+00;5.5379E+01
4.9410E+00;5.5359E+01
4.9420E+00;5.5340E+01
4.9430E+00;5.5320E+01
4.9440E+00;5.5300E+01
4.9450E+00;5.5280E+01
4.9460E+00;5.5261E+01
4.9470E+00;5.5241E+01
4.9480E+00;5.5221E+01
4.9490E+00;5.5201E+01
4.9500E+00;5.5181E+01
4.9510E+00;5.5162E+01
4.9520E+00;5.5142E+01
4.9530E+00;5.5122E+01
4.9540E+00;5.5102E+01
4.9550E+00;5.5082E+01
4.9560E+00;5.5063E+01
4.9570E+00;5.5043E+01
4.9580E+00;5.5023E+01
4.9590E+00;5.5003E+01
4.9600E+00;5.4983E+01
4.9610E+00;5.4964E+01
4.9620E+00;5.4944E+01
4.9630E+00;5.4924E+01
4.9640E+00;5.4904E+01
4.9650E+00;5.4884E+01
4.9660E+00;5.4865E+01
4.9670E+00;5.4845E+01
4.9680E+00;5.4825E+01
4.9690E+00;5.4805E+01
4.9700E+00;5.4785E+01
4.9710E+00;5.4766E+01
4.9720E+00;5.4746E+01
4.9730E+00;5.4726E+01
4.9740E+00;5.4706E+01
4.9750E+00;5.4686E+01
4.9760E+00;5.4667E+01
4.9770E+00;5.4647E+01
4.9780E+00;5.4627E+01
4.9790E+00;5.4607E+01
4.9800E+00;5.4587E+01
4.9810E+00;5.4568E+01
4.9820E+00;5.4548E+01
4.9830E+00;5.4528E+01
4.9840E+00;5.4508E+01
4.9850E+00;5.4488E+01
4.9860E+00;5.4469E+01
4.9870E+00;5.4449E+01
4.9880E+00;5.4429E+01
4.9890E+00;5.4409E+01
4.9900E+00;5.4389E+01
4.9910E+00;5.4370E+01
4.9920E+00;5.4350E+01
4.9930E+00;5.4330E+01
4.9940E+00;5.4310E+01
4.9950E+00;5.4291E+01
4.9960E+00;5.4271E+01
4.9970E+00;5.4251E+01
4.9980E+00;5.4231E+01
4.9990E+00;5.4211E+01
5.0000E+00;5.4192E+01
5.0010E+00;5.4172E+01
5.0020E+00;5.4152E+01
5.0030E+00;5.4132E+01
5.0040E+00;5.4112E+01
5.0050E+00;5.4093E+01
5.0060E+00;5.4073E+01
5.0070E+00;5.4053E+01
5.0080E+00;5.4033E+01
5.0090E+00;5.4013E+01
5.0100E+00;5.3994E+01
5.0110E+00;5.3974E+01
5.0120E+00;5.3954E+01
5.0130E+00;5.3934E+01
5.0140E+00;5.3914E+01
5.0150E+00;5.3895E+01
5.0160E+00;5.3875E+01
5.0170E+00;5.3855E+01
5.0180E+00;5.3835E+01
5.0190E+00;5.3815E+01
5.0200E+00;5.3796E+01
5.0210E+00;5.3776E+01
5.0220E+00;5.3756E+01
5.0230E+00;5.3736E+01
5.0240E+00;5.3716E+01
5.0250E+00;5.3697E+01
5.0260E+00;5.3677E+01
5.0270E+00;5.3657E+01
5.0280E+00;5.3637E+01
5.0290E+00;5.3617E+01
5.0300E+00;5.3598E+01
5.0310E+00;5.3578E+01
5.0320E+00;5.3558E+01
5.0330E+00;5.3538E+01
5.0340E+00;5.3518E+01
5.0350E+00;5.3499E+01
5.0360E+00;5.3479E+01
5.0370E+00;5.3459E+01
5.0380E+00;5.3439E+01
5.0390E+00;5.3420E+01
5.0400E+00;5.3400E+01
5.0410E+00;5.3380E+01
5.0420E+00;5.3360E+01
5.0430E+00;5.3340E+01
5.0440E+00;5.3321E+01
5.0450E+00;5.3301E+01
5.0460E+00;5.3281E+01
5.0470E+00;5.3261E+01
5.0480E+00;5.3241E+01
5.0490E+00;5.3222E+01
5.0500E+00;5.3202E+01
5.0510E+00;5.3182E+01
5.0520E+00;5.3162E+01
5.0530E+00;5.3142E+01
5.0540E+00;5.3123E+01
5.0550E+00;5.3103E+01
5.0560E+00;5.3083E+01
5.0570E+00;5.3063E+01
5.0580E+00;5.3043E+01
5.0590E+00;5.3024E+01
5.0600E+00;5.3004E+01
5.0610E+00;5.2984E+01
5.0620E+00;5.2964E+01
5.0630E+00;5.2944E+01
5.0640E+00;5.2925E+01
5.0650E+00;5.2905E+01
5.0660E+00;5.2885E+01
5.0670E+00;5.2865E+01
5.0680E+00;5.2845E+01
5.0690E+00;5.2826E+01
5.0700E+00;5.2806E+01
5.0710E+00;5.2786E+01
5.0720E+00;5.2766E+01
5.0730E+00;5.2746E+01
5.0740E+00;5.2727E+01
5.0750E+00;5.2707E+01
5.0760E+00;5.2687E+01
5.0770E+00;5.2667E+01
5.0780E+00;5.2647E+01
5.0790E+00;5.2628E+01
5.0800E+00;5.2608E+01
5.0810E+00;5.2588E+01
5.0820E+00;5.2568E+01
5.0830E+00;5.2548E+01
5.0840E+00;5.2529E+01
5.0850E+00;5.2509E+01
5.0860E+00;5.2489E+01
5.0870E+00;5.2469E+01
5.0880E+00;5.2450E+01
5.0890E+00;5.2430E+01
5.0900E+00;5.2410E+01
5.0910E+00;5.2390E+01
5.0920E+00;5.2370E+01
5.0930E+00;5.2351E+01
5.0940E+00;5.2331E+01
5.0950E+00;5.2311E+01
5.0960E+00;5.2291E+01
5.0970E+00;5.2271E+01
5.0980E+00;5.2252E+01
5.0990E+00;5.2232E+01
5.1000E+00;5.2212E+01
5.1010E+00;5.2192E+01
5.1020E+00;5.2172E+01
5.1030E+00;5.2153E+01
5.1040E+00;5.2133E+01
5.1050E+00;5.2113E+01
5.1060E+00;5.2093E+01
5.1070E+00;5.2073E+01
5.1080E+00;5.2054E+01
5.1090E+00;5.2034E+01
5.1100E+00;5.2014E+01
5.1110E+00;5.1994E+01
5.1120E+00;5.1974E+01
5.1130E+00;5.1955E+01
5.1140E+00;5.1935E+01
5.1150E+00;5.1915E+01
5.1160E+00;5.1895E+01
5.1170E+00;5.1875E+01
5.1180E+00;5.1856E+01
5.1190E+00;5.1836E+01
5.1200E+00;5.1816E+01
5.1210E+00;5.1796E+01
5.1220E+00;5.1776E+01
5.1230E+00;5.1757E+01
5.1240E+00;5.1737E+01
5.1250E+00;5.1717E+01
5.1260E+00;5.1697E+01
5.1270E+00;5.1678E+01
5.1280E+00;5.1658E+01
5.1290E+00;5.1638E+01
5.1300E+00;5.1618E+01
5.1310E+00;5.1598E+01
5.1320E+00;5.1579E+01
5.1330E+00;5.1559E+01
5.1340E+00;5.1539E+01
5.1350E+00;5.1519E+01
5.1360E+00;5.1499E+01
5.1370E+00;5.1480E+01
5.1380E+00;5.1460E+01
5.1390E+00;5.1440E+01
5.1400E+00;5.1420E+01
5.1410E+00;5.1400E+01
5.1420E+00;5.1381E+01
5.1430E+00;5.1361E+01
5.1440E+00;5.1341E+01
5.1450E+00;5.1321E+01
5.1460E+00;5.1301E+01
5.1470E+00;5.1282E+01
5.1480E+00;5.1262E+01
5.1490E+00;5.1242E+01
5.1500E+00;5.1222E+01
5.1510E+00;5.1202E+01
5.1520E+00;5.1183E+01
5.1530E+00;5.1163E+01
5.1540E+00;5.1143E+01
5.1550E+00;5.1123E+01
5.1560E+00;5.1103E+01
5.1570E+00;5.1084E+01
5.1580E+00;5.1064E+01
5.1590E+00;5.1044E+01
5.1600E+00;5.1024E+01
5.1610E+00;5.1004E+01
5.1620E+00;5.0985E+01
5.1630E+00;5.0965E+01
5.1640E+00;5.0945E+01
5.1650E+00;5.0925E+01
5.1660E+00;5.0905E+01
5.1670E+00;5.0886E+01
5.1680E+00;5.0866E+01
5.1690E+00;5.0846E+01
5.1700E+00;5.0826E+01
5.1710E+00;5.0807E+01
5.1720E+00;5.0787E+01
5.1730E+00;5.0767E+01
5.1740E+00;5.0747E+01
5.1750E+00;5.0727E+01
5.1760E+00;5.0708E+01
5.1770E+00;5.0688E+01
5.1780E+00;5.0668E+01
5.1790E+00;5.0648E+01
5.1800E+00;5.0628E+01
5.1810E+00;5.0609E+01
5.1820E+00;5.0589E+01
5.1830E+00;5.0569E+01
5.1840E+00;5.0549E+01
5.1850E+00;5.0529E+01
5.1860E+00;5.0510E+01
5.1870E+00;5.0490E+01
5.1880E+00;5.0470E+01
5.1890E+00;5.0450E+01
5.1900E+00;5.0430E+01
5.1910E+00;5.0411E+01
5.1920E+00;5.0391E+01
5.1930E+00;5.0371E+01
5.1940E+00;5.0351E+01
5.1950E+00;5.0331E+01
5.1960E+00;5.0312E+01
5.1970E+00;5.0292E+01
5.1980E+00;5.0272E+01
5.1990E+00;5.0252E+01
5.2000E+00;5.0232E+01
5.2010E+00;5.0213E+01
5.2020E+00;5.0193E+01
5.2030E+00;5.0173E+01
5.2040E+00;5.0153E+01
5.2050E+00;5.0133E+01
5.2060E+00;5.0114E+01
5.2070E+00;5.0094E+01
5.2080E+00;5.0074E+01
5.2090E+00;5.0054E+01
5.2100E+00;5.0034E+01
5.2110E+00;5.0015E+01
5.2120E+00;4.9995E+01
5.2130E+00;4.9975E+01
5.2140E+00;4.9955E+01
5.2150E+00;4.9936E+01
5.2160E+00;4.9916E+01
5.2170E+00;4.9896E+01
5.2180E+00;4.9876E+01
5.2190E+00;4.9856E+01
5.2200E+00;4.9837E+01
5.2210E+00;4.9817E+01
5.2220E+00;4.9797E+01
5.2230E+00;4.9777E+01
5.2240E+00;4.9757E+01
5.2250E+00;4.9738E+01
5.2260E+00;4.9718E+01
5.2270E+00;4.9698E+01
5.2280E+00;4.9678E+01
5.2290E+00;4.9658E+01
5.2300E+00;4.9639E+01
5.2310E+00;4.9619E+01
5.2320E+00;4.9599E+01
5.2330E+00;4.9579E+01
5.2340E+00;4.9559E+01
5.2350E+00;4.9540E+01
5.2360E+00;4.9520E+01
5.2370E+00;4.9500E+01
5.2380E+00;4.9480E+01
5.2390E+00;4.9460E+01
5.2400E+00;4.9441E+01
5.2410E+00;4.9421E+01
5.2420E+00;4.9401E+01
5.2430E+00;4.9381E+01
5.2440E+00;4.9361E+01
5.2450E+00;4.9342E+01
5.2460E+00;4.9322E+01
5.2470E+00;4.9302E+01
5.2480E+00;4.9282E+01
5.2490E+00;4.9262E+01
5.2500E+00;4.9243E+01
5.2510E+00;4.9223E+01
5.2520E+00;4.9203E+01
5.2530E+00;4.9183E+01
5.2540E+00;4.9164E+01
5.2550E+00;4.9144E+01
5.2560E+00;4.9124E+01
5.2570E+00;4.9104E+01
5.2580E+00;4.9084E+01
5.2590E+00;4.9065E+01
5.2600E+00;4.9045E+01
5.2610E+00;4.9025E+01
5.2620E+00;4.9005E+01
5.2630E+00;4.8985E+01
5.2640E+00;4.8966E+01
5.2650E+00;4.8946E+01
5.2660E+00;4.8926E+01
5.2670E+00;4.8906E+01
5.2680E+00;4.8886E+01
5.2690E+00;4.8867E+01
5.2700E+00;4.8847E+01
5.2710E+00;4.8827E+01
5.2720E+00;4.8807E+01
5.2730E+00;4.8787E+01
5.2740E+00;4.8768E+01
5.2750E+00;4.8748E+01
5.2760E+00;4.8728E+01
5.2770E+00;4.8708E+01
5.2780E+00;4.8688E+01
5.2790E+00;4.8669E+01
5.2800E+00;4.8649E+01
5.2810E+00;4.8629E+01
5.2820E+00;4.8609E+01
5.2830E+00;4.8589E+01
5.2840E+00;4.8570E+01
5.2850E+00;4.8550E+01
5.2860E+00;4.8530E+01
5.2870E+00;4.8510E+01
5.2880E+00;4.8490E+01
5.2890E+00;4.8471E+01
5.2900E+00;4.8451E+01
5.2910E+00;4.8431E+01
5.2920E+00;4.8411E+01
5.2930E+00;4.8392E+01
5.2940E+00;4.8372E+01
5.2950E+00;4.8352E+01
5.2960E+00;4.8332E+01
5.2970E+00;4.8312E+01
5.2980E+00;4.8293E+01
5.2990E+00;4.8273E+01
5.3000E+00;4.8253E+01
5.3010E+00;4.8233E+01
5.3020E+00;4.8213E+01
5.3030E+00;4.8194E+01
5.3040E+00;4.8174E+01
5.3050E+00;4.8154E+01
5.3060E+00;4.8134E+01
5.3070E+00;4.8114E+01
5.3080E+00;4.8095E+01
5.3090E+00;4.8075E+01
5.3100E+00;4.8055E+01
5.3110E+00;4.8035E+01
5.3120E+00;4.8015E+01
5.3130E+00;4.7996E+01
5.3140E+00;4.7976E+01
5.3150E+00;4.7956E+01
5.3160E+00;4.7936E+01
5.3170E+00;4.7916E+01
5.3180E+00;4.7897E+01
5.3190E+00;4.7877E+01
5.3200E+00;4.7857E+01
5.3210E+00;4.7837E+01
5.3220E+00;4.7817E+01
5.3230E+00;4.7798E+01
5.3240E+00;4.7778E+01
5.3250E+00;4.7758E+01
5.3260E+00;4.7738E+01
5.3270E+00;4.7718E+01
5.3280E+00;4.7699E+01
5.3290E+00;4.7679E+01
5.3300E+00;4.7659E+01
5.3310E+00;4.7639E+01
5.3320E+00;4.7620E+01
5.3330E+00;4.7600E+01
5.3340E+00;4.7580E+01
5.3350E+00;4.7560E+01
5.3360E+00;4.7540E+01
5.3370E+00;4.7521E+01
5.3380E+00;4.7501E+01
5.3390E+00;4.7481E+01
5.3400E+00;4.7461E+01
5.3410E+00;4.7441E+01
5.3420E+00;4.7422E+01
5.3430E+00;4.7402E+01
5.3440E+00;4.7382E+01
5.3450E+00;4.7362E+01
5.3460E+00;4.7342E+01
5.3470E+00;4.7323E+01
5.3480E+00;4.7303E+01
5.3490E+00;4.7283E+01
5.3500E+00;4.7263E+01
5.3510E+00;4.7243E+01
5.3520E+00;4.7224E+01
5.3530E+00;4.7204E+01
5.3540E+00;4.7184E+01
5.3550E+00;4.7164E+01
5.3560E+00;4.7144E+01
5.3570E+00;4.7125E+01
5.3580E+00;4.7105E+01
5.3590E+00;4.7085E+01
5.3600E+00;4.7065E+01
5.3610E+00;4.7045E+01
5.3620E+00;4.7026E+01
5.3630E+00;4.7006E+01
5.3640E+00;4.6986E+01
5.3650E+00;4.6966E+01
5.3660E+00;4.6947E+01
5.3670E+00;4.6927E+01
5.3680E+00;4.6907E+01
5.3690E+00;4.6887E+01
5.3700E+00;4.6867E+01
5.3710E+00;4.6848E+01
5.3720E+00;4.6828E+01
5.3730E+00;4.6808E+01
5.3740E+00;4.6788E+01
5.3750E+00;4.6768E+01
5.3760E+00;4.6749E+01
5.3770E+00;4.6729E+01
5.3780E+00;4.6709E+01
5.3790E+00;4.6689E+01
5.3800E+00;4.6669E+01
5.3810E+00;4.6650E+01
5.3820E+00;4.6630E+01
5.3830E+00;4.6610E+01
5.3840E+00;4.6590E+01
5.3850E+00;4.6570E+01
5.3860E+00;4.6551E+01
5.3870E+00;4.6531E+01
5.3880E+00;4.6511E+01
5.3890E+00;4.6491E+01
5.3900E+00;4.6471E+01
5.3910E+00;4.6452E+01
5.3920E+00;4.6432E+01
5.3930E+00;4.6412E+01
5.3940E+00;4.6392E+01
5.3950E+00;4.6372E+01
5.3960E+00;4.6353E+01
5.3970E+00;4.6333E+01
5.3980E+00;4.6313E+01
5.3990E+00;4.6293E+01
5.4000E+00;4.6273E+01
5.4010E+00;4.6254E+01
5.4020E+00;4.6234E+01
5.4030E+00;4.6214E+01
5.4040E+00;4.6194E+01
5.4050E+00;4.6175E+01
5.4060E+00;4.6155E+01
5.4070E+00;4.6135E+01
5.4080E+00;4.6115E+01
5.4090E+00;4.6095E+01
5.4100E+00;4.6076E+01
5.4110E+00;4.6056E+01
5.4120E+00;4.6036E+01
5.4130E+00;4.6016E+01
5.4140E+00;4.5996E+01
5.4150E+00;4.5977E+01
5.4160E+00;4.5957E+01
5.4170E+00;4.5937E+01
5.4180E+00;4.5917E+01
5.4190E+00;4.5897E+01
5.4200E+00;4.5878E+01
5.4210E+00;4.5858E+01
5.4220E+00;4.5838E+01
5.4230E+00;4.5818E+01
5.4240E+00;4.5798E+01
5.4250E+00;4.5779E+01
5.4260E+00;4.5759E+01
5.4270E+00;4.5739E+01
5.4280E+00;4.5719E+01
5.4290E+00;4.5699E+01
5.4300E+00;4.5680E+01
5.4310E+00;4.5660E+01
5.4320E+00;4.5640E+01
5.4330E+00;4.5620E+01
5.4340E+00;4.5600E+01
5.4350E+00;4.5581E+01
5.4360E+00;4.5561E+01
5.4370E+00;4.5541E+01
5.4380E+00;4.5521E+01
5.4390E+00;4.5502E+01
5.4400E+00;4.5482E+01
5.4410E+00;4.5462E+01
5.4420E+00;4.5442E+01
5.4430E+00;4.5422E+01
5.4440E+00;4.5403E+01
5.4450E+00;4.5383E+01
5.4460E+00;4.5363E+01
5.4470E+00;4.5343E+01
5.4480E+00;4.5323E+01
5.4490E+00;4.5304E+01
5.4500E+00;4.5284E+01
5.4510E+00;4.5264E+01
5.4520E+00;4.5244E+01
5.4530E+00;4.5224E+01
5.4540E+00;4.5205E+01
5.4550E+00;4.5185E+01
5.4560E+00;4.5165E+01
5.4570E+00;4.5145E+01
5.4580E+00;4.5125E+01
5.4590E+00;4.5106E+01
5.4600E+00;4.5086E+01
5.4610E+00;4.5066E+01
5.4620E+00;4.5046E+01
5.4630E+00;4.5026E+01
5.4640E+00;4.5007E+01
5.4650E+00;4.4987E+01
5.4660E+00;4.4967E+01
5.4670E+00;4.4947E+01
5.4680E+00;4.4927E+01
5.4690E+00;4.4908E+01
5.4700E+00;4.4888E+01
5.4710E+00;4.4868E+01
5.4720E+00;4.4848E+01
5.4730E+00;4.4829E+01
5.4740E+00;4.4809E+01
5.4750E+00;4.4789E+01
5.4760E+00;4.4769E+01
5.4770E+00;4.4749E+01
5.4780E+00;4.4730E+01
5.4790E+00;4.4710E+01
5.4800E+00;4.4690E+01
5.4810E+00;4.4670E+01
5.4820E+00;4.4650E+01
5.4830E+00;4.4631E+01
5.4840E+00;4.4611E+01
5.4850E+00;4.4591E+01
5.4860E+00;4.4571E+01
5.4870E+00;4.4551E+01
5.4880E+00;4.4532E+01
5.4890E+00;4.4512E+01
5.4900E+00;4.4492E+01
5.4910E+00;4.4472E+01
5.4920E+00;4.4452E+01
5.4930E+00;4.4433E+01
5.4940E+00;4.4413E+01
5.4950E+00;4.4393E+01
5.4960E+00;4.4373E+01
5.4970E+00;4.4353E+01
5.4980E+00;4.4334E+01
5.4990E+00;4.4314E+01
5.5000E+00;4.4294E+01
5.5010E+00;4.4274E+01
5.5020E+00;4.4254E+01
5.5030E+00;4.4235E+01
5.5040E+00;4.4215E+01
5.5050E+00;4.4195E+01
5.5060E+00;4.4175E+01
5.5070E+00;4.4156E+01
5.5080E+00;4.4136E+01
5.5090E+00;4.4116E+01
5.5100E+00;4.4096E+01
5.5110E+00;4.4076E+01
5.5120E+00;4.4057E+01
5.5130E+00;4.4037E+01
5.5140E+00;4.4017E+01
5.5150E+00;4.3997E+01
5.5160E+00;4.3977E+01
5.5170E+00;4.3958E+01
5.5180E+00;4.3938E+01
5.5190E+00;4.3918E+01
5.5200E+00;4.3898E+01
5.5210E+00;4.3878E+01
5.5220E+00;4.3859E+01
5.5230E+00;4.3839E+01
5.5240E+00;4.3819E+01
5.5250E+00;4.3799E+01
5.5260E+00;4.3779E+01
5.5270E+00;4.3760E+01
5.5280E+00;4.3740E+01
5.5290E+00;4.3720E+01
5.5300E+00;4.3700E+01
5.5310E+00;4.3680E+01
5.5320E+00;4.3661E+01
5.5330E+00;4.3641E+01
5.5340E+00;4.3621E+01
5.5350E+00;4.3601E+01
5.5360E+00;4.3582E+01
5.5370E+00;4.3562E+01
5.5380E+00;4.3542E+01
5.5390E+00;4.3522E+01
5.5400E+00;4.3502E+01
5.5410E+00;4.3483E+01
5.5420E+00;4.3463E+01
5.5430E+00;4.3443E+01
5.5440E+00;4.3423E+01
5.5450E+00;4.3403E+01
5.5460E+00;4.3384E+01
5.5470E+00;4.3364E+01
5.5480E+00;4.3344E+01
5.5490E+00;4.3324E+01
5.5500E+00;4.3304E+01
5.5510E+00;4.3285E+01
5.5520E+00;4.3265E+01
5.5530E+00;4.3245E+01
5.5540E+00;4.3225E+01
5.5550E+00;4.3205E+01
5.5560E+00;4.3186E+01
5.5570E+00;4.3166E+01
5.5580E+00;4.3146E+01
5.5590E+00;4.3126E+01
5.5600E+00;4.3106E+01
5.5610E+00;4.3087E+01
5.5620E+00;4.3067E+01
5.5630E+00;4.3047E+01
5.5640E+00;4.3027E+01
5.5650E+00;4.3007E+01
5.5660E+00;4.2988E+01
5.5670E+00;4.2968E+01
5.5680E+00;4.2948E+01
5.5690E+00;4.2928E+01
5.5700E+00;4.2909E+01
5.5710E+00;4.2889E+01
5.5720E+00;4.2869E+01
5.5730E+00;4.2849E+01
5.5740E+00;4.2829E+01
5.5750E+00;4.2810E+01
5.5760E+00;4.2790E+01
5.5770E+00;4.2770E+01
5.5780E+00;4.2750E+01
5.5790E+00;4.2730E+01
5.5800E+00;4.2711E+01
5.5810E+00;4.2691E+01
5.5820E+00;4.2671E+01
5.5830E+00;4.2651E+01
5.5840E+00;4.2631E+01
5.5850E+00;4.2612E+01
5.5860E+00;4.2592E+01
5.5870E+00;4.2572E+01
5.5880E+00;4.2552E+01
5.5890E+00;4.2532E+01
5.5900E+00;4.2513E+01
5.5910E+00;4.2493E+01
5.5920E+00;4.2473E+01
5.5930E+00;4.2453E+01
5.5940E+00;4.2433E+01
5.5950E+00;4.2414E+01
5.5960E+00;4.2394E+01
5.5970E+00;4.2374E+01
5.5980E+00;4.2354E+01
5.5990E+00;4.2334E+01
5.6000E+00;4.2315E+01
5.6010E+00;4.2295E+01
5.6020E+00;4.2275E+01
5.6030E+00;4.2255E+01
5.6040E+00;4.2236E+01
5.6050E+00;4.2216E+01
5.6060E+00;4.2196E+01
5.6070E+00;4.2176E+01
5.6080E+00;4.2156E+01
5.6090E+00;4.2137E+01
5.6100E+00;4.2117E+01
5.6110E+00;4.2097E+01
5.6120E+00;4.2077E+01
5.6130E+00;4.2057E+01
5.6140E+00;4.2038E+01
5.6150E+00;4.2018E+01
5.6160E+00;4.1998E+01
5.6170E+00;4.1978E+01
5.6180E+00;4.1958E+01
5.6190E+00;4.1939E+01
5.6200E+00;4.1919E+01
5.6210E+00;4.1899E+01
5.6220E+00;4.1879E+01
5.6230E+00;4.1859E+01
5.6240E+00;4.1840E+01
5.6250E+00;4.1821E+01
5.6260E+00;4.1802E+01
5.6270E+00;4.1783E+01
5.6280E+00;4.1764E+01
5.6290E+00;4.1745E+01
5.6300E+00;4.1726E+01
5.6310E+00;4.1707E+01
5.6320E+00;4.1688E+01
5.6330E+00;4.1669E+01
5.6340E+00;4.1650E+01
5.6350E+00;4.1631E+01
5.6360E+00;4.1612E+01
5.6370E+00;4.1593E+01
5.6380E+00;4.1574E+01
5.6390E+00;4.1555E+01
5.6400E+00;4.1536E+01
5.6410E+00;4.1518E+01
5.6420E+00;4.1499E+01
5.6430E+00;4.1480E+01
5.6440E+00;4.1461E+01
5.6450E+00;4.1442E+01
5.6460E+00;4.1423E+01
5.6470E+00;4.1404E+01
5.6480E+00;4.1385E+01
5.6490E+00;4.1366E+01
5.6500E+00;4.1347E+01
5.6510E+00;4.1328E+01
5.6520E+00;4.1309E+01
5.6530E+00;4.1290E+01
5.6540E+00;4.1271E+01
5.6550E+00;4.1252E+01
5.6560E+00;4.1233E+01
5.6570E+00;4.1214E+01
5.6580E+00;4.1195E+01
5.6590E+00;4.1176E+01
5.6600E+00;4.1157E+01
5.6610E+00;4.1138E+01
5.6620E+00;4.1119E+01
5.6630E+00;4.1100E+01
5.6640E+00;4.1081E+01
5.6650E+00;4.1062E+01
5.6660E+00;4.1043E+01
5.6670E+00;4.1024E+01
5.6680E+00;4.1005E+01
5.6690E+00;4.0986E+01
5.6700E+00;4.0967E+01
5.6710E+00;4.0948E+01
5.6720E+00;4.0930E+01
5.6730E+00;4.0911E+01
5.6740E+00;4.0892E+01
5.6750E+00;4.0873E+01
5.6760E+00;4.0854E+01
5.6770E+00;4.0835E+01
5.6780E+00;4.0816E+01
5.6790E+00;4.0797E+01
5.6800E+00;4.0778E+01
5.6810E+00;4.0759E+01
5.6820E+00;4.0740E+01
5.6830E+00;4.0721E+01
5.6840E+00;4.0702E+01
5.6850E+00;4.0683E+01
5.6860E+00;4.0664E+01
5.6870E+00;4.0645E+01
5.6880E+00;4.0626E+01
5.6890E+00;4.0607E+01
5.6900E+00;4.0588E+01
5.6910E+00;4.0569E+01
5.6920E+00;4.0550E+01
5.6930E+00;4.0531E+01
5.6940E+00;4.0512E+01
5.6950E+00;4.0493E+01
5.6960E+00;4.0474E+01
5.6970E+00;4.0456E+01
5.6980E+00;4.0437E+01
5.6990E+00;4.0418E+01
5.7000E+00;4.0399E+01
5.7010E+00;4.0380E+01
5.7020E+00;4.0361E+01
5.7030E+00;4.0342E+01
5.7040E+00;4.0323E+01
5.7050E+00;4.0304E+01
5.7060E+00;4.0285E+01
5.7070E+00;4.0266E+01
5.7080E+00;4.0247E+01
5.7090E+00;4.0228E+01
5.7100E+00;4.0209E+01
5.7110E+00;4.0190E+01
5.7120E+00;4.0171E+01
5.7130E+00;4.0152E+01
5.7140E+00;4.0133E+01
5.7150E+00;4.0114E+01
5.7160E+00;4.0095E+01
5.7170E+00;4.0076E+01
5.7180E+00;4.0058E+01
5.7190E+00;4.0039E+01
5.7200E+00;4.0020E+01
5.7210E+00;4.0001E+01
5.7220E+00;3.9982E+01
5.7230E+00;3.9963E+01
5.7240E+00;3.9944E+01
5.7250E+00;3.9925E+01
5.7260E+00;3.9906E+01
5.7270E+00;3.9887E+01
5.7280E+00;3.9868E+01
5.7290E+00;3.9849E+01
5.7300E+00;3.9830E+01
5.7310E+00;3.9811E+01
5.7320E+00;3.9792E+01
5.7330E+00;3.9773E+01
5.7340E+00;3.9754E+01
5.7350E+00;3.9735E+01
5.7360E+00;3.9716E+01
5.7370E+00;3.9697E+01
5.7380E+00;3.9679E+01
5.7390E+00;3.9660E+01
5.7400E+00;3.9641E+01
5.7410E+00;3.9622E+01
5.7420E+00;3.9603E+01
5.7430E+00;3.9584E+01
5.7440E+00;3.9565E+01
5.7450E+00;3.9546E+01
5.7460E+00;3.9527E+01
5.7470E+00;3.9508E+01
5.7480E+00;3.9489E+01
5.7490E+00;3.9470E+01
5.7500E+00;3.9451E+01
5.7510E+00;3.9432E+01
5.7520E+00;3.9413E+01
5.7530E+00;3.9394E+01
5.7540E+00;3.9375E+01
5.7550E+00;3.9357E+01
5.7560E+00;3.9338E+01
5.7570E+00;3.9319E+01
5.7580E+00;3.9300E+01
5.7590E+00;3.9281E+01
5.7600E+00;3.9262E+01
5.7610E+00;3.9243E+01
5.7620E+00;3.9224E+01
5.7630E+00;3.9205E+01
5.7640E+00;3.9186E+01
5.7650E+00;3.9167E+01
5.7660E+00;3.9148E+01
5.7670E+00;3.9129E+01
5.7680E+00;3.9110E+01
5.7690E+00;3.9091E+01
5.7700E+00;3.9072E+01
5.7710E+00;3.9053E+01
5.7720E+00;3.9035E+01
5.7730E+00;3.9016E+01
5.7740E+00;3.8997E+01
5.7750E+00;3.8978E+01
5.7760E+00;3.8959E+01
5.7770E+00;3.8940E+01
5.7780E+00;3.8921E+01
5.7790E+00;3.8902E+01
5.7800E+00;3.8883E+01
5.7810E+00;3.8864E+01
5.7820E+00;3.8845E+01
5.7830E+00;3.8826E+01
5.7840E+00;3.8807E+01
5.7850E+00;3.8788E+01
5.7860E+00;3.8769E+01
5.7870E+00;3.8751E+01
5.7880E+00;3.8732E+01
5.7890E+00;3.8713E+01
5.7900E+00;3.8694E+01
5.7910E+00;3.8675E+01
5.7920E+00;3.8656E+01
5.7930E+00;3.8637E+01
5.7940E+00;3.8618E+01
5.7950E+00;3.8599E+01
5.7960E+00;3.8580E+01
5.7970E+00;3.8561E+01
5.7980E+00;3.8542E+01
5.7990E+00;3.8523E+01
5.8000E+00;3.8504E+01
5.8010E+00;3.8486E+01
5.8020E+00;3.8467E+01
5.8030E+00;3.8448E+01
5.8040E+00;3.8429E+01
5.8050E+00;3.8410E+01
5.8060E+00;3.8391E+01
5.8070E+00;3.8372E+01
5.8080E+00;3.8353E+01
5.8090E+00;3.8334E+01
5.8100E+00;3.8315E+01
5.8110E+00;3.8296E+01
5.8120E+00;3.8277E+01
5.8130E+00;3.8258E+01
5.8140E+00;3.8240E+01
5.8150E+00;3.8221E+01
5.8160E+00;3.8202E+01
5.8170E+00;3.8183E+01
5.8180E+00;3.8164E+01
5.8190E+00;3.8145E+01
5.8200E+00;3.8126E+01
5.8210E+00;3.8107E+01
5.8220E+00;3.8088E+01
5.8230E+00;3.8069E+01
5.8240E+00;3.8050E+01
5.8250E+00;3.8031E+01
5.8260E+00;3.8012E+01
5.8270E+00;3.7994E+01
5.8280E+00;3.7975E+01
5.8290E+00;3.7956E+01
5.8300E+00;3.7937E+01
5.8310E+00;3.7918E+01
5.8320E+00;3.7899E+01
5.8330E+00;3.7880E+01
5.8340E+00;3.7861E+01
5.8350E+00;3.7842E+01
5.8360E+00;3.7823E+01
5.8370E+00;3.7804E+01
5.8380E+00;3.7785E+01
5.8390E+00;3.7767E+01
5.8400E+00;3.7748E+01
5.8410E+00;3.7729E+01
5.8420E+00;3.7710E+01
5.8430E+00;3.7691E+01
5.8440E+00;3.7672E+01
5.8450E+00;3.7653E+01
5.8460E+00;3.7634E+01
5.8470E+00;3.7615E+01
5.8480E+00;3.7596E+01
5.8490E+00;3.7577E+01
5.8500E+00;3.7558E+01
5.8510E+00;3.7540E+01
5.8520E+00;3.7521E+01
5.8530E+00;3.7502E+01
5.8540E+00;3.7483E+01
5.8550E+00;3.7464E+01
5.8560E+00;3.7445E+01
5.8570E+00;3.7426E+01
5.8580E+00;3.7407E+01
5.8590E+00;3.7388E+01
5.8600E+00;3.7369E+01
5.8610E+00;3.7350E+01
5.8620E+00;3.7332E+01
5.8630E+00;3.7313E+01
5.8640E+00;3.7294E+01
5.8650E+00;3.7275E+01
5.8660E+00;3.7256E+01
5.8670E+00;3.7237E+01
5.8680E+00;3.7218E+01
5.8690E+00;3.7199E+01
5.8700E+00;3.7180E+01
5.8710E+00;3.7161E+01
5.8720E+00;3.7142E+01
5.8730E+00;3.7124E+01
5.8740E+00;3.7105E+01
5.8750E+00;3.7086E+01
5.8760E+00;3.7067E+01
5.8770E+00;3.7048E+01
5.8780E+00;3.7029E+01
5.8790E+00;3.7010E+01
5.8800E+00;3.6991E+01
5.8810E+00;3.6972E+01
5.8820E+00;3.6953E+01
5.8830E+00;3.6935E+01
5.8840E+00;3.6916E+01
5.8850E+00;3.6897E+01
5.8860E+00;3.6878E+01
5.8870E+00;3.6859E+01
5.8880E+00;3.6840E+01
5.8890E+00;3.6821E+01
5.8900E+00;3.6802E+01
5.8910E+00;3.6783E+01
5.8920E+00;3.6764E+01
5.8930E+00;3.6746E+01
5.8940E+00;3.6727E+01
5.8950E+00;3.6708E+01
5.8960E+00;3.6689E+01
5.8970E+00;3.6670E+01
5.8980E+00;3.6651E+01
5.8990E+00;3.6632E+01
5.9000E+00;3.6613E+01
5.9010E+00;3.6594E+01
5.9020E+00;3.6575E+01
5.9030E+00;3.6557E+01
5.9040E+00;3.6538E+01
5.9050E+00;3.6519E+01
5.9060E+00;3.6500E+01
5.9070E+00;3.6481E+01
5.9080E+00;3.6462E+01
5.9090E+00;3.6443E+01
5.9100E+00;3.6424E+01
5.9110E+00;3.6405E+01
5.9120E+00;3.6387E+01
5.9130E+00;3.6368E+01
5.9140E+00;3.6349E+01
5.9150E+00;3.6330E+01
5.9160E+00;3.6311E+01
5.9170E+00;3.6292E+01
5.9180E+00;3.6273E+01
5.9190E+00;3.6254E+01
5.9200E+00;3.6235E+01
5.9210E+00;3.6217E+01
5.9220E+00;3.6198E+01
5.9230E+00;3.6184E+01
5.9240E+00;3.6175E+01
5.9250E+00;3.6166E+01
5.9260E+00;3.6157E+01
5.9270E+00;3.6148E+01
5.9280E+00;3.6139E+01
5.9290E+00;3.6130E+01
5.9300E+00;3.6121E+01
5.9310E+00;3.6112E+01
5.9320E+00;3.6103E+01
5.9330E+00;3.6094E+01
5.9340E+00;3.6085E+01
5.9350E+00;3.6076E+01
5.9360E+00;3.6067E+01
5.9370E+00;3.6058E+01
5.9380E+00;3.6049E+01
5.9390E+00;3.6040E+01
5.9400E+00;3.6031E+01
5.9410E+00;3.6022E+01
5.9420E+00;3.6013E+01
5.9430E+00;3.6004E+01
5.9440E+00;3.5995E+01
5.9450E+00;3.5986E+01
5.9460E+00;3.5977E+01
5.9470E+00;3.5968E+01
5.9480E+00;3.5959E+01
5.9490E+00;3.5950E+01
5.9500E+00;3.5941E+01
5.9510E+00;3.5932E+01
5.9520E+00;3.5923E+01
5.9530E+00;3.5914E+01
5.9540E+00;3.5905E+01
5.9550E+00;3.5896E+01
5.9560E+00;3.5887E+01
5.9570E+00;3.5878E+01
5.9580E+00;3.5869E+01
5.9590E+00;3.5860E+01
5.9600E+00;3.5851E+01
5.9610E+00;3.5842E+01
5.9620E+00;3.5833E+01
5.9630E+00;3.5824E+01
5.9640E+00;3.5815E+01
5.9650E+00;3.5806E+01
5.9660E+00;3.5797E+01
5.9670E+00;3.5788E+01
5.9680E+00;3.5779E+01
5.9690E+00;3.5770E+01
5.9700E+00;3.5761E+01
5.9710E+00;3.5752E+01
5.9720E+00;3.5743E+01
5.9730E+00;3.5734E+01
5.9740E+00;3.5725E+01
5.9750E+00;3.5716E+01
5.9760E+00;3.5707E+01
5.9770E+00;3.5698E+01
5.9780E+00;3.5689E+01
5.9790E+00;3.5680E+01
5.9800E+00;3.5671E+01
5.9810E+00;3.5662E+01
5.9820E+00;3.5653E+01
5.9830E+00;3.5644E+01
5.9840E+00;3.5636E+01
5.9850E+00;3.5627E+01
5.9860E+00;3.5618E+01
5.9870E+00;3.5609E+01
5.9880E+00;3.5600E+01
5.9890E+00;3.5591E+01
5.9900E+00;3.5582E+01
5.9910E+00;3.5573E+01
5.9920E+00;3.5564E+01
5.9930E+00;3.5555E+01
5.9940E+00;3.5546E+01
5.9950E+00;3.5537E+01
5.9960E+00;3.5528E+01
5.9970E+00;3.5519E+01
5.9980E+00;3.5510E+01
5.9990E+00;3.5501E+01
6.0000E+00;3.5492E+01
6.0010E+00;3.5483E+01
6.0020E+00;3.5474E+01
6.0030E+00;3.5465E+01
6.0040E+00;3.5456E+01
6.0050E+00;3.5447E+01
6.0060E+00;3.5438E+01
6.0070E+00;3.5429E+01
6.0080E+00;3.5420E+01
6.0090E+00;3.5411E+01
6.0100E+00;3.5402E+01
6.0110E+00;3.5393E+01
6.0120E+00;3.5384E+01
6.0130E+00;3.5375E+01
6.0140E+00;3.5366E+01
6.0150E+00;3.5357E+01
6.0160E+00;3.5348E+01
6.0170E+00;3.5339E+01
6.0180E+00;3.5330E+01
6.0190E+00;3.5321E+01
6.0200E+00;3.5312E+01
6.0210E+00;3.5303E+01
6.0220E+00;3.5294E+01
6.0230E+00;3.5285E+01
6.0240E+00;3.5276E+01
6.0250E+00;3.5267E+01
6.0260E+00;3.5258E+01
6.0270E+00;3.5249E+01
6.0280E+00;3.5240E+01
6.0290E+00;3.5231E+01
6.0300E+00;3.5222E+01
6.0310E+00;3.5213E+01
6.0320E+00;3.5204E+01
6.0330E+00;3.5195E+01
6.0340E+00;3.5186E+01
6.0350E+00;3.5177E+01
6.0360E+00;3.5168E+01
6.0370E+00;3.5159E+01
6.0380E+00;3.5150E+01
6.0390E+00;3.5141E+01
6.0400E+00;3.5132E+01
6.0410E+00;3.5123E+01
6.0420E+00;3.5114E+01
6.0430E+00;3.5105E+01
6.0440E+00;3.5096E+01
6.0450E+00;3.5087E+01
6.0460E+00;3.5078E+01
6.0470E+00;3.5069E+01
6.0480E+00;3.5060E+01
6.0490E+00;3.5051E+01
6.0500E+00;3.5042E+01
6.0510E+00;3.5033E+01
6.0520E+00;3.5024E+01
6.0530E+00;3.5015E+01
6.0540E+00;3.5006E+01
6.0550E+00;3.4997E+01
6.0560E+00;3.4988E+01
6.0570E+00;3.4979E+01
6.0580E+00;3.4970E+01
6.0590E+00;3.4961E+01
6.0600E+00;3.4952E+01
6.0610E+00;3.4943E+01
6.0620E+00;3.4934E+01
6.0630E+00;3.4925E+01
6.0640E+00;3.4916E+01
6.0650E+00;3.4907E+01
6.0660E+00;3.4898E+01
6.0670E+00;3.4889E+01
6.0680E+00;3.4880E+01
6.0690E+00;3.4872E+01
6.0700E+00;3.4863E+01
6.0710E+00;3.4854E+01
6.0720E+00;3.4845E+01
6.0730E+00;3.4836E+01
6.0740E+00;3.4827E+01
6.0750E+00;3.4818E+01
6.0760E+00;3.4809E+01
6.0770E+00;3.4800E+01
6.0780E+00;3.4791E+01
6.0790E+00;3.4782E+01
6.0800E+00;3.4773E+01
6.0810E+00;3.4764E+01
6.0820E+00;3.4755E+01
6.0830E+00;3.4746E+01
6.0840E+00;3.4737E+01
6.0850E+00;3.4728E+01
6.0860E+00;3.4719E+01
6.0870E+00;3.4710E+01
6.0880E+00;3.4701E+01
6.0890E+00;3.4692E+01
6.0900E+00;3.4683E+01
6.0910E+00;3.4674E+01
6.0920E+00;3.4665E+01
6.0930E+00;3.4656E+01
6.0940E+00;3.4647E+01
6.0950E+00;3.4638E+01
6.0960E+00;3.4629E+01
6.0970E+00;3.4620E+01
6.0980E+00;3.4611E+01
6.0990E+00;3.4602E+01
6.1000E+00;3.4593E+01
6.1010E+00;3.4584E+01
6.1020E+00;3.4575E+01
6.1030E+00;3.4566E+01
6.1040E+00;3.4557E+01
6.1050E+00;3.4548E+01
6.1060E+00;3.4539E+01
6.1070E+00;3.4530E+01
6.1080E+00;3.4521E+01
6.1090E+00;3.4512E+01
6.1100E+00;3.4503E+01
6.1110E+00;3.4494E+01
6.1120E+00;3.4485E+01
6.1130E+00;3.4476E+01
6.1140E+00;3.4467E+01
6.1150E+00;3.4458E+01
6.1160E+00;3.4450E+01
6.1170E+00;3.4441E+01
6.1180E+00;3.4432E+01
6.1190E+00;3.4423E+01
6.1200E+00;3.4414E+01
6.1210E+00;3.4405E+01
6.1220E+00;3.4396E+01
6.1230E+00;3.4387E+01
6.1240E+00;3.4378E+01
6.1250E+00;3.4369E+01
6.1260E+00;3.4360E+01
6.1270E+00;3.4351E+01
6.1280E+00;3.4342E+01
6.1290E+00;3.4333E+01
6.1300E+00;3.4324E+01
6.1310E+00;3.4315E+01
6.1320E+00;3.4306E+01
6.1330E+00;3.4297E+01
6.1340E+00;3.4288E+01
6.1350E+00;3.4279E+01
6.1360E+00;3.4270E+01
6.1370E+00;3.4261E+01
6.1380E+00;3.4252E+01
6.1390E+00;3.4243E+01
6.1400E+00;3.4234E+01
6.1410E+00;3.4225E+01
6.1420E+00;3.4216E+01
6.1430E+00;3.4207E+01
6.1440E+00;3.4198E+01
6.1450E+00;3.4189E+01
6.1460E+00;3.4180E+01
6.1470E+00;3.4171E+01
6.1480E+00;3.4162E+01
6.1490E+00;3.4153E+01
6.1500E+00;3.4144E+01
6.1510E+00;3.4135E+01
6.1520E+00;3.4127E+01
6.1530E+00;3.4118E+01
6.1540E+00;3.4109E+01
6.1550E+00;3.4100E+01
6.1560E+00;3.4091E+01
6.1570E+00;3.4082E+01
6.1580E+00;3.4073E+01
6.1590E+00;3.4064E+01
6.1600E+00;3.4055E+01
6.1610E+00;3.4046E+01
6.1620E+00;3.4037E+01
6.1630E+00;3.4028E+01
6.1640E+00;3.4019E+01
6.1650E+00;3.4010E+01
6.1660E+00;3.4001E+01
6.1670E+00;3.3992E+01
6.1680E+00;3.3983E+01
6.1690E+00;3.3974E+01
6.1700E+00;3.3965E+01
6.1710E+00;3.3956E+01
6.1720E+00;3.3947E+01
6.1730E+00;3.3938E+01
6.1740E+00;3.3929E+01
6.1750E+00;3.3920E+01
6.1760E+00;3.3911E+01
6.1770E+00;3.3902E+01
6.1780E+00;3.3893E+01
6.1790E+00;3.3884E+01
6.1800E+00;3.3875E+01
6.1810E+00;3.3866E+01
6.1820E+00;3.3857E+01
6.1830E+00;3.3849E+01
6.1840E+00;3.3840E+01
6.1850E+00;3.3831E+01
6.1860E+00;3.3822E+01
6.1870E+00;3.3813E+01
6.1880E+00;3.3804E+01
6.1890E+00;3.3795E+01
6.1900E+00;3.3786E+01
6.1910E+00;3.3777E+01
6.1920E+00;3.3768E+01
6.1930E+00;3.3759E+01
6.1940E+00;3.3750E+01
6.1950E+00;3.3741E+01
6.1960E+00;3.3732E+01
6.1970E+00;3.3723E+01
6.1980E+00;3.3714E+01
6.1990E+00;3.3705E+01
6.2000E+00;3.3696E+01
6.2010E+00;3.3687E+01
6.2020E+00;3.3678E+01
6.2030E+00;3.3669E+01
6.2040E+00;3.3660E+01
6.2050E+00;3.3651E+01
6.2060E+00;3.3642E+01
6.2070E+00;3.3633E+01
6.2080E+00;3.3624E+01
6.2090E+00;3.3615E+01
6.2100E+00;3.3607E+01
6.2110E+00;3.3598E+01
6.2120E+00;3.3589E+01
6.2130E+00;3.3580E+01
6.2140E+00;3.3571E+01
6.2150E+00;3.3562E+01
6.2160E+00;3.3553E+01
6.2170E+00;3.3544E+01
6.2180E+00;3.3535E+01
6.2190E+00;3.3526E+01
6.2200E+00;3.3517E+01
6.2210E+00;3.3508E+01
6.2220E+00;3.3499E+01
6.2230E+00;3.3490E+01
6.2240E+00;3.3481E+01
6.2250E+00;3.3472E+01
6.2260E+00;3.3463E+01
6.2270E+00;3.3454E+01
6.2280E+00;3.3445E+01
6.2290E+00;3.3436E+01
6.2300E+00;3.3427E+01
6.2310E+00;3.3418E+01
6.2320E+00;3.3409E+01
6.2330E+00;3.3400E+01
6.2340E+00;3.3391E+01
6.2350E+00;3.3383E+01
6.2360E+00;3.3374E+01
6.2370E+00;3.3365E+01
6.2380E+00;3.3356E+01
6.2390E+00;3.3347E+01
6.2400E+00;3.3338E+01
6.2410E+00;3.3329E+01
6.2420E+00;3.3320E+01
6.2430E+00;3.3311E+01
6.2440E+00;3.3302E+01
6.2450E+00;3.3293E+01
6.2460E+00;3.3284E+01
6.2470E+00;3.3275E+01
6.2480E+00;3.3266E+01
6.2490E+00;3.3257E+01
6.2500E+00;3.3248E+01
6.2510E+00;3.3239E+01
6.2520E+00;3.3230E+01
6.2530E+00;3.3221E+01
6.2540E+00;3.3212E+01
6.2550E+00;3.3203E+01
6.2560E+00;3.3194E+01
6.2570E+00;3.3186E+01
6.2580E+00;3.3177E+01
6.2590E+00;3.3168E+01
6.2600E+00;3.3159E+01
6.2610E+00;3.3150E+01
6.2620E+00;3.3141E+01
6.2630E+00;3.3132E+01
6.2640E+00;3.3123E+01
6.2650E+00;3.3114E+01
6.2660E+00;3.3105E+01
6.2670E+00;3.3096E+01
6.2680E+00;3.3087E+01
6.2690E+00;3.3078E+01
6.2700E+00;3.3069E+01
6.2710E+00;3.3060E+01
6.2720E+00;3.3051E+01
6.2730E+00;3.3042E+01
6.2740E+00;3.3033E+01
6.2750E+00;3.3024E+01
6.2760E+00;3.3015E+01
6.2770E+00;3.3007E+01
6.2780E+00;3.2998E+01
6.2790E+00;3.2989E+01
6.2800E+00;3.2980E+01
6.2810E+00;3.2971E+01
6.2820E+00;3.2962E+01
6.2830E+00;3.2953E+01
6.2840E+00;3.2944E+01
6.2850E+00;3.2935E+01
6.2860E+00;3.2926E+01
6.2870E+00;3.2917E+01
6.2880E+00;3.2908E+01
6.2890E+00;3.2899E+01
6.2900E+00;3.2890E+01
6.2910E+00;3.2881E+01
6.2920E+00;3.2872E+01
6.2930E+00;3.2863E+01
6.2940E+00;3.2854E+01
6.2950E+00;3.2845E+01
6.2960E+00;3.2836E+01
6.2970E+00;3.2828E+01
6.2980E+00;3.2819E+01
6.2990E+00;3.2810E+01
6.3000E+00;3.2801E+01
6.3010E+00;3.2792E+01
6.3020E+00;3.2783E+01
6.3030E+00;3.2774E+01
6.3040E+00;3.2765E+01
6.3050E+00;3.2756E+01
6.3060E+00;3.2747E+01
6.3070E+00;3.2738E+01
6.3080E+00;3.2729E+01
6.3090E+00;3.2720E+01
6.3100E+00;3.2711E+01
6.3110E+00;3.2702E+01
6.3120E+00;3.2693E+01
6.3130E+00;3.2684E+01
6.3140E+00;3.2675E+01
6.3150E+00;3.2667E+01
6.3160E+00;3.2658E+01
6.3170E+00;3.2649E+01
6.3180E+00;3.2640E+01
6.3190E+00;3.2631E+01
6.3200E+00;3.2622E+01
6.3210E+00;3.2613E+01
6.3220E+00;3.2604E+01
6.3230E+00;3.2595E+01
6.3240E+00;3.2586E+01
6.3250E+00;3.2577E+01
6.3260E+00;3.2568E+01
6.3270E+00;3.2559E+01
6.3280E+00;3.2550E+01
6.3290E+00;3.2541E+01
6.3300E+00;3.2532E+01
6.3310E+00;3.2523E+01
6.3320E+00;3.2515E+01
6.3330E+00;3.2506E+01
6.3340E+00;3.2497E+01
6.3350E+00;3.2488E+01
6.3360E+00;3.2479E+01
6.3370E+00;3.2470E+01
6.3380E+00;3.2461E+01
6.3390E+00;3.2452E+01
6.3400E+00;3.2443E+01
6.3410E+00;3.2434E+01
6.3420E+00;3.2425E+01
6.3430E+00;3.2416E+01
6.3440E+00;3.2407E+01
6.3450E+00;3.2398E+01
6.3460E+00;3.2389E+01
6.3470E+00;3.2380E+01
6.3480E+00;3.2371E+01
6.3490E+00;3.2362E+01
6.3500E+00;3.2353E+01
6.3510E+00;3.2344E+01
6.3520E+00;3.2335E+01
6.3530E+00;3.2326E+01
6.3540E+00;3.2317E+01
6.3550E+00;3.2307E+01
6.3560E+00;3.2298E+01
6.3570E+00;3.2289E+01
6.3580E+00;3.2280E+01
6.3590E+00;3.2271E+01
6.3600E+00;3.2262E+01
6.3610E+00;3.2253E+01
6.3620E+00;3.2244E+01
6.3630E+00;3.2235E+01
6.3640E+00;3.2226E+01
6.3650E+00;3.2217E+01
6.3660E+00;3.2208E+01
6.3670E+00;3.2199E+01
6.3680E+00;3.2190E+01
6.3690E+00;3.2181E+01
6.3700E+00;3.2172E+01
6.3710E+00;3.2163E+01
6.3720E+00;3.2154E+01
6.3730E+00;3.2145E+01
6.3740E+00;3.2136E+01
6.3750E+00;3.2127E+01
6.3760E+00;3.2118E+01
6.3770E+00;3.2109E+01
6.3780E+00;3.2100E+01
6.3790E+00;3.2091E+01
6.3800E+00;3.2082E+01
6.3810E+00;3.2073E+01
6.3820E+00;3.2064E+01
6.3830E+00;3.2055E+01
6.3840E+00;3.2046E+01
6.3850E+00;3.2037E+01
6.3860E+00;3.2028E+01
6.3870E+00;3.2019E+01
6.3880E+00;3.2010E+01
6.3890E+00;3.2001E+01
6.3900E+00;3.1992E+01
6.3910E+00;3.1983E+01
6.3920E+00;3.1974E+01
6.3930E+00;3.1965E+01
6.3940E+00;3.1956E+01
6.3950E+00;3.1947E+01
6.3960E+00;3.1938E+01
6.3970E+00;3.1929E+01
6.3980E+00;3.1920E+01
6.3990E+00;3.1911E+01
6.4000E+00;3.1902E+01
6.4010E+00;3.1893E+01
6.4020E+00;3.1884E+01
6.4030E+00;3.1875E+01
6.4040E+00;3.1866E+01
6.4050E+00;3.1857E+01
6.4060E+00;3.1848E+01
6.4070E+00;3.1839E+01
6.4080E+00;3.1830E+01
6.4090E+00;3.1821E+01
6.4100E+00;3.1812E+01
6.4110E+00;3.1803E+01
6.4120E+00;3.1794E+01
6.4130E+00;3.1785E+01
6.4140E+00;3.1776E+01
6.4150E+00;3.1767E+01
6.4160E+00;3.1758E+01
6.4170E+00;3.1749E+01
6.4180E+00;3.1739E+01
6.4190E+00;3.1730E+01
6.4200E+00;3.1721E+01
6.4210E+00;3.1712E+01
6.4220E+00;3.1703E+01
6.4230E+00;3.1694E+01
6.4240E+00;3.1685E+01
6.4250E+00;3.1676E+01
6.4260E+00;3.1667E+01
6.4270E+00;3.1658E+01
6.4280E+00;3.1649E+01
6.4290E+00;3.1640E+01
6.4300E+00;3.1631E+01
6.4310E+00;3.1622E+01
6.4320E+00;3.1613E+01
6.4330E+00;3.1604E+01
6.4340E+00;3.1595E+01
6.4350E+00;3.1586E+01
6.4360E+00;3.1577E+01
6.4370E+00;3.1568E+01
6.4380E+00;3.1559E+01
6.4390E+00;3.1550E+01
6.4400E+00;3.1541E+01
6.4410E+00;3.1532E+01
6.4420E+00;3.1523E+01
6.4430E+00;3.1514E+01
6.4440E+00;3.1505E+01
6.4450E+00;3.1496E+01
6.4460E+00;3.1487E+01
6.4470E+00;3.1478E+01
6.4480E+00;3.1469E+01
6.4490E+00;3.1460E+01
6.4500E+00;3.1451E+01
6.4510E+00;3.1442E+01
6.4520E+00;3.1433E+01
6.4530E+00;3.1424E+01
6.4540E+00;3.1415E+01
6.4550E+00;3.1406E+01
6.4560E+00;3.1397E+01
6.4570E+00;3.1388E+01
6.4580E+00;3.1379E+01
6.4590E+00;3.1370E+01
6.4600E+00;3.1361E+01
6.4610E+00;3.1352E+01
6.4620E+00;3.1343E+01
6.4630E+00;3.1334E+01
6.4640E+00;3.1325E+01
6.4650E+00;3.1316E+01
6.4660E+00;3.1307E+01
6.4670E+00;3.1298E+01
6.4680E+00;3.1289E+01
6.4690E+00;3.1280E+01
6.4700E+00;3.1271E+01
6.4710E+00;3.1262E+01
6.4720E+00;3.1253E+01
6.4730E+00;3.1244E+01
6.4740E+00;3.1235E+01
6.4750E+00;3.1226E+01
6.4760E+00;3.1217E+01
6.4770E+00;3.1208E+01
6.4780E+00;3.1199E+01
6.4790E+00;3.1190E+01
6.4800E+00;3.1181E+01
6.4810E+00;3.1172E+01
6.4820E+00;3.1162E+01
6.4830E+00;3.1153E+01
6.4840E+00;3.1144E+01
6.4850E+00;3.1135E+01
6.4860E+00;3.1126E+01
6.4870E+00;3.1117E+01
6.4880E+00;3.1108E+01
6.4890E+00;3.1099E+01
6.4900E+00;3.1090E+01
6.4910E+00;3.1081E+01
6.4920E+00;3.1072E+01
6.4930E+00;3.1063E+01
6.4940E+00;3.1054E+01
6.4950E+00;3.1045E+01
6.4960E+00;3.1036E+01
6.4970E+00;3.1027E+01
6.4980E+00;3.1018E+01
6.4990E+00;3.1009E+01
6.5000E+00;3.1000E+01
6.5010E+00;3.0991E+01
6.5020E+00;3.0982E+01
6.5030E+00;3.0973E+01
6.5040E+00;3.0964E+01
6.5050E+00;3.0955E+01
6.5060E+00;3.0946E+01
6.5070E+00;3.0937E+01
6.5080E+00;3.0928E+01
6.5090E+00;3.0919E+01
6.5100E+00;3.0910E+01
6.5110E+00;3.0901E+01
6.5120E+00;3.0892E+01
6.5130E+00;3.0883E+01
6.5140E+00;3.0874E+01
6.5150E+00;3.0865E+01
6.5160E+00;3.0856E+01
6.5170E+00;3.0847E+01
6.5180E+00;3.0838E+01
6.5190E+00;3.0829E+01
6.5200E+00;3.0820E+01
6.5210E+00;3.0811E+01
6.5220E+00;3.0802E+01
6.5230E+00;3.0793E+01
6.5240E+00;3.0784E+01
6.5250E+00;3.0775E+01
6.5260E+00;3.0766E+01
6.5270E+00;3.0757E+01
6.5280E+00;3.0748E+01
6.5290E+00;3.0739E+01
6.5300E+00;3.0730E+01
6.5310E+00;3.0721E+01
6.5320E+00;3.0712E+01
6.5330E+00;3.0703E+01
6.5340E+00;3.0694E+01
6.5350E+00;3.0685E+01
6.5360E+00;3.0676E+01
6.5370E+00;3.0667E+01
6.5380E+00;3.0658E+01
6.5390E+00;3.0649E+01
6.5400E+00;3.0640E+01
6.5410E+00;3.0631E+01
6.5420E+00;3.0622E+01
6.5430E+00;3.0613E+01
6.5440E+00;3.0604E+01
6.5450E+00;3.0594E+01
6.5460E+00;3.0585E+01
6.5470E+00;3.0576E+01
6.5480E+00;3.0567E+01
6.5490E+00;3.0558E+01
6.5500E+00;3.0549E+01
6.5510E+00;3.0540E+01
6.5520E+00;3.0531E+01
6.5530E+00;3.0522E+01
6.5540E+00;3.0513E+01
6.5550E+00;3.0504E+01
6.5560E+00;3.0495E+01
6.5570E+00;3.0486E+01
6.5580E+00;3.0477E+01
6.5590E+00;3.0468E+01
6.5600E+00;3.0459E+01
6.5610E+00;3.0450E+01
6.5620E+00;3.0441E+01
6.5630E+00;3.0432E+01
6.5640E+00;3.0423E+01
6.5650E+00;3.0414E+01
6.5660E+00;3.0405E+01
6.5670E+00;3.0396E+01
6.5680E+00;3.0387E+01
6.5690E+00;3.0378E+01
6.5700E+00;3.0369E+01
6.5710E+00;3.0360E+01
6.5720E+00;3.0351E+01
6.5730E+00;3.0342E+01
6.5740E+00;3.0333E+01
6.5750E+00;3.0324E+01
6.5760E+00;3.0315E+01
6.5770E+00;3.0306E+01
6.5780E+00;3.0297E+01
6.5790E+00;3.0288E+01
6.5800E+00;3.0279E+01
6.5810E+00;3.0270E+01
6.5820E+00;3.0261E+01
6.5830E+00;3.0252E+01
6.5840E+00;3.0243E+01
6.5850E+00;3.0234E+01
6.5860E+00;3.0225E+01
6.5870E+00;3.0216E+01
6.5880E+00;3.0207E+01
6.5890E+00;3.0198E+01
6.5900E+00;3.0189E+01
6.5910E+00;3.0180E+01
6.5920E+00;3.0171E+01
6.5930E+00;3.0162E+01
6.5940E+00;3.0153E+01
6.5950E+00;3.0144E+01
6.5960E+00;3.0135E+01
6.5970E+00;3.0126E+01
6.5980E+00;3.0117E+01
6.5990E+00;3.0108E+01
6.6000E+00;3.0099E+01
6.6010E+00;3.0090E+01
6.6020E+00;3.0081E+01
6.6030E+00;3.0072E+01
6.6040E+00;3.0063E+01
6.6050E+00;3.0054E+01
6.6060E+00;3.0045E+01
6.6070E+00;3.0036E+01
6.6080E+00;3.0027E+01
6.6090E+00;3.0017E+01
6.6100E+00;3.0008E+01
6.6110E+00;2.9999E+01
6.6120E+00;2.9990E+01
6.6130E+00;2.9981E+01
6.6140E+00;2.9972E+01
6.6150E+00;2.9963E+01
6.6160E+00;2.9954E+01
6.6170E+00;2.9945E+01
6.6180E+00;2.9936E+01
6.6190E+00;2.9927E+01
6.6200E+00;2.9918E+01
6.6210E+00;2.9909E+01
6.6220E+00;2.9900E+01
6.6230E+00;2.9891E+01
6.6240E+00;2.9882E+01
6.6250E+00;2.9873E+01
6.6260E+00;2.9864E+01
6.6270E+00;2.9855E+01
6.6280E+00;2.9846E+01
6.6290E+00;2.9837E+01
6.6300E+00;2.9828E+01
6.6310E+00;2.9819E+01
6.6320E+00;2.9810E+01
6.6330E+00;2.9801E+01
6.6340E+00;2.9792E+01
6.6350E+00;2.9783E+01
6.6360E+00;2.9774E+01
6.6370E+00;2.9765E+01
6.6380E+00;2.9756E+01
6.6390E+00;2.9747E+01
6.6400E+00;2.9738E+01
6.6410E+00;2.9729E+01
6.6420E+00;2.9720E+01
6.6430E+00;2.9711E+01
6.6440E+00;2.9702E+01
6.6450E+00;2.9693E+01
6.6460E+00;2.9684E+01
6.6470E+00;2.9675E+01
6.6480E+00;2.9666E+01
6.6490E+00;2.9657E+01
6.6500E+00;2.9648E+01
6.6510E+00;2.9639E+01
6.6520E+00;2.9630E+01
6.6530E+00;2.9621E+01
6.6540E+00;2.9612E+01
6.6550E+00;2.9603E+01
6.6560E+00;2.9594E+01
6.6570E+00;2.9585E+01
6.6580E+00;2.9576E+01
6.6590E+00;2.9567E+01
6.6600E+00;2.9558E+01
6.6610E+00;2.9549E+01
6.6620E+00;2.9540E+01
6.6630E+00;2.9531E+01
6.6640E+00;2.9522E+01
6.6650E+00;2.9513E+01
6.6660E+00;2.9504E+01
6.6670E+00;2.9495E+01
6.6680E+00;2.9486E+01
6.6690E+00;2.9477E+01
6.6700E+00;2.9468E+01
6.6710E+00;2.9459E+01
6.6720E+00;2.9450E+01
6.6730E+00;2.9440E+01
6.6740E+00;2.9431E+01
6.6750E+00;2.9422E+01
6.6760E+00;2.9413E+01
6.6770E+00;2.9404E+01
6.6780E+00;2.9395E+01
6.6790E+00;2.9386E+01
6.6800E+00;2.9377E+01
6.6810E+00;2.9368E+01
6.6820E+00;2.9359E+01
6.6830E+00;2.9350E+01
6.6840E+00;2.9341E+01
6.6850E+00;2.9332E+01
6.6860E+00;2.9323E+01
6.6870E+00;2.9314E+01
6.6880E+00;2.9305E+01
6.6890E+00;2.9296E+01
6.6900E+00;2.9287E+01
6.6910E+00;2.9278E+01
6.6920E+00;2.9269E+01
6.6930E+00;2.9260E+01
6.6940E+00;2.9251E+01
6.6950E+00;2.9242E+01
6.6960E+00;2.9233E+01
6.6970E+00;2.9224E+01
6.6980E+00;2.9215E+01
6.6990E+00;2.9206E+01
6.7000E+00;2.9197E+01
6.7010E+00;2.9188E+01
6.7020E+00;2.9179E+01
6.7030E+00;2.9170E+01
6.7040E+00;2.9161E+01
6.7050E+00;2.9152E+01
6.7060E+00;2.9143E+01
6.7070E+00;2.9134E+01
6.7080E+00;2.9125E+01
6.7090E+00;2.9116E+01
6.7100E+00;2.9107E+01
6.7110E+00;2.9098E+01
6.7120E+00;2.9089E+01
6.7130E+00;2.9080E+01
6.7140E+00;2.9071E+01
6.7150E+00;2.9062E+01
6.7160E+00;2.9053E+01
6.7170E+00;2.9044E+01
6.7180E+00;2.9035E+01
6.7190E+00;2.9026E+01
6.7200E+00;2.9017E+01
6.7210E+00;2.9008E+01
6.7220E+00;2.8999E+01
6.7230E+00;2.8990E+01
6.7240E+00;2.8981E+01
6.7250E+00;2.8972E+01
6.7260E+00;2.8963E+01
6.7270E+00;2.8954E+01
6.7280E+00;2.8945E+01
6.7290E+00;2.8936E+01
6.7300E+00;2.8927E+01
6.7310E+00;2.8918E+01
6.7320E+00;2.8909E+01
6.7330E+00;2.8900E+01
6.7340E+00;2.8891E+01
6.7350E+00;2.8882E+01
6.7360E+00;2.8873E+01
6.7370E+00;2.8863E+01
6.7380E+00;2.8854E+01
6.7390E+00;2.8845E+01
6.7400E+00;2.8836E+01
6.7410E+00;2.8827E+01
6.7420E+00;2.8818E+01
6.7430E+00;2.8809E+01
6.7440E+00;2.8800E+01
6.7450E+00;2.8791E+01
6.7460E+00;2.8782E+01
6.7470E+00;2.8773E+01
6.7480E+00;2.8764E+01
6.7490E+00;2.8755E+01
6.7500E+00;2.8746E+01
6.7510E+00;2.8737E+01
6.7520E+00;2.8728E+01
6.7530E+00;2.8719E+01
6.7540E+00;2.8710E+01
6.7550E+00;2.8701E+01
6.7560E+00;2.8692E+01
6.7570E+00;2.8683E+01
6.7580E+00;2.8674E+01
6.7590E+00;2.8665E+01
6.7600E+00;2.8656E+01
6.7610E+00;2.8647E+01
6.7620E+00;2.8638E+01
6.7630E+00;2.8629E+01
6.7640E+00;2.8620E+01
6.7650E+00;2.8611E+01
6.7660E+00;2.8602E+01
6.7670E+00;2.8593E+01
6.7680E+00;2.8584E+01
6.7690E+00;2.8575E+01
6.7700E+00;2.8566E+01
6.7710E+00;2.8557E+01
6.7720E+00;2.8548E+01
6.7730E+00;2.8539E+01
6.7740E+00;2.8530E+01
6.7750E+00;2.8521E+01
6.7760E+00;2.8512E+01
6.7770E+00;2.8503E+01
6.7780E+00;2.8494E+01
6.7790E+00;2.8485E+01
6.7800E+00;2.8476E+01
6.7810E+00;2.8467E+01
6.7820E+00;2.8458E+01
6.7830E+00;2.8449E+01
6.7840E+00;2.8440E+01
6.7850E+00;2.8431E+01
6.7860E+00;2.8422E+01
6.7870E+00;2.8413E+01
6.7880E+00;2.8404E+01
6.7890E+00;2.8395E+01
6.7900E+00;2.8386E+01
6.7910E+00;2.8377E+01
6.7920E+00;2.8368E+01
6.7930E+00;2.8359E+01
6.7940E+00;2.8350E+01
6.7950E+00;2.8341E+01
6.7960E+00;2.8332E+01
6.7970E+00;2.8323E+01
6.7980E+00;2.8314E+01
6.7990E+00;2.8305E+01
6.8000E+00;2.8296E+01
6.8010E+00;2.8286E+01
6.8020E+00;2.8277E+01
6.8030E+00;2.8268E+01
6.8040E+00;2.8259E+01
6.8050E+00;2.8250E+01
6.8060E+00;2.8241E+01
6.8070E+00;2.8232E+01
6.8080E+00;2.8223E+01
6.8090E+00;2.8214E+01
6.8100E+00;2.8205E+01
6.8110E+00;2.8196E+01
6.8120E+00;2.8187E+01
6.8130E+00;2.8178E+01
6.8140E+00;2.8169E+01
6.8150E+00;2.8160E+01
6.8160E+00;2.8151E+01
6.8170E+00;2.8142E+01
6.8180E+00;2.8133E+01
6.8190E+00;2.8124E+01
6.8200E+00;2.8115E+01
6.8210E+00;2.8106E+01
6.8220E+00;2.8097E+01
6.8230E+00;2.8088E+01
6.8240E+00;2.8079E+01
6.8250E+00;2.8070E+01
6.8260E+00;2.8061E+01
6.8270E+00;2.8052E+01
6.8280E+00;2.8043E+01
6.8290E+00;2.8034E+01
6.8300E+00;2.8025E+01
6.8310E+00;2.8016E+01
6.8320E+00;2.8007E+01
6.8330E+00;2.7998E+01
6.8340E+00;2.7989E+01
6.8350E+00;2.7980E+01
6.8360E+00;2.7971E+01
6.8370E+00;2.7962E+01
6.8380E+00;2.7953E+01
6.8390E+00;2.7944E+01
6.8400E+00;2.7935E+01
6.8410E+00;2.7926E+01
6.8420E+00;2.7917E+01
6.8430E+00;2.7908E+01
6.8440E+00;2.7899E+01
6.8450E+00;2.7890E+01
6.8460E+00;2.7881E+01
6.8470E+00;2.7872E+01
6.8480E+00;2.7863E+01
6.8490E+00;2.7854E+01
6.8500E+00;2.7845E+01
6.8510E+00;2.7836E+01
6.8520E+00;2.7827E+01
6.8530E+00;2.7818E+01
6.8540E+00;2.7809E+01
6.8550E+00;2.7800E+01
6.8560E+00;2.7791E+01
6.8570E+00;2.7782E+01
6.8580E+00;2.7773E+01
6.8590E+00;2.7764E+01
6.8600E+00;2.7755E+01
6.8610E+00;2.7746E+01
6.8620E+00;2.7737E+01
6.8630E+00;2.7728E+01
6.8640E+00;2.7719E+01
6.8650E+00;2.7710E+01
6.8660E+00;2.7700E+01
6.8670E+00;2.7691E+01
6.8680E+00;2.7682E+01
6.8690E+00;2.7673E+01
6.8700E+00;2.7664E+01
6.8710E+00;2.7655E+01
6.8720E+00;2.7646E+01
6.8730E+00;2.7637E+01
6.8740E+00;2.7628E+01
6.8750E+00;2.7619E+01
6.8760E+00;2.7610E+01
6.8770E+00;2.7601E+01
6.8780E+00;2.7592E+01
6.8790E+00;2.7583E+01
6.8800E+00;2.7574E+01
6.8810E+00;2.7565E+01
6.8820E+00;2.7556E+01
6.8830E+00;2.7547E+01
6.8840E+00;2.7538E+01
6.8850E+00;2.7529E+01
6.8860E+00;2.7520E+01
6.8870E+00;2.7511E+01
6.8880E+00;2.7502E+01
6.8890E+00;2.7493E+01
6.8900E+00;2.7484E+01
6.8910E+00;2.7475E+01
6.8920E+00;2.7466E+01
6.8930E+00;2.7457E+01
6.8940E+00;2.7448E+01
6.8950E+00;2.7439E+01
6.8960E+00;2.7430E+01
6.8970E+00;2.7421E+01
6.8980E+00;2.7412E+01
6.8990E+00;2.7403E+01
6.9000E+00;2.7394E+01
6.9010E+00;2.7385E+01
6.9020E+00;2.7376E+01
6.9030E+00;2.7367E+01
6.9040E+00;2.7358E+01
6.9050E+00;2.7349E+01
6.9060E+00;2.7340E+01
6.9070E+00;2.7331E+01
6.9080E+00;2.7322E+01
6.9090E+00;2.7313E+01
6.9100E+00;2.7304E+01
6.9110E+00;2.7295E+01
6.9120E+00;2.7286E+01
6.9130E+00;2.7277E+01
6.9140E+00;2.7268E+01
6.9150E+00;2.7259E+01
6.9160E+00;2.7250E+01
6.9170E+00;2.7241E+01
6.9180E+00;2.7232E+01
6.9190E+00;2.7223E+01
6.9200E+00;2.7214E+01
6.9210E+00;2.7205E+01
6.9220E+00;2.7196E+01
6.9230E+00;2.7187E+01
6.9240E+00;2.7178E+01
6.9250E+00;2.7169E+01
6.9260E+00;2.7160E+01
6.9270E+00;2.7151E+01
6.9280E+00;2.7142E+01
6.9290E+00;2.7133E+01
6.9300E+00;2.7123E+01
6.9310E+00;2.7114E+01
6.9320E+00;2.7105E+01
6.9330E+00;2.7096E+01
6.9340E+00;2.7087E+01
6.9350E+00;2.7078E+01
6.9360E+00;2.7069E+01
6.9370E+00;2.7060E+01
6.9380E+00;2.7051E+01
6.9390E+00;2.7042E+01
6.9400E+00;2.7033E+01
6.9410E+00;2.7024E+01
6.9420E+00;2.7015E+01
6.9430E+00;2.7006E+01
6.9440E+00;2.6997E+01
6.9450E+00;2.6988E+01
6.9460E+00;2.6979E+01
6.9470E+00;2.6970E+01
6.9480E+00;2.6961E+01
6.9490E+00;2.6952E+01
6.9500E+00;2.6943E+01
6.9510E+00;2.6934E+01
6.9520E+00;2.6925E+01
6.9530E+00;2.6916E+01
6.9540E+00;2.6907E+01
6.9550E+00;2.6898E+01
6.9560E+00;2.6889E+01
6.9570E+00;2.6880E+01
6.9580E+00;2.6871E+01
6.9590E+00;2.6862E+01
6.9600E+00;2.6853E+01
6.9610E+00;2.6844E+01
6.9620E+00;2.6835E+01
6.9630E+00;2.6826E+01
6.9640E+00;2.6817E+01
6.9650E+00;2.6808E+01
6.9660E+00;2.6799E+01
6.9670E+00;2.6790E+01
6.9680E+00;2.6781E+01
6.9690E+00;2.6772E+01
6.9700E+00;2.6763E+01
6.9710E+00;2.6754E+01
6.9720E+00;2.6745E+01
6.9730E+00;2.6736E+01
6.9740E+00;2.6727E+01
6.9750E+00;2.6718E+01
6.9760E+00;2.6709E+01
6.9770E+00;2.6700E+01
6.9780E+00;2.6691E+01
6.9790E+00;2.6682E+01
6.9800E+00;2.6673E+01
6.9810E+00;2.6664E+01
6.9820E+00;2.6655E+01
6.9830E+00;2.6646E+01
6.9840E+00;2.6637E+01
6.9850E+00;2.6628E+01
6.9860E+00;2.6619E+01
6.9870E+00;2.6610E+01
6.9880E+00;2.6601E+01
6.9890E+00;2.6592E+01
6.9900E+00;2.6583E+01
6.9910E+00;2.6574E+01
6.9920E+00;2.6565E+01
6.9930E+00;2.6556E+01
6.9940E+00;2.6547E+01
6.9950E+00;2.6537E+01
6.9960E+00;2.6528E+01
6.9970E+00;2.6519E+01
6.9980E+00;2.6510E+01
6.9990E+00;2.6501E+01
7.0000E+00;2.6492E+01
7.0010E+00;2.6483E+01
7.0020E+00;2.6474E+01
7.0030E+00;2.6465E+01
7.0040E+00;2.6456E+01
7.0050E+00;2.6447E+01
7.0060E+00;2.6438E+01
7.0070E+00;2.6429E+01
7.0080E+00;2.6420E+01
7.0090E+00;2.6411E+01
7.0100E+00;2.6402E+01
7.0110E+00;2.6393E+01
7.0120E+00;2.6384E+01
7.0130E+00;2.6375E+01
7.0140E+00;2.6366E+01
7.0150E+00;2.6357E+01
7.0160E+00;2.6348E+01
7.0170E+00;2.6339E+01
7.0180E+00;2.6330E+01
7.0190E+00;2.6321E+01
7.0200E+00;2.6312E+01
7.0210E+00;2.6303E+01
7.0220E+00;2.6294E+01
7.0230E+00;2.6285E+01
7.0240E+00;2.6276E+01
7.0250E+00;2.6267E+01
7.0260E+00;2.6258E+01
7.0270E+00;2.6249E+01
7.0280E+00;2.6240E+01
7.0290E+00;2.6231E+01
7.0300E+00;2.6222E+01
7.0310E+00;2.6213E+01
7.0320E+00;2.6204E+01
7.0330E+00;2.6195E+01
7.0340E+00;2.6186E+01
7.0350E+00;2.6177E+01
7.0360E+00;2.6168E+01
7.0370E+00;2.6159E+01
7.0380E+00;2.6150E+01
7.0390E+00;2.6141E+01
7.0400E+00;2.6132E+01
7.0410E+00;2.6123E+01
7.0420E+00;2.6114E+01
7.0430E+00;2.6105E+01
7.0440E+00;2.6096E+01
7.0450E+00;2.6087E+01
7.0460E+00;2.6078E+01
7.0470E+00;2.6069E+01
7.0480E+00;2.6060E+01
7.0490E+00;2.6051E+01
7.0500E+00;2.6042E+01
7.0510E+00;2.6033E+01
7.0520E+00;2.6024E+01
7.0530E+00;2.6015E+01
7.0540E+00;2.6006E+01
7.0550E+00;2.5997E+01
7.0560E+00;2.5988E+01
7.0570E+00;2.5979E+01
7.0580E+00;2.5970E+01
7.0590E+00;2.5960E+01
7.0600E+00;2.5951E+01
7.0610E+00;2.5942E+01
7.0620E+00;2.5933E+01
7.0630E+00;2.5924E+01
7.0640E+00;2.5915E+01
7.0650E+00;2.5906E+01
7.0660E+00;2.5897E+01
7.0670E+00;2.5888E+01
7.0680E+00;2.5879E+01
7.0690E+00;2.5870E+01
7.0700E+00;2.5861E+01
7.0710E+00;2.5852E+01
7.0720E+00;2.5843E+01
7.0730E+00;2.5834E+01
7.0740E+00;2.5825E+01
7.0750E+00;2.5816E+01
7.0760E+00;2.5807E+01
7.0770E+00;2.5798E+01
7.0780E+00;2.5789E+01
7.0790E+00;2.5780E+01
7.0800E+00;2.5771E+01
7.0810E+00;2.5762E+01
7.0820E+00;2.5753E+01
7.0830E+00;2.5744E+01
7.0840E+00;2.5735E+01
7.0850E+00;2.5726E+01
7.0860E+00;2.5717E+01
7.0870E+00;2.5708E+01
7.0880E+00;2.5699E+01
7.0890E+00;2.5690E+01
7.0900E+00;2.5681E+01
7.0910E+00;2.5672E+01
7.0920E+00;2.5663E+01
7.0930E+00;2.5654E+01
7.0940E+00;2.5645E+01
7.0950E+00;2.5636E+01
7.0960E+00;2.5627E+01
7.0970E+00;2.5618E+01
7.0980E+00;2.5609E+01
7.0990E+00;2.5600E+01
7.1000E+00;2.5591E+01
7.1010E+00;2.5582E+01
7.1020E+00;2.5573E+01
7.1030E+00;2.5564E+01
7.1040E+00;2.5555E+01
7.1050E+00;2.5546E+01
7.1060E+00;2.5537E+01
7.1070E+00;2.5528E+01
7.1080E+00;2.5519E+01
7.1090E+00;2.5510E+01
7.1100E+00;2.5501E+01
7.1110E+00;2.5492E+01
7.1120E+00;2.5483E+01
7.1130E+00;2.5474E+01
7.1140E+00;2.5465E+01
7.1150E+00;2.5456E+01
7.1160E+00;2.5447E+01
7.1170E+00;2.5438E+01
7.1180E+00;2.5429E+01
7.1190E+00;2.5420E+01
7.1200E+00;2.5411E+01
7.1210E+00;2.5402E+01
7.1220E+00;2.5393E+01
7.1230E+00;2.5384E+01
7.1240E+00;2.5374E+01
7.1250E+00;2.5365E+01
7.1260E+00;2.5356E+01
7.1270E+00;2.5347E+01
7.1280E+00;2.5338E+01
7.1290E+00;2.5329E+01
7.1300E+00;2.5320E+01
7.1310E+00;2.5311E+01
7.1320E+00;2.5302E+01
7.1330E+00;2.5293E+01
7.1340E+00;2.5284E+01
7.1350E+00;2.5275E+01
7.1360E+00;2.5266E+01
7.1370E+00;2.5257E+01
7.1380E+00;2.5248E+01
7.1390E+00;2.5239E+01
7.1400E+00;2.5230E+01
7.1410E+00;2.5221E+01
7.1420E+00;2.5212E+01
7.1430E+00;2.5203E+01
7.1440E+00;2.5194E+01
7.1450E+00;2.5185E+01
7.1460E+00;2.5176E+01
7.1470E+00;2.5167E+01
7.1480E+00;2.5158E+01
7.1490E+00;2.5149E+01
7.1500E+00;2.5140E+01
7.1510E+00;2.5131E+01
7.1520E+00;2.5122E+01
7.1530E+00;2.5113E+01
7.1540E+00;2.5104E+01
7.1550E+00;2.5095E+01
7.1560E+00;2.5086E+01
7.1570E+00;2.5077E+01
7.1580E+00;2.5068E+01
7.1590E+00;2.5059E+01
7.1600E+00;2.5050E+01
7.1610E+00;2.5041E+01
7.1620E+00;2.5032E+01
7.1630E+00;2.5023E+01
7.1640E+00;2.5014E+01
7.1650E+00;2.5005E+01
7.1660E+00;2.4996E+01
7.1670E+00;2.4987E+01
7.1680E+00;2.4978E+01
7.1690E+00;2.4969E+01
7.1700E+00;2.4960E+01
7.1710E+00;2.4951E+01
7.1720E+00;2.4942E+01
7.1730E+00;2.4933E+01
7.1740E+00;2.4924E+01
7.1750E+00;2.4915E+01
7.1760E+00;2.4906E+01
7.1770E+00;2.4897E+01
7.1780E+00;2.4888E+01
7.1790E+00;2.4879E+01
7.1800E+00;2.4870E+01
7.1810E+00;2.4861E+01
7.1820E+00;2.4852E+01
7.1830E+00;2.4843E+01
7.1840E+00;2.4834E+01
7.1850E+00;2.4825E+01
7.1860E+00;2.4816E+01
7.1870E+00;2.4807E+01
7.1880E+00;2.4798E+01
7.1890E+00;2.4789E+01
7.1900E+00;2.4779E+01
7.1910E+00;2.4770E+01
7.1920E+00;2.4761E+01
7.1930E+00;2.4752E+01
7.1940E+00;2.4743E+01
7.1950E+00;2.4734E+01
7.1960E+00;2.4725E+01
7.1970E+00;2.4716E+01
7.1980E+00;2.4707E+01
7.1990E+00;2.4698E+01
7.2000E+00;2.4689E+01
7.2010E+00;2.4680E+01
7.2020E+00;2.4671E+01
7.2030E+00;2.4662E+01
7.2040E+00;2.4653E+01
7.2050E+00;2.4644E+01
7.2060E+00;2.4635E+01
7.2070E+00;2.4626E+01
7.2080E+00;2.4617E+01
7.2090E+00;2.4608E+01
7.2100E+00;2.4600E+01
7.2110E+00;2.4593E+01
7.2120E+00;2.4585E+01
7.2130E+00;2.4577E+01
7.2140E+00;2.4569E+01
7.2150E+00;2.4562E+01
7.2160E+00;2.4554E+01
7.2170E+00;2.4546E+01
7.2180E+00;2.4539E+01
7.2190E+00;2.4531E+01
7.2200E+00;2.4523E+01
7.2210E+00;2.4515E+01
7.2220E+00;2.4508E+01
7.2230E+00;2.4500E+01
7.2240E+00;2.4492E+01
7.2250E+00;2.4484E+01
7.2260E+00;2.4477E+01
7.2270E+00;2.4469E+01
7.2280E+00;2.4461E+01
7.2290E+00;2.4454E+01
7.2300E+00;2.4446E+01
7.2310E+00;2.4438E+01
7.2320E+00;2.4430E+01
7.2330E+00;2.4423E+01
7.2340E+00;2.4415E+01
7.2350E+00;2.4407E+01
7.2360E+00;2.4399E+01
7.2370E+00;2.4392E+01
7.2380E+00;2.4384E+01
7.2390E+00;2.4376E+01
7.2400E+00;2.4369E+01
7.2410E+00;2.4361E+01
7.2420E+00;2.4353E+01
7.2430E+00;2.4345E+01
7.2440E+00;2.4338E+01
7.2450E+00;2.4330E+01
7.2460E+00;2.4322E+01
7.2470E+00;2.4315E+01
7.2480E+00;2.4307E+01
7.2490E+00;2.4299E+01
7.2500E+00;2.4291E+01
7.2510E+00;2.4284E+01
7.2520E+00;2.4276E+01
7.2530E+00;2.4268E+01
7.2540E+00;2.4260E+01
7.2550E+00;2.4253E+01
7.2560E+00;2.4245E+01
7.2570E+00;2.4237E+01
7.2580E+00;2.4230E+01
7.2590E+00;2.4222E+01
7.2600E+00;2.4214E+01
7.2610E+00;2.4206E+01
7.2620E+00;2.4199E+01
7.2630E+00;2.4191E+01
7.2640E+00;2.4183E+01
7.2650E+00;2.4176E+01
7.2660E+00;2.4168E+01
7.2670E+00;2.4160E+01
7.2680E+00;2.4152E+01
7.2690E+00;2.4145E+01
7.2700E+00;2.4137E+01
7.2710E+00;2.4129E+01
7.2720E+00;2.4121E+01
7.2730E+00;2.4114E+01
7.2740E+00;2.4106E+01
7.2750E+00;2.4098E+01
7.2760E+00;2.4091E+01
7.2770E+00;2.4083E+01
7.2780E+00;2.4075E+01
7.2790E+00;2.4067E+01
7.2800E+00;2.4060E+01
7.2810E+00;2.4052E+01
7.2820E+00;2.4044E+01
7.2830E+00;2.4037E+01
7.2840E+00;2.4029E+01
7.2850E+00;2.4021E+01
7.2860E+00;2.4013E+01
7.2870E+00;2.4006E+01
7.2880E+00;2.3998E+01
7.2890E+00;2.3990E+01
7.2900E+00;2.3982E+01
7.2910E+00;2.3975E+01
7.2920E+00;2.3967E+01
7.2930E+00;2.3959E+01
7.2940E+00;2.3952E+01
7.2950E+00;2.3944E+01
7.2960E+00;2.3936E+01
7.2970E+00;2.3928E+01
7.2980E+00;2.3921E+01
7.2990E+00;2.3913E+01
7.3000E+00;2.3905E+01
7.3010E+00;2.3898E+01
7.3020E+00;2.3890E+01
7.3030E+00;2.3882E+01
7.3040E+00;2.3874E+01
7.3050E+00;2.3867E+01
7.3060E+00;2.3859E+01
7.3070E+00;2.3851E+01
7.3080E+00;2.3843E+01
7.3090E+00;2.3836E+01
7.3100E+00;2.3828E+01
7.3110E+00;2.3820E+01
7.3120E+00;2.3813E+01
7.3130E+00;2.3805E+01
7.3140E+00;2.3797E+01
7.3150E+00;2.3789E+01
7.3160E+00;2.3782E+01
7.3170E+00;2.3774E+01
7.3180E+00;2.3766E+01
7.3190E+00;2.3759E+01
7.3200E+00;2.3751E+01
7.3210E+00;2.3743E+01
7.3220E+00;2.3735E+01
7.3230E+00;2.3728E+01
7.3240E+00;2.3720E+01
7.3250E+00;2.3712E+01
7.3260E+00;2.3705E+01
7.3270E+00;2.3697E+01
7.3280E+00;2.3689E+01
7.3290E+00;2.3681E+01
7.3300E+00;2.3674E+01
7.3310E+00;2.3666E+01
7.3320E+00;2.3658E+01
7.3330E+00;2.3651E+01
7.3340E+00;2.3643E+01
7.3350E+00;2.3635E+01
7.3360E+00;2.3627E+01
7.3370E+00;2.3620E+01
7.3380E+00;2.3612E+01
7.3390E+00;2.3604E+01
7.3400E+00;2.3597E+01
7.3410E+00;2.3589E+01
7.3420E+00;2.3581E+01
7.3430E+00;2.3573E+01
7.3440E+00;2.3566E+01
7.3450E+00;2.3558E+01
7.3460E+00;2.3550E+01
7.3470E+00;2.3542E+01
7.3480E+00;2.3535E+01
7.3490E+00;2.3527E+01
7.3500E+00;2.3519E+01
7.3510E+00;2.3512E+01
7.3520E+00;2.3504E+01
7.3530E+00;2.3496E+01
7.3540E+00;2.3488E+01
7.3550E+00;2.3481E+01
7.3560E+00;2.3473E+01
7.3570E+00;2.3465E+01
7.3580E+00;2.3458E+01
7.3590E+00;2.3450E+01
7.3600E+00;2.3442E+01
7.3610E+00;2.3434E+01
7.3620E+00;2.3427E+01
7.3630E+00;2.3419E+01
7.3640E+00;2.3411E+01
7.3650E+00;2.3404E+01
7.3660E+00;2.3396E+01
7.3670E+00;2.3388E+01
7.3680E+00;2.3380E+01
7.3690E+00;2.3373E+01
7.3700E+00;2.3365E+01
7.3710E+00;2.3357E+01
7.3720E+00;2.3350E+01
7.3730E+00;2.3342E+01
7.3740E+00;2.3334E+01
7.3750E+00;2.3326E+01
7.3760E+00;2.3319E+01
7.3770E+00;2.3311E+01
7.3780E+00;2.3303E+01
7.3790E+00;2.3296E+01
7.3800E+00;2.3288E+01
7.3810E+00;2.3280E+01
7.3820E+00;2.3272E+01
7.3830E+00;2.3265E+01
7.3840E+00;2.3257E+01
7.3850E+00;2.3249E+01
7.3860E+00;2.3242E+01
7.3870E+00;2.3234E+01
7.3880E+00;2.3226E+01
7.3890E+00;2.3218E+01
7.3900E+00;2.3211E+01
7.3910E+00;2.3203E+01
7.3920E+00;2.3195E+01
7.3930E+00;2.3188E+01
7.3940E+00;2.3180E+01
7.3950E+00;2.3172E+01
7.3960E+00;2.3164E+01
7.3970E+00;2.3157E+01
7.3980E+00;2.3149E+01
7.3990E+00;2.3141E+01
7.4000E+00;2.3134E+01
7.4010E+00;2.3126E+01
7.4020E+00;2.3118E+01
7.4030E+00;2.3110E+01
7.4040E+00;2.3103E+01
7.4050E+00;2.3095E+01
7.4060E+00;2.3087E+01
7.4070E+00;2.3080E+01
7.4080E+00;2.3072E+01
7.4090E+00;2.3064E+01
7.4100E+00;2.3056E+01
7.4110E+00;2.3049E+01
7.4120E+00;2.3041E+01
7.4130E+00;2.3033E+01
7.4140E+00;2.3026E+01
7.4150E+00;2.3018E+01
7.4160E+00;2.3010E+01
7.4170E+00;2.3003E+01
7.4180E+00;2.2995E+01
7.4190E+00;2.2987E+01
7.4200E+00;2.2979E+01
7.4210E+00;2.2972E+01
7.4220E+00;2.2964E+01
7.4230E+00;2.2956E+01
7.4240E+00;2.2949E+01
7.4250E+00;2.2941E+01
7.4260E+00;2.2933E+01
7.4270E+00;2.2925E+01
7.4280E+00;2.2918E+01
7.4290E+00;2.2910E+01
7.4300E+00;2.2902E+01
7.4310E+00;2.2895E+01
7.4320E+00;2.2887E+01
7.4330E+00;2.2879E+01
7.4340E+00;2.2871E+01
7.4350E+00;2.2864E+01
7.4360E+00;2.2856E+01
7.4370E+00;2.2848E+01
7.4380E+00;2.2841E+01
7.4390E+00;2.2833E+01
7.4400E+00;2.2825E+01
7.4410E+00;2.2817E+01
7.4420E+00;2.2810E+01
7.4430E+00;2.2802E+01
7.4440E+00;2.2794E+01
7.4450E+00;2.2787E+01
7.4460E+00;2.2779E+01
7.4470E+00;2.2771E+01
7.4480E+00;2.2764E+01
7.4490E+00;2.2756E+01
7.4500E+00;2.2748E+01
7.4510E+00;2.2740E+01
7.4520E+00;2.2733E+01
7.4530E+00;2.2725E+01
7.4540E+00;2.2717E+01
7.4550E+00;2.2710E+01
7.4560E+00;2.2702E+01
7.4570E+00;2.2694E+01
7.4580E+00;2.2686E+01
7.4590E+00;2.2679E+01
7.4600E+00;2.2671E+01
7.4610E+00;2.2663E+01
7.4620E+00;2.2656E+01
7.4630E+00;2.2648E+01
7.4640E+00;2.2640E+01
7.4650E+00;2.2632E+01
7.4660E+00;2.2625E+01
7.4670E+00;2.2617E+01
7.4680E+00;2.2609E+01
7.4690E+00;2.2602E+01
7.4700E+00;2.2594E+01
7.4710E+00;2.2586E+01
7.4720E+00;2.2579E+01
7.4730E+00;2.2571E+01
7.4740E+00;2.2563E+01
7.4750E+00;2.2555E+01
7.4760E+00;2.2548E+01
7.4770E+00;2.2540E+01
7.4780E+00;2.2532E+01
7.4790E+00;2.2525E+01
7.4800E+00;2.2517E+01
7.4810E+00;2.2509E+01
7.4820E+00;2.2501E+01
7.4830E+00;2.2494E+01
7.4840E+00;2.2486E+01
7.4850E+00;2.2478E+01
7.4860E+00;2.2471E+01
7.4870E+00;2.2463E+01
7.4880E+00;2.2455E+01
7.4890E+00;2.2448E+01
7.4900E+00;2.2440E+01
7.4910E+00;2.2432E+01
7.4920E+00;2.2424E+01
7.4930E+00;2.2417E+01
7.4940E+00;2.2409E+01
7.4950E+00;2.2401E+01
7.4960E+00;2.2394E+01
7.4970E+00;2.2386E+01
7.4980E+00;2.2378E+01
7.4990E+00;2.2370E+01
7.5000E+00;2.2363E+01
7.5010E+00;2.2188E+01
7.5020E+00;2.2184E+01
7.5030E+00;2.2180E+01
7.5040E+00;2.2176E+01
7.5050E+00;2.2172E+01
7.5060E+00;2.2168E+01
7.5070E+00;2.2164E+01
7.5080E+00;2.2160E+01
7.5090E+00;2.2156E+01
7.5100E+00;2.2152E+01
7.5110E+00;2.2148E+01
7.5120E+00;2.2144E+01
7.5130E+00;2.2140E+01
7.5140E+00;2.2136E+01
7.5150E+00;2.2132E+01
7.5160E+00;2.2128E+01
7.5170E+00;2.2124E+01
7.5180E+00;2.2120E+01
7.5190E+00;2.2116E+01
7.5200E+00;2.2112E+01
7.5210E+00;2.2108E+01
7.5220E+00;2.2104E+01
7.5230E+00;2.2100E+01
7.5240E+00;2.2096E+01
7.5250E+00;2.2092E+01
7.5260E+00;2.2088E+01
7.5270E+00;2.2084E+01
7.5280E+00;2.2080E+01
7.5290E+00;2.2076E+01
7.5300E+00;2.2072E+01
7.5310E+00;2.2068E+01
7.5320E+00;2.2064E+01
7.5330E+00;2.2060E+01
7.5340E+00;2.2056E+01
7.5350E+00;2.2052E+01
7.5360E+00;2.2048E+01
7.5370E+00;2.2044E+01
7.5380E+00;2.2040E+01
7.5390E+00;2.2036E+01
7.5400E+00;2.2032E+01
7.5410E+00;2.2028E+01
7.5420E+00;2.2024E+01
7.5430E+00;2.2020E+01
7.5440E+00;2.2016E+01
7.5450E+00;2.2012E+01
7.5460E+00;2.2008E+01
7.5470E+00;2.2004E+01
7.5480E+00;2.2000E+01
7.5490E+00;2.1996E+01
7.5500E+00;2.1992E+01
7.5510E+00;2.1987E+01
7.5520E+00;2.1983E+01
7.5530E+00;2.1979E+01
7.5540E+00;2.1975E+01
7.5550E+00;2.1971E+01
7.5560E+00;2.1967E+01
7.5570E+00;2.1963E+01
7.5580E+00;2.1959E+01
7.5590E+00;2.1955E+01
7.5600E+00;2.1951E+01
7.5610E+00;2.1947E+01
7.5620E+00;2.1943E+01
7.5630E+00;2.1939E+01
7.5640E+00;2.1935E+01
7.5650E+00;2.1931E+01
7.5660E+00;2.1927E+01
7.5670E+00;2.1923E+01
7.5680E+00;2.1919E+01
7.5690E+00;2.1915E+01
7.5700E+00;2.1911E+01
7.5710E+00;2.1907E+01
7.5720E+00;2.1903E+01
7.5730E+00;2.1899E+01
7.5740E+00;2.1895E+01
7.5750E+00;2.1891E+01
7.5760E+00;2.1887E+01
7.5770E+00;2.1883E+01
7.5780E+00;2.1879E+01
7.5790E+00;2.1875E+01
7.5800E+00;2.1871E+01
7.5810E+00;2.1867E+01
7.5820E+00;2.1863E+01
7.5830E+00;2.1859E+01
7.5840E+00;2.1855E+01
7.5850E+00;2.1851E+01
7.5860E+00;2.1847E+01
7.5870E+00;2.1843E+01
7.5880E+00;2.1839E+01
7.5890E+00;2.1835E+01
7.5900E+00;2.1831E+01
7.5910E+00;2.1827E+01
7.5920E+00;2.1823E+01
7.5930E+00;2.1819E+01
7.5940E+00;2.1815E+01
7.5950E+00;2.1811E+01
7.5960E+00;2.1807E+01
7.5970E+00;2.1803E+01
7.5980E+00;2.1799E+01
7.5990E+00;2.1795E+01
7.6000E+00;2.1791E+01
7.6010E+00;2.1787E+01
7.6020E+00;2.1783E+01
7.6030E+00;2.1779E+01
7.6040E+00;2.1775E+01
7.6050E+00;2.1771E+01
7.6060E+00;2.1767E+01
7.6070E+00;2.1763E+01
7.6080E+00;2.1759E+01
7.6090E+00;2.1755E+01
7.6100E+00;2.1751E+01
7.6110E+00;2.1747E+01
7.6120E+00;2.1743E+01
7.6130E+00;2.1739E+01
7.6140E+00;2.1735E+01
7.6150E+00;2.1731E+01
7.6160E+00;2.1727E+01
7.6170E+00;2.1723E+01
7.6180E+00;2.1719E+01
7.6190E+00;2.1715E+01
7.6200E+00;2.1711E+01
7.6210E+00;2.1707E+01
7.6220E+00;2.1703E+01
7.6230E+00;2.1699E+01
7.6240E+00;2.1695E+01
7.6250E+00;2.1691E+01
7.6260E+00;2.1687E+01
7.6270E+00;2.1683E+01
7.6280E+00;2.1679E+01
7.6290E+00;2.1675E+01
7.6300E+00;2.1671E+01
7.6310E+00;2.1666E+01
7.6320E+00;2.1662E+01
7.6330E+00;2.1658E+01
7.6340E+00;2.1654E+01
7.6350E+00;2.1650E+01
7.6360E+00;2.1646E+01
7.6370E+00;2.1642E+01
7.6380E+00;2.1638E+01
7.6390E+00;2.1634E+01
7.6400E+00;2.1630E+01
7.6410E+00;2.1626E+01
7.6420E+00;2.1622E+01
7.6430E+00;2.1618E+01
7.6440E+00;2.1614E+01
7.6450E+00;2.1610E+01
7.6460E+00;2.1606E+01
7.6470E+00;2.1602E+01
7.6480E+00;2.1598E+01
7.6490E+00;2.1594E+01
7.6500E+00;2.1590E+01
7.6510E+00;2.1586E+01
7.6520E+00;2.1582E+01
7.6530E+00;2.1578E+01
7.6540E+00;2.1574E+01
7.6550E+00;2.1570E+01
7.6560E+00;2.1566E+01
7.6570E+00;2.1562E+01
7.6580E+00;2.1558E+01
7.6590E+00;2.1554E+01
7.6600E+00;2.1550E+01
7.6610E+00;2.1546E+01
7.6620E+00;2.1542E+01
7.6630E+00;2.1538E+01
7.6640E+00;2.1534E+01
7.6650E+00;2.1530E+01
7.6660E+00;2.1526E+01
7.6670E+00;2.1522E+01
7.6680E+00;2.1518E+01
7.6690E+00;2.1514E+01
7.6700E+00;2.1510E+01
7.6710E+00;2.1506E+01
7.6720E+00;2.1502E+01
7.6730E+00;2.1498E+01
7.6740E+00;2.1494E+01
7.6750E+00;2.1490E+01
7.6760E+00;2.1486E+01
7.6770E+00;2.1482E+01
7.6780E+00;2.1478E+01
7.6790E+00;2.1474E+01
7.6800E+00;2.1470E+01
7.6810E+00;2.1466E+01
7.6820E+00;2.1462E+01
7.6830E+00;2.1458E+01
7.6840E+00;2.1454E+01
7.6850E+00;2.1450E+01
7.6860E+00;2.1446E+01
7.6870E+00;2.1442E+01
7.6880E+00;2.1438E+01
7.6890E+00;2.1434E+01
7.6900E+00;2.1430E+01
7.6910E+00;2.1426E+01
7.6920E+00;2.1422E+01
7.6930E+00;2.1418E+01
7.6940E+00;2.1414E+01
7.6950E+00;2.1410E+01
7.6960E+00;2.1406E+01
7.6970E+00;2.1402E+01
7.6980E+00;2.1398E+01
7.6990E+00;2.1394E+01
7.7000E+00;2.1390E+01
7.7010E+00;2.1386E+01
7.7020E+00;2.1382E+01
7.7030E+00;2.1378E+01
7.7040E+00;2.1374E+01
7.7050E+00;2.1370E+01
7.7060E+00;2.1366E+01
7.7070E+00;2.1362E+01
7.7080E+00;2.1358E+01
7.7090E+00;2.1354E+01
7.7100E+00;2.1350E+01
7.7110E+00;2.1346E+01
7.7120E+00;2.1342E+01
7.7130E+00;2.1338E+01
7.7140E+00;2.1334E+01
7.7150E+00;2.1330E+01
7.7160E+00;2.1326E+01
7.7170E+00;2.1322E+01
7.7180E+00;2.1318E+01
7.7190E+00;2.1314E+01
7.7200E+00;2.1310E+01
7.7210E+00;2.1306E+01
7.7220E+00;2.1301E+01
7.7230E+00;2.1297E+01
7.7240E+00;2.1293E+01
7.7250E+00;2.1289E+01
7.7260E+00;2.1285E+01
7.7270E+00;2.1281E+01
7.7280E+00;2.1277E+01
7.7290E+00;2.1273E+01
7.7300E+00;2.1269E+01
7.7310E+00;2.1265E+01
7.7320E+00;2.1261E+01
7.7330E+00;2.1257E+01
7.7340E+00;2.1253E+01
7.7350E+00;2.1249E+01
7.7360E+00;2.1245E+01
7.7370E+00;2.1241E+01
7.7380E+00;2.1237E+01
7.7390E+00;2.1233E+01
7.7400E+00;2.1229E+01
7.7410E+00;2.1225E+01
7.7420E+00;2.1221E+01
7.7430E+00;2.1217E+01
7.7440E+00;2.1213E+01
7.7450E+00;2.1209E+01
7.7460E+00;2.1205E+01
7.7470E+00;2.1201E+01
7.7480E+00;2.1197E+01
7.7490E+00;2.1193E+01
7.7500E+00;2.1189E+01
7.7510E+00;2.1185E+01
7.7520E+00;2.1181E+01
7.7530E+00;2.1177E+01
7.7540E+00;2.1173E+01
7.7550E+00;2.1169E+01
7.7560E+00;2.1165E+01
7.7570E+00;2.1161E+01
7.7580E+00;2.1157E+01
7.7590E+00;2.1153E+01
7.7600E+00;2.1149E+01
7.7610E+00;2.1145E+01
7.7620E+00;2.1141E+01
7.7630E+00;2.1137E+01
7.7640E+00;2.1133E+01
7.7650E+00;2.1129E+01
7.7660E+00;2.1125E+01
7.7670E+00;2.1121E+01
7.7680E+00;2.1117E+01
7.7690E+00;2.1113E+01
7.7700E+00;2.1109E+01
7.7710E+00;2.1105E+01
7.7720E+00;2.1101E+01
7.7730E+00;2.1097E+01
7.7740E+00;2.1093E+01
7.7750E+00;2.1089E+01
7.7760E+00;2.1085E+01
7.7770E+00;2.1081E+01
7.7780E+00;2.1077E+01
7.7790E+00;2.1073E+01
7.7800E+00;2.1069E+01
7.7810E+00;2.1065E+01
7.7820E+00;2.1061E+01
7.7830E+00;2.1057E+01
7.7840E+00;2.1053E+01
7.7850E+00;2.1049E+01
7.7860E+00;2.1045E+01
7.7870E+00;2.1041E+01
7.7880E+00;2.1037E+01
7.7890E+00;2.1033E+01
7.7900E+00;2.1029E+01
7.7910E+00;2.1025E+01
7.7920E+00;2.1021E+01
7.7930E+00;2.1017E+01
7.7940E+00;2.1013E+01
7.7950E+00;2.1009E+01
7.7960E+00;2.1005E+01
7.7970E+00;2.1001E+01
7.7980E+00;2.0997E+01
7.7990E+00;2.0993E+01
7.8000E+00;2.0989E+01
7.8010E+00;2.0985E+01
7.8020E+00;2.0981E+01
7.8030E+00;2.0977E+01
7.8040E+00;2.0973E+01
7.8050E+00;2.0969E+01
7.8060E+00;2.0965E+01
7.8070E+00;2.0961E+01
7.8080E+00;2.0957E+01
7.8090E+00;2.0953E+01
7.8100E+00;2.0949E+01
7.8110E+00;2.0945E+01
7.8120E+00;2.0941E+01
7.8130E+00;2.0937E+01
7.8140E+00;2.0933E+01
7.8150E+00;2.0929E+01
7.8160E+00;2.0925E+01
7.8170E+00;2.0921E+01
7.8180E+00;2.0917E+01
7.8190E+00;2.0913E+01
7.8200E+00;2.0909E+01
7.8210E+00;2.0905E+01
7.8220E+00;2.0901E+01
7.8230E+00;2.0897E+01
7.8240E+00;2.0893E+01
7.8250E+00;2.0889E+01
7.8260E+00;2.0885E+01
7.8270E+00;2.0881E+01
7.8280E+00;2.0877E+01
7.8290E+00;2.0873E+01
7.8300E+00;2.0868E+01
7.8310E+00;2.0864E+01
7.8320E+00;2.0860E+01
7.8330E+00;2.0856E+01
7.8340E+00;2.0852E+01
7.8350E+00;2.0848E+01
7.8360E+00;2.0844E+01
7.8370E+00;2.0840E+01
7.8380E+00;2.0836E+01
7.8390E+00;2.0832E+01
7.8400E+00;2.0828E+01
7.8410E+00;2.0824E+01
7.8420E+00;2.0820E+01
7.8430E+00;2.0816E+01
7.8440E+00;2.0812E+01
7.8450E+00;2.0808E+01
7.8460E+00;2.0804E+01
7.8470E+00;2.0800E+01
7.8480E+00;2.0796E+01
7.8490E+00;2.0792E+01
7.8500E+00;2.0788E+01
7.8510E+00;2.0784E+01
7.8520E+00;2.0780E+01
7.8530E+00;2.0776E+01
7.8540E+00;2.0772E+01
7.8550E+00;2.0768E+01
7.8560E+00;2.0764E+01
7.8570E+00;2.0760E+01
7.8580E+00;2.0756E+01
7.8590E+00;2.0752E+01
7.8600E+00;2.0748E+01
7.8610E+00;2.0744E+01
7.8620E+00;2.0740E+01
7.8630E+00;2.0736E+01
7.8640E+00;2.0732E+01
7.8650E+00;2.0728E+01
7.8660E+00;2.0724E+01
7.8670E+00;2.0720E+01
7.8680E+00;2.0716E+01
7.8690E+00;2.0712E+01
7.8700E+00;2.0708E+01
7.8710E+00;2.0704E+01
7.8720E+00;2.0700E+01
7.8730E+00;2.0696E+01
7.8740E+00;2.0692E+01
7.8750E+00;2.0688E+01
7.8760E+00;2.0684E+01
7.8770E+00;2.0680E+01
7.8780E+00;2.0676E+01
7.8790E+00;2.0672E+01
7.8800E+00;2.0668E+01
7.8810E+00;2.0664E+01
7.8820E+00;2.0660E+01
7.8830E+00;2.0656E+01
7.8840E+00;2.0652E+01
7.8850E+00;2.0648E+01
7.8860E+00;2.0644E+01
7.8870E+00;2.0640E+01
7.8880E+00;2.0636E+01
7.8890E+00;2.0632E+01
7.8900E+00;2.0628E+01
7.8910E+00;2.0624E+01
7.8920E+00;2.0620E+01
7.8930E+00;2.0616E+01
7.8940E+00;2.0612E+01
7.8950E+00;2.0608E+01
7.8960E+00;2.0604E+01
7.8970E+00;2.0600E+01
7.8980E+00;2.0596E+01
7.8990E+00;2.0592E+01
7.9000E+00;2.0588E+01
7.9010E+00;2.0584E+01
7.9020E+00;2.0580E+01
7.9030E+00;2.0576E+01
7.9040E+00;2.0572E+01
7.9050E+00;2.0568E+01
7.9060E+00;2.0564E+01
7.9070E+00;2.0560E+01
7.9080E+00;2.0556E+01
7.9090E+00;2.0552E+01
7.9100E+00;2.0548E+01
7.9110E+00;2.0544E+01
7.9120E+00;2.0540E+01
7.9130E+00;2.0536E+01
7.9140E+00;2.0532E+01
7.9150E+00;2.0528E+01
7.9160E+00;2.0524E+01
7.9170E+00;2.0520E+01
7.9180E+00;2.0516E+01
7.9190E+00;2.0512E+01
7.9200E+00;2.0508E+01
7.9210E+00;2.0504E+01
7.9220E+00;2.0500E+01
7.9230E+00;2.0496E+01
7.9240E+00;2.0492E+01
7.9250E+00;2.0488E+01
7.9260E+00;2.0484E+01
7.9270E+00;2.0480E+01
7.9280E+00;2.0476E+01
7.9290E+00;2.0472E+01
7.9300E+00;2.0468E+01
7.9310E+00;2.0464E+01
7.9320E+00;2.0460E+01
7.9330E+00;2.0456E+01
7.9340E+00;2.0452E+01
7.9350E+00;2.0448E+01
7.9360E+00;2.0444E+01
7.9370E+00;2.0440E+01
7.9380E+00;2.0436E+01
7.9390E+00;2.0432E+01
7.9400E+00;2.0428E+01
7.9410E+00;2.0424E+01
7.9420E+00;2.0420E+01
7.9430E+00;2.0416E+01
7.9440E+00;2.0412E+01
7.9450E+00;2.0408E+01
7.9460E+00;2.0404E+01
7.9470E+00;2.0400E+01
7.9480E+00;2.0396E+01
7.9490E+00;2.0392E+01
7.9500E+00;2.0388E+01
7.9510E+00;2.0384E+01
7.9520E+00;2.0380E+01
7.9530E+00;2.0376E+01
7.9540E+00;2.0372E+01
7.9550E+00;2.0368E+01
7.9560E+00;2.0364E+01
7.9570E+00;2.0360E+01
7.9580E+00;2.0356E+01
7.9590E+00;2.0352E+01
7.9600E+00;2.0348E+01
7.9610E+00;2.0344E+01
7.9620E+00;2.0340E+01
7.9630E+00;2.0336E+01
7.9640E+00;2.0332E+01
7.9650E+00;2.0328E+01
7.9660E+00;2.0324E+01
7.9670E+00;2.0320E+01
7.9680E+00;2.0316E+01
7.9690E+00;2.0312E+01
7.9700E+00;2.0308E+01
7.9710E+00;2.0303E+01
7.9720E+00;2.0299E+01
7.9730E+00;2.0295E+01
7.9740E+00;2.0291E+01
7.9750E+00;2.0287E+01
7.9760E+00;2.0283E+01
7.9770E+00;2.0279E+01
7.9780E+00;2.0275E+01
7.9790E+00;2.0271E+01
7.9800E+00;2.0267E+01
7.9810E+00;2.0263E+01
7.9820E+00;2.0259E+01
7.9830E+00;2.0255E+01
7.9840E+00;2.0251E+01
7.9850E+00;2.0247E+01
7.9860E+00;2.0243E+01
7.9870E+00;2.0239E+01
7.9880E+00;2.0235E+01
7.9890E+00;2.0231E+01
7.9900E+00;2.0227E+01
7.9910E+00;2.0223E+01
7.9920E+00;2.0219E+01
7.9930E+00;2.0215E+01
7.9940E+00;2.0211E+01
7.9950E+00;2.0207E+01
7.9960E+00;2.0203E+01
7.9970E+00;2.0199E+01
7.9980E+00;2.0195E+01
7.9990E+00;2.0191E+01
8.0000E+00;2.0187E+01
8.0010E+00;2.0183E+01
8.0020E+00;2.0179E+01
8.0030E+00;2.0175E+01
8.0040E+00;2.0171E+01
8.0050E+00;2.0167E+01
8.0060E+00;2.0163E+01
8.0070E+00;2.0159E+01
8.0080E+00;2.0155E+01
8.0090E+00;2.0151E+01
8.0100E+00;2.0147E+01
8.0110E+00;2.0143E+01
8.0120E+00;2.0139E+01
8.0130E+00;2.0135E+01
8.0140E+00;2.0131E+01
8.0150E+00;2.0127E+01
8.0160E+00;2.0123E+01
8.0170E+00;2.0119E+01
8.0180E+00;2.0115E+01
8.0190E+00;2.0111E+01
8.0200E+00;2.0107E+01
8.0210E+00;2.0103E+01
8.0220E+00;2.0099E+01
8.0230E+00;2.0095E+01
8.0240E+00;2.0091E+01
8.0250E+00;2.0087E+01
8.0260E+00;2.0083E+01
8.0270E+00;2.0079E+01
8.0280E+00;2.0075E+01
8.0290E+00;2.0071E+01
8.0300E+00;2.0067E+01
8.0310E+00;2.0063E+01
8.0320E+00;2.0059E+01
8.0330E+00;2.0055E+01
8.0340E+00;2.0051E+01
8.0350E+00;2.0047E+01
8.0360E+00;2.0043E+01
8.0370E+00;2.0039E+01
8.0380E+00;2.0035E+01
8.0390E+00;2.0031E+01
8.0400E+00;2.0027E+01
8.0410E+00;2.0023E+01
8.0420E+00;2.0019E+01
8.0430E+00;2.0015E+01
8.0440E+00;2.0011E+01
8.0450E+00;2.0007E+01
8.0460E+00;2.0003E+01
8.0470E+00;1.9999E+01
8.0480E+00;1.9995E+01
8.0490E+00;1.9991E+01
8.0500E+00;1.9987E+01
8.0510E+00;1.9983E+01
8.0520E+00;1.9979E+01
8.0530E+00;1.9975E+01
8.0540E+00;1.9971E+01
8.0550E+00;1.9967E+01
8.0560E+00;1.9963E+01
8.0570E+00;1.9959E+01
8.0580E+00;1.9955E+01
8.0590E+00;1.9951E+01
8.0600E+00;1.9947E+01
8.0610E+00;1.9943E+01
8.0620E+00;1.9939E+01
8.0630E+00;1.9935E+01
8.0640E+00;1.9931E+01
8.0650E+00;1.9927E+01
8.0660E+00;1.9923E+01
8.0670E+00;1.9919E+01
8.0680E+00;1.9915E+01
8.0690E+00;1.9911E+01
8.0700E+00;1.9907E+01
8.0710E+00;1.9903E+01
8.0720E+00;1.9899E+01
8.0730E+00;1.9895E+01
8.0740E+00;1.9891E+01
8.0750E+00;1.9887E+01
8.0760E+00;1.9883E+01
8.0770E+00;1.9879E+01
8.0780E+00;1.9875E+01
8.0790E+00;1.9871E+01
8.0800E+00;1.9867E+01
8.0810E+00;1.9863E+01
8.0820E+00;1.9859E+01
8.0830E+00;1.9855E+01
8.0840E+00;1.9851E+01
8.0850E+00;1.9847E+01
8.0860E+00;1.9843E+01
8.0870E+00;1.9839E+01
8.0880E+00;1.9835E+01
8.0890E+00;1.9831E+01
8.0900E+00;1.9827E+01
8.0910E+00;1.9823E+01
8.0920E+00;1.9819E+01
8.0930E+00;1.9815E+01
8.0940E+00;1.9811E+01
8.0950E+00;1.9807E+01
8.0960E+00;1.9803E+01
8.0970E+00;1.9799E+01
8.0980E+00;1.9795E+01
8.0990E+00;1.9791E+01
8.1000E+00;1.9787E+01
8.1010E+00;1.9783E+01
8.1020E+00;1.9779E+01
8.1030E+00;1.9775E+01
8.1040E+00;1.9771E+01
8.1050E+00;1.9767E+01
8.1060E+00;1.9763E+01
8.1070E+00;1.9759E+01
8.1080E+00;1.9755E+01
8.1090E+00;1.9751E+01
8.1100E+00;1.9747E+01
8.1110E+00;1.9743E+01
8.1120E+00;1.9739E+01
8.1130E+00;1.9735E+01
8.1140E+00;1.9731E+01
8.1150E+00;1.9727E+01
8.1160E+00;1.9723E+01
8.1170E+00;1.9719E+01
8.1180E+00;1.9715E+01
8.1190E+00;1.9711E+01
8.1200E+00;1.9707E+01
8.1210E+00;1.9703E+01
8.1220E+00;1.9699E+01
8.1230E+00;1.9695E+01
8.1240E+00;1.9691E+01
8.1250E+00;1.9687E+01
8.1260E+00;1.9683E+01
8.1270E+00;1.9679E+01
8.1280E+00;1.9675E+01
8.1290E+00;1.9671E+01
8.1300E+00;1.9667E+01
8.1310E+00;1.9663E+01
8.1320E+00;1.9659E+01
8.1330E+00;1.9655E+01
8.1340E+00;1.9651E+01
8.1350E+00;1.9647E+01
8.1360E+00;1.9643E+01
8.1370E+00;1.9639E+01
8.1380E+00;1.9634E+01
8.1390E+00;1.9630E+01
8.1400E+00;1.9625E+01
8.1410E+00;1.9621E+01
8.1420E+00;1.9617E+01
8.1430E+00;1.9612E+01
8.1440E+00;1.9608E+01
8.1450E+00;1.9603E+01
8.1460E+00;1.9599E+01
8.1470E+00;1.9594E+01
8.1480E+00;1.9590E+01
8.1490E+00;1.9585E+01
8.1500E+00;1.9581E+01
8.1510E+00;1.9576E+01
8.1520E+00;1.9572E+01
8.1530E+00;1.9567E+01
8.1540E+00;1.9563E+01
8.1550E+00;1.9558E+01
8.1560E+00;1.9554E+01
8.1570E+00;1.9549E+01
8.1580E+00;1.9545E+01
8.1590E+00;1.9540E+01
8.1600E+00;1.9536E+01
8.1610E+00;1.9532E+01
8.1620E+00;1.9527E+01
8.1630E+00;1.9523E+01
8.1640E+00;1.9518E+01
8.1650E+00;1.9514E+01
8.1660E+00;1.9509E+01
8.1670E+00;1.9505E+01
8.1680E+00;1.9500E+01
8.1690E+00;1.9496E+01
8.1700E+00;1.9491E+01
8.1710E+00;1.9487E+01
8.1720E+00;1.9482E+01
8.1730E+00;1.9478E+01
8.1740E+00;1.9473E+01
8.1750E+00;1.9469E+01
8.1760E+00;1.9464E+01
8.1770E+00;1.9460E+01
8.1780E+00;1.9455E+01
8.1790E+00;1.9451E+01
8.1800E+00;1.9447E+01
8.1810E+00;1.9442E+01
8.1820E+00;1.9438E+01
8.1830E+00;1.9433E+01
8.1840E+00;1.9429E+01
8.1850E+00;1.9424E+01
8.1860E+00;1.9420E+01
8.1870E+00;1.9415E+01
8.1880E+00;1.9411E+01
8.1890E+00;1.9406E+01
8.1900E+00;1.9402E+01
8.1910E+00;1.9397E+01
8.1920E+00;1.9393E+01
8.1930E+00;1.9388E+01
8.1940E+00;1.9384E+01
8.1950E+00;1.9379E+01
8.1960E+00;1.9375E+01
8.1970E+00;1.9370E+01
8.1980E+00;1.9366E+01
8.1990E+00;1.9362E+01
8.2000E+00;1.9357E+01
8.2010E+00;1.9353E+01
8.2020E+00;1.9348E+01
8.2030E+00;1.9344E+01
8.2040E+00;1.9339E+01
8.2050E+00;1.9335E+01
8.2060E+00;1.9330E+01
8.2070E+00;1.9326E+01
8.2080E+00;1.9321E+01
8.2090E+00;1.9317E+01
8.2100E+00;1.9312E+01
8.2110E+00;1.9308E+01
8.2120E+00;1.9303E+01
8.2130E+00;1.9299E+01
8.2140E+00;1.9294E+01
8.2150E+00;1.9290E+01
8.2160E+00;1.9285E+01
8.2170E+00;1.9281E+01
8.2180E+00;1.9276E+01
8.2190E+00;1.9272E+01
8.2200E+00;1.9268E+01
8.2210E+00;1.9263E+01
8.2220E+00;1.9259E+01
8.2230E+00;1.9254E+01
8.2240E+00;1.9250E+01
8.2250E+00;1.9245E+01
8.2260E+00;1.9241E+01
8.2270E+00;1.9236E+01
8.2280E+00;1.9232E+01
8.2290E+00;1.9227E+01
8.2300E+00;1.9223E+01
8.2310E+00;1.9218E+01
8.2320E+00;1.9214E+01
8.2330E+00;1.9209E+01
8.2340E+00;1.9205E+01
8.2350E+00;1.9200E+01
8.2360E+00;1.9196E+01
8.2370E+00;1.9191E+01
8.2380E+00;1.9187E+01
8.2390E+00;1.9183E+01
8.2400E+00;1.9178E+01
8.2410E+00;1.9174E+01
8.2420E+00;1.9169E+01
8.2430E+00;1.9165E+01
8.2440E+00;1.9160E+01
8.2450E+00;1.9156E+01
8.2460E+00;1.9151E+01
8.2470E+00;1.9147E+01
8.2480E+00;1.9142E+01
8.2490E+00;1.9138E+01
8.2500E+00;1.9133E+01
8.2510E+00;1.9129E+01
8.2520E+00;1.9124E+01
8.2530E+00;1.9120E+01
8.2540E+00;1.9115E+01
8.2550E+00;1.9111E+01
8.2560E+00;1.9106E+01
8.2570E+00;1.9102E+01
8.2580E+00;1.9098E+01
8.2590E+00;1.9093E+01
8.2600E+00;1.9089E+01
8.2610E+00;1.9084E+01
8.2620E+00;1.9080E+01
8.2630E+00;1.9075E+01
8.2640E+00;1.9071E+01
8.2650E+00;1.9066E+01
8.2660E+00;1.9062E+01
8.2670E+00;1.9057E+01
8.2680E+00;1.9053E+01
8.2690E+00;1.9048E+01
8.2700E+00;1.9044E+01
8.2710E+00;1.9039E+01
8.2720E+00;1.9035E+01
8.2730E+00;1.9030E+01
8.2740E+00;1.9026E+01
8.2750E+00;1.9021E+01
8.2760E+00;1.9017E+01
8.2770E+00;1.9013E+01
8.2780E+00;1.9008E+01
8.2790E+00;1.9004E+01
8.2800E+00;1.8999E+01
8.2810E+00;1.8995E+01
8.2820E+00;1.8990E+01
8.2830E+00;1.8986E+01
8.2840E+00;1.8981E+01
8.2850E+00;1.8977E+01
8.2860E+00;1.8972E+01
8.2870E+00;1.8968E+01
8.2880E+00;1.8963E+01
8.2890E+00;1.8959E+01
8.2900E+00;1.8954E+01
8.2910E+00;1.8950E+01
8.2920E+00;1.8945E+01
8.2930E+00;1.8941E+01
8.2940E+00;1.8936E+01
8.2950E+00;1.8932E+01
8.2960E+00;1.8927E+01
8.2970E+00;1.8923E+01
8.2980E+00;1.8919E+01
8.2990E+00;1.8914E+01
8.3000E+00;1.8910E+01
8.3010E+00;1.8905E+01
8.3020E+00;1.8901E+01
8.3030E+00;1.8896E+01
8.3040E+00;1.8892E+01
8.3050E+00;1.8887E+01
8.3060E+00;1.8883E+01
8.3070E+00;1.8878E+01
8.3080E+00;1.8874E+01
8.3090E+00;1.8869E+01
8.3100E+00;1.8865E+01
8.3110E+00;1.8860E+01
8.3120E+00;1.8856E+01
8.3130E+00;1.8851E+01
8.3140E+00;1.8847E+01
8.3150E+00;1.8842E+01
8.3160E+00;1.8838E+01
8.3170E+00;1.8834E+01
8.3180E+00;1.8829E+01
8.3190E+00;1.8825E+01
8.3200E+00;1.8820E+01
8.3210E+00;1.8816E+01
8.3220E+00;1.8811E+01
8.3230E+00;1.8807E+01
8.3240E+00;1.8802E+01
8.3250E+00;1.8798E+01
8.3260E+00;1.8793E+01
8.3270E+00;1.8789E+01
8.3280E+00;1.8784E+01
8.3290E+00;1.8780E+01
8.3300E+00;1.8775E+01
8.3310E+00;1.8771E+01
8.3320E+00;1.8766E+01
8.3330E+00;1.8762E+01
8.3340E+00;1.8757E+01
8.3350E+00;1.8753E+01
8.3360E+00;1.8749E+01
8.3370E+00;1.8744E+01
8.3380E+00;1.8740E+01
8.3390E+00;1.8735E+01
8.3400E+00;1.8731E+01
8.3410E+00;1.8726E+01
8.3420E+00;1.8722E+01
8.3430E+00;1.8717E+01
8.3440E+00;1.8713E+01
8.3450E+00;1.8708E+01
8.3460E+00;1.8704E+01
8.3470E+00;1.8699E+01
8.3480E+00;1.8695E+01
8.3490E+00;1.8690E+01
8.3500E+00;1.8686E+01
8.3510E+00;1.8681E+01
8.3520E+00;1.8677E+01
8.3530E+00;1.8672E+01
8.3540E+00;1.8668E+01
8.3550E+00;1.8663E+01
8.3560E+00;1.8659E+01
8.3570E+00;1.8655E+01
8.3580E+00;1.8650E+01
8.3590E+00;1.8646E+01
8.3600E+00;1.8641E+01
8.3610E+00;1.8637E+01
8.3620E+00;1.8632E+01
8.3630E+00;1.8628E+01
8.3640E+00;1.8623E+01
8.3650E+00;1.8619E+01
8.3660E+00;1.8614E+01
8.3670E+00;1.8610E+01
8.3680E+00;1.8605E+01
8.3690E+00;1.8601E+01
8.3700E+00;1.8596E+01
8.3710E+00;1.8592E+01
8.3720E+00;1.8587E+01
8.3730E+00;1.8583E+01
8.3740E+00;1.8578E+01
8.3750E+00;1.8574E+01
8.3760E+00;1.8570E+01
8.3770E+00;1.8565E+01
8.3780E+00;1.8561E+01
8.3790E+00;1.8556E+01
8.3800E+00;1.8552E+01
8.3810E+00;1.8547E+01
8.3820E+00;1.8543E+01
8.3830E+00;1.8538E+01
8.3840E+00;1.8534E+01
8.3850E+00;1.8529E+01
8.3860E+00;1.8525E+01
8.3870E+00;1.8520E+01
8.3880E+00;1.8516E+01
8.3890E+00;1.8511E+01
8.3900E+00;1.8507E+01
8.3910E+00;1.8502E+01
8.3920E+00;1.8498E+01
8.3930E+00;1.8493E+01
8.3940E+00;1.8489E+01
8.3950E+00;1.8485E+01
8.3960E+00;1.8480E+01
8.3970E+00;1.8476E+01
8.3980E+00;1.8471E+01
8.3990E+00;1.8467E+01
8.4000E+00;1.8462E+01
8.4010E+00;1.8458E+01
8.4020E+00;1.8453E+01
8.4030E+00;1.8449E+01
8.4040E+00;1.8444E+01
8.4050E+00;1.8440E+01
8.4060E+00;1.8435E+01
8.4070E+00;1.8431E+01
8.4080E+00;1.8426E+01
8.4090E+00;1.8422E+01
8.4100E+00;1.8417E+01
8.4110E+00;1.8413E+01
8.4120E+00;1.8408E+01
8.4130E+00;1.8404E+01
8.4140E+00;1.8400E+01
8.4150E+00;1.8395E+01
8.4160E+00;1.8391E+01
8.4170E+00;1.8386E+01
8.4180E+00;1.8382E+01
8.4190E+00;1.8377E+01
8.4200E+00;1.8373E+01
8.4210E+00;1.8368E+01
8.4220E+00;1.8364E+01
8.4230E+00;1.8359E+01
8.4240E+00;1.8355E+01
8.4250E+00;1.8350E+01
8.4260E+00;1.8346E+01
8.4270E+00;1.8341E+01
8.4280E+00;1.8337E+01
8.4290E+00;1.8332E+01
8.4300E+00;1.8328E+01
8.4310E+00;1.8323E+01
8.4320E+00;1.8319E+01
8.4330E+00;1.8314E+01
8.4340E+00;1.8310E+01
8.4350E+00;1.8306E+01
8.4360E+00;1.8301E+01
8.4370E+00;1.8297E+01
8.4380E+00;1.8292E+01
8.4390E+00;1.8288E+01
8.4400E+00;1.8283E+01
8.4410E+00;1.8279E+01
8.4420E+00;1.8274E+01
8.4430E+00;1.8270E+01
8.4440E+00;1.8265E+01
8.4450E+00;1.8261E+01
8.4460E+00;1.8256E+01
8.4470E+00;1.8252E+01
8.4480E+00;1.8247E+01
8.4490E+00;1.8243E+01
8.4500E+00;1.8238E+01
8.4510E+00;1.8234E+01
8.4520E+00;1.8229E+01
8.4530E+00;1.8225E+01
8.4540E+00;1.8221E+01
8.4550E+00;1.8216E+01
8.4560E+00;1.8212E+01
8.4570E+00;1.8207E+01
8.4580E+00;1.8203E+01
8.4590E+00;1.8198E+01
8.4600E+00;1.8194E+01
8.4610E+00;1.8189E+01
8.4620E+00;1.8185E+01
8.4630E+00;1.8180E+01
8.4640E+00;1.8176E+01
8.4650E+00;1.8171E+01
8.4660E+00;1.8167E+01
8.4670E+00;1.8162E+01
8.4680E+00;1.8158E+01
8.4690E+00;1.8153E+01
8.4700E+00;1.8149E+01
8.4710E+00;1.8144E+01
8.4720E+00;1.8140E+01
8.4730E+00;1.8136E+01
8.4740E+00;1.8131E+01
8.4750E+00;1.8127E+01
8.4760E+00;1.8122E+01
8.4770E+00;1.8118E+01
8.4780E+00;1.8113E+01
8.4790E+00;1.8109E+01
8.4800E+00;1.8104E+01
8.4810E+00;1.8100E+01
8.4820E+00;1.8095E+01
8.4830E+00;1.8091E+01
8.4840E+00;1.8086E+01
8.4850E+00;1.8082E+01
8.4860E+00;1.8077E+01
8.4870E+00;1.8073E+01
8.4880E+00;1.8068E+01
8.4890E+00;1.8064E+01
8.4900E+00;1.8059E+01
8.4910E+00;1.8055E+01
8.4920E+00;1.8051E+01
8.4930E+00;1.8046E+01
8.4940E+00;1.8042E+01
8.4950E+00;1.8037E+01
8.4960E+00;1.8033E+01
8.4970E+00;1.8028E+01
8.4980E+00;1.8024E+01
8.4990E+00;1.8019E+01
8.5000E+00;1.8015E+01
8.5010E+00;1.8010E+01
8.5020E+00;1.8006E+01
8.5030E+00;1.8001E+01
8.5040E+00;1.7997E+01
8.5050E+00;1.7992E+01
8.5060E+00;1.7988E+01
8.5070E+00;1.7983E+01
8.5080E+00;1.7979E+01
8.5090E+00;1.7974E+01
8.5100E+00;1.7970E+01
8.5110E+00;1.7965E+01
8.5120E+00;1.7961E+01
8.5130E+00;1.7957E+01
8.5140E+00;1.7952E+01
8.5150E+00;1.7948E+01
8.5160E+00;1.7943E+01
8.5170E+00;1.7939E+01
8.5180E+00;1.7934E+01
8.5190E+00;1.7930E+01
8.5200E+00;1.7925E+01
8.5210E+00;1.7921E+01
8.5220E+00;1.7916E+01
8.5230E+00;1.7912E+01
8.5240E+00;1.7907E+01
8.5250E+00;1.7903E+01
8.5260E+00;1.7898E+01
8.5270E+00;1.7894E+01
8.5280E+00;1.7889E+01
8.5290E+00;1.7885E+01
8.5300E+00;1.7880E+01
8.5310E+00;1.7876E+01
8.5320E+00;1.7872E+01
8.5330E+00;1.7867E+01
8.5340E+00;1.7863E+01
8.5350E+00;1.7858E+01
8.5360E+00;1.7854E+01
8.5370E+00;1.7849E+01
8.5380E+00;1.7845E+01
8.5390E+00;1.7840E+01
8.5400E+00;1.7836E+01
8.5410E+00;1.7831E+01
8.5420E+00;1.7827E+01
8.5430E+00;1.7822E+01
8.5440E+00;1.7818E+01
8.5450E+00;1.7813E+01
8.5460E+00;1.7809E+01
8.5470E+00;1.7804E+01
8.5480E+00;1.7800E+01
8.5490E+00;1.7795E+01
8.5500E+00;1.7791E+01
8.5510E+00;1.7787E+01
8.5520E+00;1.7782E+01
8.5530E+00;1.7778E+01
8.5540E+00;1.7773E+01
8.5550E+00;1.7769E+01
8.5560E+00;1.7764E+01
8.5570E+00;1.7760E+01
8.5580E+00;1.7755E+01
8.5590E+00;1.7751E+01
8.5600E+00;1.7746E+01
8.5610E+00;1.7742E+01
8.5620E+00;1.7737E+01
8.5630E+00;1.7733E+01
8.5640E+00;1.7728E+01
8.5650E+00;1.7724E+01
8.5660E+00;1.7719E+01
8.5670E+00;1.7715E+01
8.5680E+00;1.7710E+01
8.5690E+00;1.7706E+01
8.5700E+00;1.7702E+01
8.5710E+00;1.7697E+01
8.5720E+00;1.7693E+01
8.5730E+00;1.7688E+01
8.5740E+00;1.7684E+01
8.5750E+00;1.7679E+01
8.5760E+00;1.7675E+01
8.5770E+00;1.7670E+01
8.5780E+00;1.7666E+01
8.5790E+00;1.7661E+01
8.5800E+00;1.7657E+01
8.5810E+00;1.7652E+01
8.5820E+00;1.7648E+01
8.5830E+00;1.7643E+01
8.5840E+00;1.7639E+01
8.5850E+00;1.7634E+01
8.5860E+00;1.7630E+01
8.5870E+00;1.7625E+01
8.5880E+00;1.7621E+01
8.5890E+00;1.7616E+01
8.5900E+00;1.7612E+01
8.5910E+00;1.7608E+01
8.5920E+00;1.7603E+01
8.5930E+00;1.7599E+01
8.5940E+00;1.7594E+01
8.5950E+00;1.7590E+01
8.5960E+00;1.7585E+01
8.5970E+00;1.7581E+01
8.5980E+00;1.7576E+01
8.5990E+00;1.7572E+01
8.6000E+00;1.7567E+01
8.6010E+00;1.7563E+01
8.6020E+00;1.7558E+01
8.6030E+00;1.7554E+01
8.6040E+00;1.7549E+01
8.6050E+00;1.7545E+01
8.6060E+00;1.7540E+01
8.6070E+00;1.7536E+01
8.6080E+00;1.7531E+01
8.6090E+00;1.7527E+01
8.6100E+00;1.7523E+01
8.6110E+00;1.7518E+01
8.6120E+00;1.7514E+01
8.6130E+00;1.7509E+01
8.6140E+00;1.7505E+01
8.6150E+00;1.7500E+01
8.6160E+00;1.7496E+01
8.6170E+00;1.7491E+01
8.6180E+00;1.7487E+01
8.6190E+00;1.7482E+01
8.6200E+00;1.7478E+01
8.6210E+00;1.7473E+01
8.6220E+00;1.7469E+01
8.6230E+00;1.7464E+01
8.6240E+00;1.7460E+01
8.6250E+00;1.7455E+01
8.6260E+00;1.7451E+01
8.6270E+00;1.7446E+01
8.6280E+00;1.7442E+01
8.6290E+00;1.7438E+01
8.6300E+00;1.7433E+01
8.6310E+00;1.7429E+01
8.6320E+00;1.7424E+01
8.6330E+00;1.7420E+01
8.6340E+00;1.7415E+01
8.6350E+00;1.7411E+01
8.6360E+00;1.7406E+01
8.6370E+00;1.7402E+01
8.6380E+00;1.7397E+01
8.6390E+00;1.7393E+01
8.6400E+00;1.7388E+01
8.6410E+00;1.7384E+01
8.6420E+00;1.7379E+01
8.6430E+00;1.7375E+01
8.6440E+00;1.7370E+01
8.6450E+00;1.7366E+01
8.6460E+00;1.7361E+01
8.6470E+00;1.7357E+01
8.6480E+00;1.7352E+01
8.6490E+00;1.7348E+01
8.6500E+00;1.7344E+01
8.6510E+00;1.7339E+01
8.6520E+00;1.7335E+01
8.6530E+00;1.7330E+01
8.6540E+00;1.7326E+01
8.6550E+00;1.7321E+01
8.6560E+00;1.7317E+01
8.6570E+00;1.7312E+01
8.6580E+00;1.7308E+01
8.6590E+00;1.7303E+01
8.6600E+00;1.7299E+01
8.6610E+00;1.7294E+01
8.6620E+00;1.7290E+01
8.6630E+00;1.7285E+01
8.6640E+00;1.7281E+01
8.6650E+00;1.7276E+01
8.6660E+00;1.7272E+01
8.6670E+00;1.7267E+01
8.6680E+00;1.7263E+01
8.6690E+00;1.7259E+01
8.6700E+00;1.7254E+01
8.6710E+00;1.7250E+01
8.6720E+00;1.7245E+01
8.6730E+00;1.7241E+01
8.6740E+00;1.7236E+01
8.6750E+00;1.7232E+01
8.6760E+00;1.7227E+01
8.6770E+00;1.7223E+01
8.6780E+00;1.7218E+01
8.6790E+00;1.7214E+01
8.6800E+00;1.7209E+01
8.6810E+00;1.7205E+01
8.6820E+00;1.7200E+01
8.6830E+00;1.7196E+01
8.6840E+00;1.7191E+01
8.6850E+00;1.7187E+01
8.6860E+00;1.7182E+01
8.6870E+00;1.7178E+01
8.6880E+00;1.7174E+01
8.6890E+00;1.7169E+01
8.6900E+00;1.7165E+01
8.6910E+00;1.7160E+01
8.6920E+00;1.7156E+01
8.6930E+00;1.7151E+01
8.6940E+00;1.7147E+01
8.6950E+00;1.7142E+01
8.6960E+00;1.7138E+01
8.6970E+00;1.7133E+01
8.6980E+00;1.7129E+01
8.6990E+00;1.7124E+01
8.7000E+00;1.7120E+01
8.7010E+00;1.7115E+01
8.7020E+00;1.7111E+01
8.7030E+00;1.7106E+01
8.7040E+00;1.7102E+01
8.7050E+00;1.7097E+01
8.7060E+00;1.7093E+01
8.7070E+00;1.7089E+01
8.7080E+00;1.7084E+01
8.7090E+00;1.7080E+01
8.7100E+00;1.7075E+01
8.7110E+00;1.7071E+01
8.7120E+00;1.7066E+01
8.7130E+00;1.7062E+01
8.7140E+00;1.7057E+01
8.7150E+00;1.7053E+01
8.7160E+00;1.7048E+01
8.7170E+00;1.7044E+01
8.7180E+00;1.7039E+01
8.7190E+00;1.7035E+01
8.7200E+00;1.7030E+01
8.7210E+00;1.7026E+01
8.7220E+00;1.7021E+01
8.7230E+00;1.7017E+01
8.7240E+00;1.7012E+01
8.7250E+00;1.7008E+01
8.7260E+00;1.7003E+01
8.7270E+00;1.6999E+01
8.7280E+00;1.6995E+01
8.7290E+00;1.6990E+01
8.7300E+00;1.6986E+01
8.7310E+00;1.6981E+01
8.7320E+00;1.6977E+01
8.7330E+00;1.6972E+01
8.7340E+00;1.6968E+01
8.7350E+00;1.6963E+01
8.7360E+00;1.6959E+01
8.7370E+00;1.6954E+01
8.7380E+00;1.6950E+01
8.7390E+00;1.6945E+01
8.7400E+00;1.6941E+01
8.7410E+00;1.6936E+01
8.7420E+00;1.6932E+01
8.7430E+00;1.6927E+01
8.7440E+00;1.6923E+01
8.7450E+00;1.6918E+01
8.7460E+00;1.6914E+01
8.7470E+00;1.6910E+01
8.7480E+00;1.6905E+01
8.7490E+00;1.6901E+01
8.7500E+00;1.6896E+01
8.7510E+00;1.6892E+01
8.7520E+00;1.6887E+01
8.7530E+00;1.6883E+01
8.7540E+00;1.6878E+01
8.7550E+00;1.6874E+01
8.7560E+00;1.6869E+01
8.7570E+00;1.6865E+01
8.7580E+00;1.6860E+01
8.7590E+00;1.6856E+01
8.7600E+00;1.6851E+01
8.7610E+00;1.6847E+01
8.7620E+00;1.6842E+01
8.7630E+00;1.6838E+01
8.7640E+00;1.6833E+01
8.7650E+00;1.6829E+01
8.7660E+00;1.6825E+01
8.7670E+00;1.6820E+01
8.7680E+00;1.6816E+01
8.7690E+00;1.6811E+01
8.7700E+00;1.6807E+01
8.7710E+00;1.6802E+01
8.7720E+00;1.6798E+01
8.7730E+00;1.6793E+01
8.7740E+00;1.6789E+01
8.7750E+00;1.6784E+01
8.7760E+00;1.6780E+01
8.7770E+00;1.6775E+01
8.7780E+00;1.6771E+01
8.7790E+00;1.6766E+01
8.7800E+00;1.6762E+01
8.7810E+00;1.6757E+01
8.7820E+00;1.6753E+01
8.7830E+00;1.6748E+01
8.7840E+00;1.6744E+01
8.7850E+00;1.6740E+01
8.7860E+00;1.6735E+01
8.7870E+00;1.6731E+01
8.7880E+00;1.6726E+01
8.7890E+00;1.6722E+01
8.7900E+00;1.6717E+01
8.7910E+00;1.6713E+01
8.7920E+00;1.6708E+01
8.7930E+00;1.6704E+01
8.7940E+00;1.6699E+01
8.7950E+00;1.6695E+01
8.7960E+00;1.6690E+01
8.7970E+00;1.6686E+01
8.7980E+00;1.6681E+01
8.7990E+00;1.6677E+01
8.8000E+00;1.6672E+01
8.8010E+00;1.6668E+01
8.8020E+00;1.6663E+01
8.8030E+00;1.6659E+01
8.8040E+00;1.6654E+01
8.8050E+00;1.6650E+01
8.8060E+00;1.6646E+01
8.8070E+00;1.6641E+01
8.8080E+00;1.6637E+01
8.8090E+00;1.6632E+01
8.8100E+00;1.6628E+01
8.8110E+00;1.6623E+01
8.8120E+00;1.6619E+01
8.8130E+00;1.6614E+01
8.8140E+00;1.6610E+01
8.8150E+00;1.6605E+01
8.8160E+00;1.6601E+01
8.8170E+00;1.6596E+01
8.8180E+00;1.6592E+01
8.8190E+00;1.6587E+01
8.8200E+00;1.6583E+01
8.8210E+00;1.6578E+01
8.8220E+00;1.6574E+01
8.8230E+00;1.6569E+01
8.8240E+00;1.6565E+01
8.8250E+00;1.6561E+01
8.8260E+00;1.6556E+01
8.8270E+00;1.6552E+01
8.8280E+00;1.6547E+01
8.8290E+00;1.6543E+01
8.8300E+00;1.6538E+01
8.8310E+00;1.6534E+01
8.8320E+00;1.6529E+01
8.8330E+00;1.6525E+01
8.8340E+00;1.6520E+01
8.8350E+00;1.6516E+01
8.8360E+00;1.6511E+01
8.8370E+00;1.6507E+01
8.8380E+00;1.6502E+01
8.8390E+00;1.6498E+01
8.8400E+00;1.6493E+01
8.8410E+00;1.6489E+01
8.8420E+00;1.6484E+01
8.8430E+00;1.6480E+01
8.8440E+00;1.6476E+01
8.8450E+00;1.6471E+01
8.8460E+00;1.6467E+01
8.8470E+00;1.6462E+01
8.8480E+00;1.6458E+01
8.8490E+00;1.6453E+01
8.8500E+00;1.6449E+01
8.8510E+00;1.6444E+01
8.8520E+00;1.6440E+01
8.8530E+00;1.6435E+01
8.8540E+00;1.6431E+01
8.8550E+00;1.6426E+01
8.8560E+00;1.6422E+01
8.8570E+00;1.6417E+01
8.8580E+00;1.6413E+01
8.8590E+00;1.6408E+01
8.8600E+00;1.6404E+01
8.8610E+00;1.6399E+01
8.8620E+00;1.6395E+01
8.8630E+00;1.6391E+01
8.8640E+00;1.6386E+01
8.8650E+00;1.6382E+01
8.8660E+00;1.6377E+01
8.8670E+00;1.6373E+01
8.8680E+00;1.6368E+01
8.8690E+00;1.6364E+01
8.8700E+00;1.6359E+01
8.8710E+00;1.6355E+01
8.8720E+00;1.6350E+01
8.8730E+00;1.6346E+01
8.8740E+00;1.6341E+01
8.8750E+00;1.6337E+01
8.8760E+00;1.6332E+01
8.8770E+00;1.6328E+01
8.8780E+00;1.6323E+01
8.8790E+00;1.6319E+01
8.8800E+00;1.6314E+01
8.8810E+00;1.6310E+01
8.8820E+00;1.6305E+01
8.8830E+00;1.6301E+01
8.8840E+00;1.6297E+01
8.8850E+00;1.6292E+01
8.8860E+00;1.6288E+01
8.8870E+00;1.6283E+01
8.8880E+00;1.6279E+01
8.8890E+00;1.6274E+01
8.8900E+00;1.6270E+01
8.8910E+00;1.6265E+01
8.8920E+00;1.6261E+01
8.8930E+00;1.6256E+01
8.8940E+00;1.6252E+01
8.8950E+00;1.6247E+01
8.8960E+00;1.6243E+01
8.8970E+00;1.6238E+01
8.8980E+00;1.6234E+01
8.8990E+00;1.6229E+01
8.9000E+00;1.6225E+01
8.9010E+00;1.6220E+01
8.9020E+00;1.6216E+01
8.9030E+00;1.6212E+01
8.9040E+00;1.6207E+01
8.9050E+00;1.6203E+01
8.9060E+00;1.6198E+01
8.9070E+00;1.6194E+01
8.9080E+00;1.6189E+01
8.9090E+00;1.6185E+01
8.9100E+00;1.6180E+01
8.9110E+00;1.6176E+01
8.9120E+00;1.6171E+01
8.9130E+00;1.6167E+01
8.9140E+00;1.6162E+01
8.9150E+00;1.6158E+01
8.9160E+00;1.6153E+01
8.9170E+00;1.6149E+01
8.9180E+00;1.6144E+01
8.9190E+00;1.6140E+01
8.9200E+00;1.6135E+01
8.9210E+00;1.6131E+01
8.9220E+00;1.6127E+01
8.9230E+00;1.6122E+01
8.9240E+00;1.6118E+01
8.9250E+00;1.6113E+01
8.9260E+00;1.6109E+01
8.9270E+00;1.6104E+01
8.9280E+00;1.6100E+01
8.9290E+00;1.6095E+01
8.9300E+00;1.6091E+01
8.9310E+00;1.6086E+01
8.9320E+00;1.6082E+01
8.9330E+00;1.6077E+01
8.9340E+00;1.6073E+01
8.9350E+00;1.6068E+01
8.9360E+00;1.6064E+01
8.9370E+00;1.6059E+01
8.9380E+00;1.6055E+01
8.9390E+00;1.6050E+01
8.9400E+00;1.6046E+01
8.9410E+00;1.6042E+01
8.9420E+00;1.6037E+01
8.9430E+00;1.6033E+01
8.9440E+00;1.6028E+01
8.9450E+00;1.6024E+01
8.9460E+00;1.6019E+01
8.9470E+00;1.6015E+01
8.9480E+00;1.6010E+01
8.9490E+00;1.6006E+01
8.9500E+00;1.6001E+01
8.9510E+00;1.5997E+01
8.9520E+00;1.5992E+01
8.9530E+00;1.5988E+01
8.9540E+00;1.5983E+01
8.9550E+00;1.5979E+01
8.9560E+00;1.5974E+01
8.9570E+00;1.5970E+01
8.9580E+00;1.5965E+01
8.9590E+00;1.5961E+01
8.9600E+00;1.5956E+01
8.9610E+00;1.5952E+01
8.9620E+00;1.5948E+01
8.9630E+00;1.5943E+01
8.9640E+00;1.5939E+01
8.9650E+00;1.5934E+01
8.9660E+00;1.5930E+01
8.9670E+00;1.5925E+01
8.9680E+00;1.5921E+01
8.9690E+00;1.5916E+01
8.9700E+00;1.5912E+01
8.9710E+00;1.5907E+01
8.9720E+00;1.5903E+01
8.9730E+00;1.5898E+01
8.9740E+00;1.5894E+01
8.9750E+00;1.5889E+01
8.9760E+00;1.5885E+01
8.9770E+00;1.5880E+01
8.9780E+00;1.5876E+01
8.9790E+00;1.5871E+01
8.9800E+00;1.5867E+01
8.9810E+00;1.5863E+01
8.9820E+00;1.5858E+01
8.9830E+00;1.5854E+01
8.9840E+00;1.5849E+01
8.9850E+00;1.5845E+01
8.9860E+00;1.5840E+01
8.9870E+00;1.5836E+01
8.9880E+00;1.5831E+01
8.9890E+00;1.5827E+01
8.9900E+00;1.5822E+01
8.9910E+00;1.5818E+01
8.9920E+00;1.5813E+01
8.9930E+00;1.5809E+01
8.9940E+00;1.5804E+01
8.9950E+00;1.5800E+01
8.9960E+00;1.5795E+01
8.9970E+00;1.5791E+01
8.9980E+00;1.5786E+01
8.9990E+00;1.5782E+01
9.0000E+00;1.5778E+01
9.0010E+00;1.5773E+01
9.0020E+00;1.5769E+01
9.0030E+00;1.5764E+01
9.0040E+00;1.5760E+01
9.0050E+00;1.5755E+01
9.0060E+00;1.5751E+01
9.0070E+00;1.5746E+01
9.0080E+00;1.5742E+01
9.0090E+00;1.5737E+01
9.0100E+00;1.5733E+01
9.0110E+00;1.5728E+01
9.0120E+00;1.5724E+01
9.0130E+00;1.5719E+01
9.0140E+00;1.5715E+01
9.0150E+00;1.5710E+01
9.0160E+00;1.5706E+01
9.0170E+00;1.5701E+01
9.0180E+00;1.5697E+01
9.0190E+00;1.5693E+01
9.0200E+00;1.5688E+01
9.0210E+00;1.5684E+01
9.0220E+00;1.5679E+01
9.0230E+00;1.5675E+01
9.0240E+00;1.5670E+01
9.0250E+00;1.5666E+01
9.0260E+00;1.5661E+01
9.0270E+00;1.5657E+01
9.0280E+00;1.5652E+01
9.0290E+00;1.5648E+01
9.0300E+00;1.5643E+01
9.0310E+00;1.5639E+01
9.0320E+00;1.5634E+01
9.0330E+00;1.5630E+01
9.0340E+00;1.5625E+01
9.0350E+00;1.5621E+01
9.0360E+00;1.5616E+01
9.0370E+00;1.5612E+01
9.0380E+00;1.5607E+01
9.0390E+00;1.5603E+01
9.0400E+00;1.5599E+01
9.0410E+00;1.5594E+01
9.0420E+00;1.5590E+01
9.0430E+00;1.5585E+01
9.0440E+00;1.5581E+01
9.0450E+00;1.5576E+01
9.0460E+00;1.5572E+01
9.0470E+00;1.5567E+01
9.0480E+00;1.5563E+01
9.0490E+00;1.5558E+01
9.0500E+00;1.5554E+01
9.0510E+00;1.5549E+01
9.0520E+00;1.5545E+01
9.0530E+00;1.5540E+01
9.0540E+00;1.5536E+01
9.0550E+00;1.5531E+01
9.0560E+00;1.5527E+01
9.0570E+00;1.5522E+01
9.0580E+00;1.5518E+01
9.0590E+00;1.5514E+01
9.0600E+00;1.5509E+01
9.0610E+00;1.5505E+01
9.0620E+00;1.5500E+01
9.0630E+00;1.5496E+01
9.0640E+00;1.5491E+01
9.0650E+00;1.5487E+01
9.0660E+00;1.5482E+01
9.0670E+00;1.5478E+01
9.0680E+00;1.5473E+01
9.0690E+00;1.5469E+01
9.0700E+00;1.5464E+01
9.0710E+00;1.5460E+01
9.0720E+00;1.5455E+01
9.0730E+00;1.5451E+01
9.0740E+00;1.5446E+01
9.0750E+00;1.5442E+01
9.0760E+00;1.5437E+01
9.0770E+00;1.5433E+01
9.0780E+00;1.5429E+01
9.0790E+00;1.5424E+01
9.0800E+00;1.5420E+01
9.0810E+00;1.5415E+01
9.0820E+00;1.5411E+01
9.0830E+00;1.5406E+01
9.0840E+00;1.5402E+01
9.0850E+00;1.5397E+01
9.0860E+00;1.5393E+01
9.0870E+00;1.5388E+01
9.0880E+00;1.5384E+01
9.0890E+00;1.5379E+01
9.0900E+00;1.5375E+01
9.0910E+00;1.5370E+01
9.0920E+00;1.5366E+01
9.0930E+00;1.5361E+01
9.0940E+00;1.5357E+01
9.0950E+00;1.5352E+01
9.0960E+00;1.5348E+01
9.0970E+00;1.5344E+01
9.0980E+00;1.5339E+01
9.0990E+00;1.5335E+01
9.1000E+00;1.5330E+01
9.1010E+00;1.5326E+01
9.1020E+00;1.5321E+01
9.1030E+00;1.5317E+01
9.1040E+00;1.5312E+01
9.1050E+00;1.5308E+01
9.1060E+00;1.5303E+01
9.1070E+00;1.5299E+01
9.1080E+00;1.5294E+01
9.1090E+00;1.5290E+01
9.1100E+00;1.5285E+01
9.1110E+00;1.5281E+01
9.1120E+00;1.5276E+01
9.1130E+00;1.5272E+01
9.1140E+00;1.5267E+01
9.1150E+00;1.5263E+01
9.1160E+00;1.5258E+01
9.1170E+00;1.5254E+01
9.1180E+00;1.5250E+01
9.1190E+00;1.5245E+01
9.1200E+00;1.5241E+01
9.1210E+00;1.5236E+01
9.1220E+00;1.5232E+01
9.1230E+00;1.5227E+01
9.1240E+00;1.5223E+01
9.1250E+00;1.5218E+01
9.1260E+00;1.5214E+01
9.1270E+00;1.5209E+01
9.1280E+00;1.5205E+01
9.1290E+00;1.5200E+01
9.1300E+00;1.5196E+01
9.1310E+00;1.5191E+01
9.1320E+00;1.5187E+01
9.1330E+00;1.5182E+01
9.1340E+00;1.5178E+01
9.1350E+00;1.5173E+01
9.1360E+00;1.5169E+01
9.1370E+00;1.5165E+01
9.1380E+00;1.5160E+01
9.1390E+00;1.5156E+01
9.1400E+00;1.5151E+01
9.1410E+00;1.5147E+01
9.1420E+00;1.5142E+01
9.1430E+00;1.5138E+01
9.1440E+00;1.5133E+01
9.1450E+00;1.5129E+01
9.1460E+00;1.5124E+01
9.1470E+00;1.5120E+01
9.1480E+00;1.5115E+01
9.1490E+00;1.5111E+01
9.1500E+00;1.5106E+01
9.1510E+00;1.5102E+01
9.1520E+00;1.5097E+01
9.1530E+00;1.5093E+01
9.1540E+00;1.5088E+01
9.1550E+00;1.5084E+01
9.1560E+00;1.5080E+01
9.1570E+00;1.5075E+01
9.1580E+00;1.5071E+01
9.1590E+00;1.5066E+01
9.1600E+00;1.5062E+01
9.1610E+00;1.5057E+01
9.1620E+00;1.5053E+01
9.1630E+00;1.5048E+01
9.1640E+00;1.5044E+01
9.1650E+00;1.5039E+01
9.1660E+00;1.5035E+01
9.1670E+00;1.5030E+01
9.1680E+00;1.5026E+01
9.1690E+00;1.5021E+01
9.1700E+00;1.5017E+01
9.1710E+00;1.5012E+01
9.1720E+00;1.5008E+01
9.1730E+00;1.5003E+01
9.1740E+00;1.4999E+01
9.1750E+00;1.4995E+01
9.1760E+00;1.4990E+01
9.1770E+00;1.4986E+01
9.1780E+00;1.4981E+01
9.1790E+00;1.4977E+01
9.1800E+00;1.4972E+01
9.1810E+00;1.4968E+01
9.1820E+00;1.4963E+01
9.1830E+00;1.4959E+01
9.1840E+00;1.4954E+01
9.1850E+00;1.4950E+01
9.1860E+00;1.4945E+01
9.1870E+00;1.4941E+01
9.1880E+00;1.4936E+01
9.1890E+00;1.4932E+01
9.1900E+00;1.4927E+01
9.1910E+00;1.4923E+01
9.1920E+00;1.4918E+01
9.1930E+00;1.4914E+01
9.1940E+00;1.4910E+01
9.1950E+00;1.4905E+01
9.1960E+00;1.4901E+01
9.1970E+00;1.4896E+01
9.1980E+00;1.4892E+01
9.1990E+00;1.4887E+01
9.2000E+00;1.4883E+01
9.2010E+00;1.4878E+01
9.2020E+00;1.4874E+01
9.2030E+00;1.4869E+01
9.2040E+00;1.4865E+01
9.2050E+00;1.4860E+01
9.2060E+00;1.4856E+01
9.2070E+00;1.4851E+01
9.2080E+00;1.4847E+01
9.2090E+00;1.4842E+01
9.2100E+00;1.4838E+01
9.2110E+00;1.4833E+01
9.2120E+00;1.4829E+01
9.2130E+00;1.4824E+01
9.2140E+00;1.4820E+01
9.2150E+00;1.4816E+01
9.2160E+00;1.4811E+01
9.2170E+00;1.4807E+01
9.2180E+00;1.4802E+01
9.2190E+00;1.4798E+01
9.2200E+00;1.4793E+01
9.2210E+00;1.4789E+01
9.2220E+00;1.4784E+01
9.2230E+00;1.4780E+01
9.2240E+00;1.4775E+01
9.2250E+00;1.4771E+01
9.2260E+00;1.4766E+01
9.2270E+00;1.4762E+01
9.2280E+00;1.4757E+01
9.2290E+00;1.4753E+01
9.2300E+00;1.4748E+01
9.2310E+00;1.4744E+01
9.2320E+00;1.4739E+01
9.2330E+00;1.4735E+01
9.2340E+00;1.4731E+01
9.2350E+00;1.4726E+01
9.2360E+00;1.4722E+01
9.2370E+00;1.4717E+01
9.2380E+00;1.4713E+01
9.2390E+00;1.4708E+01
9.2400E+00;1.4704E+01
9.2410E+00;1.4699E+01
9.2420E+00;1.4695E+01
9.2430E+00;1.4690E+01
9.2440E+00;1.4686E+01
9.2450E+00;1.4681E+01
9.2460E+00;1.4677E+01
9.2470E+00;1.4672E+01
9.2480E+00;1.4668E+01
9.2490E+00;1.4663E+01
9.2500E+00;1.4659E+01
9.2510E+00;1.4654E+01
9.2520E+00;1.4650E+01
9.2530E+00;1.4646E+01
9.2540E+00;1.4641E+01
9.2550E+00;1.4637E+01
9.2560E+00;1.4632E+01
9.2570E+00;1.4628E+01
9.2580E+00;1.4623E+01
9.2590E+00;1.4619E+01
9.2600E+00;1.4614E+01
9.2610E+00;1.4610E+01
9.2620E+00;1.4605E+01
9.2630E+00;1.4601E+01
9.2640E+00;1.4596E+01
9.2650E+00;1.4592E+01
9.2660E+00;1.4587E+01
9.2670E+00;1.4583E+01
9.2680E+00;1.4578E+01
9.2690E+00;1.4574E+01
9.2700E+00;1.4569E+01
9.2710E+00;1.4565E+01
9.2720E+00;1.4561E+01
9.2730E+00;1.4556E+01
9.2740E+00;1.4552E+01
9.2750E+00;1.4547E+01
9.2760E+00;1.4543E+01
9.2770E+00;1.4538E+01
9.2780E+00;1.4534E+01
9.2790E+00;1.4529E+01
9.2800E+00;1.4525E+01
9.2810E+00;1.4520E+01
9.2820E+00;1.4516E+01
9.2830E+00;1.4511E+01
9.2840E+00;1.4507E+01
9.2850E+00;1.4502E+01
9.2860E+00;1.4498E+01
9.2870E+00;1.4493E+01
9.2880E+00;1.4489E+01
9.2890E+00;1.4484E+01
9.2900E+00;1.4480E+01
9.2910E+00;1.4475E+01
9.2920E+00;1.4471E+01
9.2930E+00;1.4467E+01
9.2940E+00;1.4462E+01
9.2950E+00;1.4458E+01
9.2960E+00;1.4453E+01
9.2970E+00;1.4449E+01
9.2980E+00;1.4444E+01
9.2990E+00;1.4440E+01
9.3000E+00;1.4435E+01
9.3010E+00;1.4431E+01
9.3020E+00;1.4426E+01
9.3030E+00;1.4422E+01
9.3040E+00;1.4417E+01
9.3050E+00;1.4413E+01
9.3060E+00;1.4408E+01
9.3070E+00;1.4404E+01
9.3080E+00;1.4399E+01
9.3090E+00;1.4395E+01
9.3100E+00;1.4390E+01
9.3110E+00;1.4386E+01
9.3120E+00;1.4382E+01
9.3130E+00;1.4377E+01
9.3140E+00;1.4373E+01
9.3150E+00;1.4368E+01
9.3160E+00;1.4364E+01
9.3170E+00;1.4359E+01
9.3180E+00;1.4355E+01
9.3190E+00;1.4350E+01
9.3200E+00;1.4346E+01
9.3210E+00;1.4341E+01
9.3220E+00;1.4337E+01
9.3230E+00;1.4332E+01
9.3240E+00;1.4328E+01
9.3250E+00;1.4323E+01
9.3260E+00;1.4319E+01
9.3270E+00;1.4314E+01
9.3280E+00;1.4310E+01
9.3290E+00;1.4305E+01
9.3300E+00;1.4301E+01
9.3310E+00;1.4297E+01
9.3320E+00;1.4292E+01
9.3330E+00;1.4288E+01
9.3340E+00;1.4283E+01
9.3350E+00;1.4279E+01
9.3360E+00;1.4274E+01
9.3370E+00;1.4270E+01
9.3380E+00;1.4265E+01
9.3390E+00;1.4261E+01
9.3400E+00;1.4256E+01
9.3410E+00;1.4252E+01
9.3420E+00;1.4247E+01
9.3430E+00;1.4243E+01
9.3440E+00;1.4238E+01
9.3450E+00;1.4234E+01
9.3460E+00;1.4229E+01
9.3470E+00;1.4225E+01
9.3480E+00;1.4220E+01
9.3490E+00;1.4216E+01
9.3500E+00;1.4212E+01
9.3510E+00;1.4207E+01
9.3520E+00;1.4203E+01
9.3530E+00;1.4198E+01
9.3540E+00;1.4194E+01
9.3550E+00;1.4189E+01
9.3560E+00;1.4185E+01
9.3570E+00;1.4180E+01
9.3580E+00;1.4176E+01
9.3590E+00;1.4171E+01
9.3600E+00;1.4167E+01
9.3610E+00;1.4162E+01
9.3620E+00;1.4158E+01
9.3630E+00;1.4153E+01
9.3640E+00;1.4149E+01
9.3650E+00;1.4144E+01
9.3660E+00;1.4140E+01
9.3670E+00;1.4135E+01
9.3680E+00;1.4131E+01
9.3690E+00;1.4127E+01
9.3700E+00;1.4122E+01
9.3710E+00;1.4118E+01
9.3720E+00;1.4113E+01
9.3730E+00;1.4109E+01
9.3740E+00;1.4104E+01
9.3750E+00;1.4100E+01
9.3760E+00;1.4095E+01
9.3770E+00;1.4091E+01
9.3780E+00;1.4086E+01
9.3790E+00;1.4082E+01
9.3800E+00;1.4077E+01
9.3810E+00;1.4073E+01
9.3820E+00;1.4068E+01
9.3830E+00;1.4064E+01
9.3840E+00;1.4059E+01
9.3850E+00;1.4055E+01
9.3860E+00;1.4050E+01
9.3870E+00;1.4046E+01
9.3880E+00;1.4041E+01
9.3890E+00;1.4037E+01
9.3900E+00;1.4033E+01
9.3910E+00;1.4028E+01
9.3920E+00;1.4024E+01
9.3930E+00;1.4019E+01
9.3940E+00;1.4015E+01
9.3950E+00;1.4010E+01
9.3960E+00;1.4006E+01
9.3970E+00;1.4001E+01
9.3980E+00;1.3997E+01
9.3990E+00;1.3992E+01
9.4000E+00;1.3988E+01
9.4010E+00;1.3983E+01
9.4020E+00;1.3979E+01
9.4030E+00;1.3974E+01
9.4040E+00;1.3970E+01
9.4050E+00;1.3965E+01
9.4060E+00;1.3961E+01
9.4070E+00;1.3956E+01
9.4080E+00;1.3952E+01
9.4090E+00;1.3948E+01
9.4100E+00;1.3943E+01
9.4110E+00;1.3939E+01
9.4120E+00;1.3934E+01
9.4130E+00;1.3930E+01
9.4140E+00;1.3925E+01
9.4150E+00;1.3921E+01
9.4160E+00;1.3916E+01
9.4170E+00;1.3912E+01
9.4180E+00;1.3907E+01
9.4190E+00;1.3903E+01
9.4200E+00;1.3898E+01
9.4210E+00;1.3894E+01
9.4220E+00;1.3889E+01
9.4230E+00;1.3885E+01
9.4240E+00;1.3880E+01
9.4250E+00;1.3876E+01
9.4260E+00;1.3871E+01
9.4270E+00;1.3867E+01
9.4280E+00;1.3863E+01
9.4290E+00;1.3858E+01
9.4300E+00;1.3854E+01
9.4310E+00;1.3849E+01
9.4320E+00;1.3845E+01
9.4330E+00;1.3840E+01
9.4340E+00;1.3836E+01
9.4350E+00;1.3831E+01
9.4360E+00;1.3827E+01
9.4370E+00;1.3822E+01
9.4380E+00;1.3818E+01
9.4390E+00;1.3813E+01
9.4400E+00;1.3809E+01
9.4410E+00;1.3804E+01
9.4420E+00;1.3800E+01
9.4430E+00;1.3795E+01
9.4440E+00;1.3791E+01
9.4450E+00;1.3786E+01
9.4460E+00;1.3782E+01
9.4470E+00;1.3778E+01
9.4480E+00;1.3773E+01
9.4490E+00;1.3771E+01
9.4500E+00;1.3768E+01
9.4510E+00;1.3766E+01
9.4520E+00;1.3763E+01
9.4530E+00;1.3761E+01
9.4540E+00;1.3758E+01
9.4550E+00;1.3756E+01
9.4560E+00;1.3753E+01
9.4570E+00;1.3751E+01
9.4580E+00;1.3748E+01
9.4590E+00;1.3746E+01
9.4600E+00;1.3743E+01
9.4610E+00;1.3741E+01
9.4620E+00;1.3738E+01
9.4630E+00;1.3736E+01
9.4640E+00;1.3733E+01
9.4650E+00;1.3730E+01
9.4660E+00;1.3728E+01
9.4670E+00;1.3725E+01
9.4680E+00;1.3723E+01
9.4690E+00;1.3720E+01
9.4700E+00;1.3718E+01
9.4710E+00;1.3715E+01
9.4720E+00;1.3713E+01
9.4730E+00;1.3710E+01
9.4740E+00;1.3708E+01
9.4750E+00;1.3705E+01
9.4760E+00;1.3703E+01
9.4770E+00;1.3700E+01
9.4780E+00;1.3698E+01
9.4790E+00;1.3695E+01
9.4800E+00;1.3693E+01
9.4810E+00;1.3690E+01
9.4820E+00;1.3688E+01
9.4830E+00;1.3685E+01
9.4840E+00;1.3683E+01
9.4850E+00;1.3680E+01
9.4860E+00;1.3678E+01
9.4870E+00;1.3675E+01
9.4880E+00;1.3672E+01
9.4890E+00;1.3670E+01
9.4900E+00;1.3667E+01
9.4910E+00;1.3665E+01
9.4920E+00;1.3662E+01
9.4930E+00;1.3660E+01
9.4940E+00;1.3657E+01
9.4950E+00;1.3655E+01
9.4960E+00;1.3652E+01
9.4970E+00;1.3650E+01
9.4980E+00;1.3647E+01
9.4990E+00;1.3645E+01
9.5000E+00;1.3642E+01
9.5010E+00;1.3640E+01
9.5020E+00;1.3637E+01
9.5030E+00;1.3635E+01
9.5040E+00;1.3632E+01
9.5050E+00;1.3630E+01
9.5060E+00;1.3627E+01
9.5070E+00;1.3625E+01
9.5080E+00;1.3622E+01
9.5090E+00;1.3619E+01
9.5100E+00;1.3617E+01
9.5110E+00;1.3614E+01
9.5120E+00;1.3612E+01
9.5130E+00;1.3609E+01
9.5140E+00;1.3607E+01
9.5150E+00;1.3604E+01
9.5160E+00;1.3602E+01
9.5170E+00;1.3599E+01
9.5180E+00;1.3597E+01
9.5190E+00;1.3594E+01
9.5200E+00;1.3592E+01
9.5210E+00;1.3589E+01
9.5220E+00;1.3587E+01
9.5230E+00;1.3584E+01
9.5240E+00;1.3582E+01
9.5250E+00;1.3579E+01
9.5260E+00;1.3577E+01
9.5270E+00;1.3574E+01
9.5280E+00;1.3572E+01
9.5290E+00;1.3569E+01
9.5300E+00;1.3567E+01
9.5310E+00;1.3564E+01
9.5320E+00;1.3561E+01
9.5330E+00;1.3559E+01
9.5340E+00;1.3556E+01
9.5350E+00;1.3554E+01
9.5360E+00;1.3551E+01
9.5370E+00;1.3549E+01
9.5380E+00;1.3546E+01
9.5390E+00;1.3544E+01
9.5400E+00;1.3541E+01
9.5410E+00;1.3539E+01
9.5420E+00;1.3536E+01
9.5430E+00;1.3534E+01
9.5440E+00;1.3531E+01
9.5450E+00;1.3529E+01
9.5460E+00;1.3526E+01
9.5470E+00;1.3524E+01
9.5480E+00;1.3521E+01
9.5490E+00;1.3519E+01
9.5500E+00;1.3516E+01
9.5510E+00;1.3514E+01
9.5520E+00;1.3511E+01
9.5530E+00;1.3508E+01
9.5540E+00;1.3506E+01
9.5550E+00;1.3503E+01
9.5560E+00;1.3501E+01
9.5570E+00;1.3498E+01
9.5580E+00;1.3496E+01
9.5590E+00;1.3493E+01
9.5600E+00;1.3491E+01
9.5610E+00;1.3488E+01
9.5620E+00;1.3486E+01
9.5630E+00;1.3483E+01
9.5640E+00;1.3481E+01
9.5650E+00;1.3478E+01
9.5660E+00;1.3476E+01
9.5670E+00;1.3473E+01
9.5680E+00;1.3471E+01
9.5690E+00;1.3468E+01
9.5700E+00;1.3466E+01
9.5710E+00;1.3463E+01
9.5720E+00;1.3461E+01
9.5730E+00;1.3458E+01
9.5740E+00;1.3456E+01
9.5750E+00;1.3453E+01
9.5760E+00;1.3450E+01
9.5770E+00;1.3448E+01
9.5780E+00;1.3445E+01
9.5790E+00;1.3443E+01
9.5800E+00;1.3440E+01
9.5810E+00;1.3438E+01
9.5820E+00;1.3435E+01
9.5830E+00;1.3433E+01
9.5840E+00;1.3430E+01
9.5850E+00;1.3428E+01
9.5860E+00;1.3425E+01
9.5870E+00;1.3423E+01
9.5880E+00;1.3420E+01
9.5890E+00;1.3418E+01
9.5900E+00;1.3415E+01
9.5910E+00;1.3413E+01
9.5920E+00;1.3410E+01
9.5930E+00;1.3408E+01
9.5940E+00;1.3405E+01
9.5950E+00;1.3403E+01
9.5960E+00;1.3400E+01
9.5970E+00;1.3398E+01
9.5980E+00;1.3395E+01
9.5990E+00;1.3392E+01
9.6000E+00;1.3390E+01
9.6010E+00;1.3387E+01
9.6020E+00;1.3385E+01
9.6030E+00;1.3382E+01
9.6040E+00;1.3380E+01
9.6050E+00;1.3377E+01
9.6060E+00;1.3375E+01
9.6070E+00;1.3372E+01
9.6080E+00;1.3370E+01
9.6090E+00;1.3367E+01
9.6100E+00;1.3365E+01
9.6110E+00;1.3362E+01
9.6120E+00;1.3360E+01
9.6130E+00;1.3357E+01
9.6140E+00;1.3355E+01
9.6150E+00;1.3352E+01
9.6160E+00;1.3350E+01
9.6170E+00;1.3347E+01
9.6180E+00;1.3345E+01
9.6190E+00;1.3342E+01
9.6200E+00;1.3340E+01
9.6210E+00;1.3337E+01
9.6220E+00;1.3335E+01
9.6230E+00;1.3332E+01
9.6240E+00;1.3329E+01
9.6250E+00;1.3327E+01
9.6260E+00;1.3324E+01
9.6270E+00;1.3322E+01
9.6280E+00;1.3319E+01
9.6290E+00;1.3317E+01
9.6300E+00;1.3314E+01
9.6310E+00;1.3312E+01
9.6320E+00;1.3309E+01
9.6330E+00;1.3307E+01
9.6340E+00;1.3304E+01
9.6350E+00;1.3302E+01
9.6360E+00;1.3299E+01
9.6370E+00;1.3297E+01
9.6380E+00;1.3294E+01
9.6390E+00;1.3292E+01
9.6400E+00;1.3289E+01
9.6410E+00;1.3287E+01
9.6420E+00;1.3284E+01
9.6430E+00;1.3282E+01
9.6440E+00;1.3279E+01
9.6450E+00;1.3277E+01
9.6460E+00;1.3274E+01
9.6470E+00;1.3271E+01
9.6480E+00;1.3269E+01
9.6490E+00;1.3266E+01
9.6500E+00;1.3264E+01
9.6510E+00;1.3261E+01
9.6520E+00;1.3259E+01
9.6530E+00;1.3256E+01
9.6540E+00;1.3254E+01
9.6550E+00;1.3251E+01
9.6560E+00;1.3249E+01
9.6570E+00;1.3246E+01
9.6580E+00;1.3244E+01
9.6590E+00;1.3241E+01
9.6600E+00;1.3239E+01
9.6610E+00;1.3236E+01
9.6620E+00;1.3234E+01
9.6630E+00;1.3231E+01
9.6640E+00;1.3229E+01
9.6650E+00;1.3226E+01
9.6660E+00;1.3224E+01
9.6670E+00;1.3221E+01
9.6680E+00;1.3219E+01
9.6690E+00;1.3216E+01
9.6700E+00;1.3214E+01
9.6710E+00;1.3211E+01
9.6720E+00;1.3208E+01
9.6730E+00;1.3206E+01
9.6740E+00;1.3203E+01
9.6750E+00;1.3201E+01
9.6760E+00;1.3198E+01
9.6770E+00;1.3196E+01
9.6780E+00;1.3193E+01
9.6790E+00;1.3191E+01
9.6800E+00;1.3188E+01
9.6810E+00;1.3186E+01
9.6820E+00;1.3183E+01
9.6830E+00;1.3181E+01
9.6840E+00;1.3178E+01
9.6850E+00;1.3176E+01
9.6860E+00;1.3173E+01
9.6870E+00;1.3171E+01
9.6880E+00;1.3168E+01
9.6890E+00;1.3166E+01
9.6900E+00;1.3163E+01
9.6910E+00;1.3161E+01
9.6920E+00;1.3158E+01
9.6930E+00;1.3156E+01
9.6940E+00;1.3153E+01
9.6950E+00;1.3151E+01
9.6960E+00;1.3148E+01
9.6970E+00;1.3145E+01
9.6980E+00;1.3143E+01
9.6990E+00;1.3140E+01
9.7000E+00;1.3138E+01
9.7010E+00;1.3135E+01
9.7020E+00;1.3133E+01
9.7030E+00;1.3130E+01
9.7040E+00;1.3128E+01
9.7050E+00;1.3125E+01
9.7060E+00;1.3123E+01
9.7070E+00;1.3120E+01
9.7080E+00;1.3118E+01
9.7090E+00;1.3115E+01
9.7100E+00;1.3113E+01
9.7110E+00;1.3110E+01
9.7120E+00;1.3108E+01
9.7130E+00;1.3105E+01
9.7140E+00;1.3103E+01
9.7150E+00;1.3100E+01
9.7160E+00;1.3098E+01
9.7170E+00;1.3095E+01
9.7180E+00;1.3093E+01
9.7190E+00;1.3090E+01
9.7200E+00;1.3088E+01
9.7210E+00;1.3085E+01
9.7220E+00;1.3082E+01
9.7230E+00;1.3080E+01
9.7240E+00;1.3077E+01
9.7250E+00;1.3075E+01
9.7260E+00;1.3072E+01
9.7270E+00;1.3070E+01
9.7280E+00;1.3067E+01
9.7290E+00;1.3065E+01
9.7300E+00;1.3062E+01
9.7310E+00;1.3060E+01
9.7320E+00;1.3057E+01
9.7330E+00;1.3055E+01
9.7340E+00;1.3052E+01
9.7350E+00;1.3050E+01
9.7360E+00;1.3047E+01
9.7370E+00;1.3045E+01
9.7380E+00;1.3042E+01
9.7390E+00;1.3040E+01
9.7400E+00;1.3037E+01
9.7410E+00;1.3035E+01
9.7420E+00;1.3032E+01
9.7430E+00;1.3030E+01
9.7440E+00;1.3027E+01
9.7450E+00;1.3025E+01
9.7460E+00;1.3022E+01
9.7470E+00;1.3020E+01
9.7480E+00;1.3017E+01
9.7490E+00;1.3014E+01
9.7500E+00;1.3012E+01
9.7510E+00;1.3009E+01
9.7520E+00;1.3007E+01
9.7530E+00;1.3004E+01
9.7540E+00;1.3002E+01
9.7550E+00;1.2999E+01
9.7560E+00;1.2997E+01
9.7570E+00;1.2994E+01
9.7580E+00;1.2992E+01
9.7590E+00;1.2989E+01
9.7600E+00;1.2987E+01
9.7610E+00;1.2984E+01
9.7620E+00;1.2982E+01
9.7630E+00;1.2979E+01
9.7640E+00;1.2977E+01
9.7650E+00;1.2974E+01
9.7660E+00;1.2972E+01
9.7670E+00;1.2969E+01
9.7680E+00;1.2967E+01
9.7690E+00;1.2964E+01
9.7700E+00;1.2962E+01
9.7710E+00;1.2959E+01
9.7720E+00;1.2957E+01
9.7730E+00;1.2954E+01
9.7740E+00;1.2952E+01
9.7750E+00;1.2949E+01
9.7760E+00;1.2946E+01
9.7770E+00;1.2944E+01
9.7780E+00;1.2941E+01
9.7790E+00;1.2939E+01
9.7800E+00;1.2936E+01
9.7810E+00;1.2934E+01
9.7820E+00;1.2931E+01
9.7830E+00;1.2929E+01
9.7840E+00;1.2926E+01
9.7850E+00;1.2924E+01
9.7860E+00;1.2921E+01
9.7870E+00;1.2919E+01
9.7880E+00;1.2916E+01
9.7890E+00;1.2914E+01
9.7900E+00;1.2911E+01
9.7910E+00;1.2909E+01
9.7920E+00;1.2906E+01
9.7930E+00;1.2904E+01
9.7940E+00;1.2901E+01
9.7950E+00;1.2899E+01
9.7960E+00;1.2896E+01
9.7970E+00;1.2894E+01
9.7980E+00;1.2891E+01
9.7990E+00;1.2889E+01
9.8000E+00;1.2886E+01
9.8010E+00;1.2884E+01
9.8020E+00;1.2881E+01
9.8030E+00;1.2878E+01
9.8040E+00;1.2876E+01
9.8050E+00;1.2873E+01
9.8060E+00;1.2871E+01
9.8070E+00;1.2868E+01
9.8080E+00;1.2866E+01
9.8090E+00;1.2863E+01
9.8100E+00;1.2861E+01
9.8110E+00;1.2858E+01
9.8120E+00;1.2856E+01
9.8130E+00;1.2853E+01
9.8140E+00;1.2851E+01
9.8150E+00;1.2848E+01
9.8160E+00;1.2846E+01
9.8170E+00;1.2843E+01
9.8180E+00;1.2841E+01
9.8190E+00;1.2838E+01
9.8200E+00;1.2836E+01
9.8210E+00;1.2833E+01
9.8220E+00;1.2831E+01
9.8230E+00;1.2828E+01
9.8240E+00;1.2826E+01
9.8250E+00;1.2823E+01
9.8260E+00;1.2821E+01
9.8270E+00;1.2818E+01
9.8280E+00;1.2816E+01
9.8290E+00;1.2813E+01
9.8300E+00;1.2811E+01
9.8310E+00;1.2808E+01
9.8320E+00;1.2805E+01
9.8330E+00;1.2803E+01
9.8340E+00;1.2800E+01
9.8350E+00;1.2798E+01
9.8360E+00;1.2795E+01
9.8370E+00;1.2793E+01
9.8380E+00;1.2790E+01
9.8390E+00;1.2788E+01
9.8400E+00;1.2785E+01
9.8410E+00;1.2783E+01
9.8420E+00;1.2780E+01
9.8430E+00;1.2778E+01
9.8440E+00;1.2775E+01
9.8450E+00;1.2773E+01
9.8460E+00;1.2770E+01
9.8470E+00;1.2768E+01
9.8480E+00;1.2765E+01
9.8490E+00;1.2763E+01
9.8500E+00;1.2760E+01
9.8510E+00;1.2758E+01
9.8520E+00;1.2755E+01
9.8530E+00;1.2753E+01
9.8540E+00;1.2750E+01
9.8550E+00;1.2748E+01
9.8560E+00;1.2745E+01
9.8570E+00;1.2743E+01
9.8580E+00;1.2740E+01
9.8590E+00;1.2738E+01
9.8600E+00;1.2735E+01
9.8610E+00;1.2732E+01
9.8620E+00;1.2730E+01
9.8630E+00;1.2727E+01
9.8640E+00;1.2725E+01
9.8650E+00;1.2722E+01
9.8660E+00;1.2720E+01
9.8670E+00;1.2717E+01
9.8680E+00;1.2715E+01
9.8690E+00;1.2712E+01
9.8700E+00;1.2710E+01
9.8710E+00;1.2707E+01
9.8720E+00;1.2705E+01
9.8730E+00;1.2702E+01
9.8740E+00;1.2700E+01
9.8750E+00;1.2697E+01
9.8760E+00;1.2695E+01
9.8770E+00;1.2692E+01
9.8780E+00;1.2690E+01
9.8790E+00;1.2687E+01
9.8800E+00;1.2685E+01
9.8810E+00;1.2682E+01
9.8820E+00;1.2680E+01
9.8830E+00;1.2677E+01
9.8840E+00;1.2675E+01
9.8850E+00;1.2672E+01
9.8860E+00;1.2670E+01
9.8870E+00;1.2667E+01
9.8880E+00;1.2665E+01
9.8890E+00;1.2662E+01
9.8900E+00;1.2660E+01
9.8910E+00;1.2657E+01
9.8920E+00;1.2654E+01
9.8930E+00;1.2652E+01
9.8940E+00;1.2649E+01
9.8950E+00;1.2647E+01
9.8960E+00;1.2644E+01
9.8970E+00;1.2642E+01
9.8980E+00;1.2639E+01
9.8990E+00;1.2637E+01
9.9000E+00;1.2634E+01
9.9010E+00;1.2632E+01
9.9020E+00;1.2629E+01
9.9030E+00;1.2627E+01
9.9040E+00;1.2624E+01
9.9050E+00;1.2622E+01
9.9060E+00;1.2619E+01
9.9070E+00;1.2617E+01
9.9080E+00;1.2614E+01
9.9090E+00;1.2612E+01
9.9100E+00;1.2609E+01
9.9110E+00;1.2607E+01
9.9120E+00;1.2604E+01
9.9130E+00;1.2602E+01
9.9140E+00;1.2599E+01
9.9150E+00;1.2597E+01
9.9160E+00;1.2594E+01
9.9170E+00;1.2592E+01
9.9180E+00;1.2589E+01
9.9190E+00;1.2587E+01
9.9200E+00;1.2584E+01
9.9210E+00;1.2582E+01
9.9220E+00;1.2579E+01
9.9230E+00;1.2576E+01
9.9240E+00;1.2574E+01
9.9250E+00;1.2571E+01
9.9260E+00;1.2569E+01
9.9270E+00;1.2566E+01
9.9280E+00;1.2564E+01
9.9290E+00;1.2561E+01
9.9300E+00;1.2559E+01
9.9310E+00;1.2556E+01
9.9320E+00;1.2554E+01
9.9330E+00;1.2551E+01
9.9340E+00;1.2549E+01
9.9350E+00;1.2546E+01
9.9360E+00;1.2544E+01
9.9370E+00;1.2541E+01
9.9380E+00;1.2539E+01
9.9390E+00;1.2536E+01
9.9400E+00;1.2534E+01
9.9410E+00;1.2531E+01
9.9420E+00;1.2529E+01
9.9430E+00;1.2526E+01
9.9440E+00;1.2524E+01
9.9450E+00;1.2521E+01
9.9460E+00;1.2519E+01
9.9470E+00;1.2516E+01
9.9480E+00;1.2514E+01
9.9490E+00;1.2511E+01
9.9500E+00;1.2509E+01
9.9510E+00;1.2506E+01
9.9520E+00;1.2504E+01
9.9530E+00;1.2501E+01
9.9540E+00;1.2499E+01
9.9550E+00;1.2496E+01
9.9560E+00;1.2493E+01
9.9570E+00;1.2491E+01
9.9580E+00;1.2488E+01
9.9590E+00;1.2486E+01
9.9600E+00;1.2483E+01
9.9610E+00;1.2481E+01
9.9620E+00;1.2478E+01
9.9630E+00;1.2476E+01
9.9640E+00;1.2473E+01
9.9650E+00;1.2471E+01
9.9660E+00;1.2468E+01
9.9670E+00;1.2466E+01
9.9680E+00;1.2463E+01
9.9690E+00;1.2461E+01
9.9700E+00;1.2458E+01
9.9710E+00;1.2456E+01
9.9720E+00;1.2453E+01
9.9730E+00;1.2451E+01
9.9740E+00;1.2448E+01
9.9750E+00;1.2446E+01
9.9760E+00;1.2443E+01
9.9770E+00;1.2441E+01
9.9780E+00;1.2438E+01
9.9790E+00;1.2436E+01
9.9800E+00;1.2433E+01
9.9810E+00;1.2431E+01
9.9820E+00;1.2428E+01
9.9830E+00;1.2426E+01
9.9840E+00;1.2423E+01
9.9850E+00;1.2421E+01
9.9860E+00;1.2418E+01
9.9870E+00;1.2416E+01
9.9880E+00;1.2413E+01
9.9890E+00;1.2411E+01
9.9900E+00;1.2408E+01
9.9910E+00;1.2405E+01
9.9920E+00;1.2403E+01
9.9930E+00;1.2400E+01
9.9940E+00;1.2398E+01
9.9950E+00;1.2395E+01
9.9960E+00;1.2393E+01
9.9970E+00;1.2390E+01
9.9980E+00;1.2388E+01
9.9990E+00;1.2385E+01
1.0000E+01;1.2383E+01
1.0001E+01;1.2380E+01
1.0002E+01;1.2378E+01
1.0003E+01;1.2375E+01
1.0004E+01;1.2373E+01
1.0005E+01;1.2370E+01
1.0006E+01;1.2368E+01
1.0007E+01;1.2365E+01
1.0008E+01;1.2363E+01
1.0009E+01;1.2360E+01
1.0010E+01;1.2358E+01
1.0011E+01;1.2355E+01
1.0012E+01;1.2353E+01
1.0013E+01;1.2350E+01
1.0014E+01;1.2348E+01
1.0015E+01;1.2345E+01
1.0016E+01;1.2343E+01
1.0017E+01;1.2340E+01
1.0018E+01;1.2338E+01
1.0019E+01;1.2335E+01
1.0020E+01;1.2333E+01
1.0021E+01;1.2330E+01
1.0022E+01;1.2328E+01
1.0023E+01;1.2325E+01
1.0024E+01;1.2323E+01
1.0025E+01;1.2320E+01
1.0026E+01;1.2317E+01
1.0027E+01;1.2315E+01
1.0028E+01;1.2312E+01
1.0029E+01;1.2310E+01
1.0030E+01;1.2307E+01
1.0031E+01;1.2305E+01
1.0032E+01;1.2302E+01
1.0033E+01;1.2300E+01
1.0034E+01;1.2297E+01
1.0035E+01;1.2295E+01
1.0036E+01;1.2292E+01
1.0037E+01;1.2290E+01
1.0038E+01;1.2287E+01
1.0039E+01;1.2285E+01
1.0040E+01;1.2282E+01
1.0041E+01;1.2280E+01
1.0042E+01;1.2277E+01
1.0043E+01;1.2275E+01
1.0044E+01;1.2272E+01
1.0045E+01;1.2270E+01
1.0046E+01;1.2267E+01
1.0047E+01;1.2265E+01
1.0048E+01;1.2262E+01
1.0049E+01;1.2260E+01
1.0050E+01;1.2257E+01
1.0051E+01;1.2255E+01
1.0052E+01;1.2252E+01
1.0053E+01;1.2250E+01
1.0054E+01;1.2247E+01
1.0055E+01;1.2245E+01
1.0056E+01;1.2242E+01
1.0057E+01;1.2240E+01
1.0058E+01;1.2237E+01
1.0059E+01;1.2235E+01
1.0060E+01;1.2232E+01
1.0061E+01;1.2230E+01
1.0062E+01;1.2227E+01
1.0063E+01;1.2225E+01
1.0064E+01;1.2222E+01
1.0065E+01;1.2219E+01
1.0066E+01;1.2217E+01
1.0067E+01;1.2214E+01
1.0068E+01;1.2212E+01
1.0069E+01;1.2209E+01
1.0070E+01;1.2207E+01
1.0071E+01;1.2204E+01
1.0072E+01;1.2202E+01
1.0073E+01;1.2199E+01
1.0074E+01;1.2197E+01
1.0075E+01;1.2194E+01
1.0076E+01;1.2192E+01
1.0077E+01;1.2189E+01
1.0078E+01;1.2187E+01
1.0079E+01;1.2184E+01
1.0080E+01;1.2182E+01
1.0081E+01;1.2179E+01
1.0082E+01;1.2177E+01
1.0083E+01;1.2174E+01
1.0084E+01;1.2172E+01
1.0085E+01;1.2169E+01
1.0086E+01;1.2167E+01
1.0087E+01;1.2164E+01
1.0088E+01;1.2162E+01
1.0089E+01;1.2159E+01
1.0090E+01;1.2157E+01
1.0091E+01;1.2154E+01
1.0092E+01;1.2152E+01
1.0093E+01;1.2149E+01
1.0094E+01;1.2147E+01
1.0095E+01;1.2144E+01
1.0096E+01;1.2142E+01
1.0097E+01;1.2139E+01
1.0098E+01;1.2137E+01
1.0099E+01;1.2134E+01
1.0100E+01;1.2132E+01
1.0101E+01;1.2129E+01
1.0102E+01;1.2127E+01
1.0103E+01;1.2124E+01
1.0104E+01;1.2122E+01
1.0105E+01;1.2119E+01
1.0106E+01;1.2116E+01
1.0107E+01;1.2114E+01
1.0108E+01;1.2111E+01
1.0109E+01;1.2109E+01
1.0110E+01;1.2106E+01
1.0111E+01;1.2104E+01
1.0112E+01;1.2101E+01
1.0113E+01;1.2099E+01
1.0114E+01;1.2096E+01
1.0115E+01;1.2094E+01
1.0116E+01;1.2091E+01
1.0117E+01;1.2089E+01
1.0118E+01;1.2086E+01
1.0119E+01;1.2084E+01
1.0120E+01;1.2081E+01
1.0121E+01;1.2079E+01
1.0122E+01;1.2076E+01
1.0123E+01;1.2074E+01
1.0124E+01;1.2071E+01
1.0125E+01;1.2069E+01
1.0126E+01;1.2066E+01
1.0127E+01;1.2064E+01
1.0128E+01;1.2061E+01
1.0129E+01;1.2059E+01
1.0130E+01;1.2056E+01
1.0131E+01;1.2054E+01
1.0132E+01;1.2051E+01
1.0133E+01;1.2049E+01
1.0134E+01;1.2046E+01
1.0135E+01;1.2044E+01
1.0136E+01;1.2041E+01
1.0137E+01;1.2039E+01
1.0138E+01;1.2036E+01
1.0139E+01;1.2034E+01
1.0140E+01;1.2031E+01
1.0141E+01;1.2029E+01
1.0142E+01;1.2026E+01
1.0143E+01;1.2024E+01
1.0144E+01;1.2021E+01
1.0145E+01;1.2019E+01
1.0146E+01;1.2016E+01
1.0147E+01;1.2014E+01
1.0148E+01;1.2011E+01
1.0149E+01;1.2009E+01
1.0150E+01;1.2006E+01
1.0151E+01;1.2003E+01
1.0152E+01;1.2001E+01
1.0153E+01;1.1998E+01
1.0154E+01;1.1996E+01
1.0155E+01;1.1993E+01
1.0156E+01;1.1991E+01
1.0157E+01;1.1988E+01
1.0158E+01;1.1986E+01
1.0159E+01;1.1983E+01
1.0160E+01;1.1981E+01
1.0161E+01;1.1978E+01
1.0162E+01;1.1976E+01
1.0163E+01;1.1973E+01
1.0164E+01;1.1971E+01
1.0165E+01;1.1968E+01
1.0166E+01;1.1966E+01
1.0167E+01;1.1963E+01
1.0168E+01;1.1961E+01
1.0169E+01;1.1958E+01
1.0170E+01;1.1956E+01
1.0171E+01;1.1953E+01
1.0172E+01;1.1951E+01
1.0173E+01;1.1948E+01
1.0174E+01;1.1946E+01
1.0175E+01;1.1943E+01
1.0176E+01;1.1941E+01
1.0177E+01;1.1938E+01
1.0178E+01;1.1936E+01
1.0179E+01;1.1933E+01
1.0180E+01;1.1931E+01
1.0181E+01;1.1928E+01
1.0182E+01;1.1926E+01
1.0183E+01;1.1923E+01
1.0184E+01;1.1921E+01
1.0185E+01;1.1918E+01
1.0186E+01;1.1916E+01
1.0187E+01;1.1913E+01
1.0188E+01;1.1911E+01
1.0189E+01;1.1908E+01
1.0190E+01;1.1906E+01
1.0191E+01;1.1903E+01
1.0192E+01;1.1901E+01
1.0193E+01;1.1898E+01
1.0194E+01;1.1896E+01
1.0195E+01;1.1893E+01
1.0196E+01;1.1891E+01
1.0197E+01;1.1888E+01
1.0198E+01;1.1886E+01
1.0199E+01;1.1883E+01
1.0200E+01;1.1880E+01
1.0201E+01;1.1878E+01
1.0202E+01;1.1875E+01
1.0203E+01;1.1873E+01
1.0204E+01;1.1870E+01
1.0205E+01;1.1868E+01
1.0206E+01;1.1865E+01
1.0207E+01;1.1863E+01
1.0208E+01;1.1860E+01
1.0209E+01;1.1858E+01
1.0210E+01;1.1855E+01
1.0211E+01;1.1853E+01
1.0212E+01;1.1850E+01
1.0213E+01;1.1848E+01
1.0214E+01;1.1845E+01
1.0215E+01;1.1843E+01
1.0216E+01;1.1840E+01
1.0217E+01;1.1838E+01
1.0218E+01;1.1835E+01
1.0219E+01;1.1833E+01
1.0220E+01;1.1830E+01
1.0221E+01;1.1828E+01
1.0222E+01;1.1825E+01
1.0223E+01;1.1823E+01
1.0224E+01;1.1820E+01
1.0225E+01;1.1818E+01
1.0226E+01;1.1815E+01
1.0227E+01;1.1813E+01
1.0228E+01;1.1810E+01
1.0229E+01;1.1808E+01
1.0230E+01;1.1805E+01
1.0231E+01;1.1803E+01
1.0232E+01;1.1800E+01
1.0233E+01;1.1798E+01
1.0234E+01;1.1795E+01
1.0235E+01;1.1793E+01
1.0236E+01;1.1790E+01
1.0237E+01;1.1788E+01
1.0238E+01;1.1785E+01
1.0239E+01;1.1783E+01
1.0240E+01;1.1780E+01
1.0241E+01;1.1778E+01
1.0242E+01;1.1775E+01
1.0243E+01;1.1773E+01
1.0244E+01;1.1770E+01
1.0245E+01;1.1768E+01
1.0246E+01;1.1765E+01
1.0247E+01;1.1763E+01
1.0248E+01;1.1760E+01
1.0249E+01;1.1758E+01
1.0250E+01;1.1755E+01
1.0251E+01;1.1753E+01
1.0252E+01;1.1750E+01
1.0253E+01;1.1748E+01
1.0254E+01;1.1745E+01
1.0255E+01;1.1742E+01
1.0256E+01;1.1740E+01
1.0257E+01;1.1737E+01
1.0258E+01;1.1735E+01
1.0259E+01;1.1732E+01
1.0260E+01;1.1730E+01
1.0261E+01;1.1727E+01
1.0262E+01;1.1725E+01
1.0263E+01;1.1722E+01
1.0264E+01;1.1720E+01
1.0265E+01;1.1717E+01
1.0266E+01;1.1715E+01
1.0267E+01;1.1712E+01
1.0268E+01;1.1710E+01
1.0269E+01;1.1707E+01
1.0270E+01;1.1705E+01
1.0271E+01;1.1702E+01
1.0272E+01;1.1700E+01
1.0273E+01;1.1697E+01
1.0274E+01;1.1695E+01
1.0275E+01;1.1692E+01
1.0276E+01;1.1690E+01
1.0277E+01;1.1687E+01
1.0278E+01;1.1685E+01
1.0279E+01;1.1682E+01
1.0280E+01;1.1680E+01
1.0281E+01;1.1677E+01
1.0282E+01;1.1675E+01
1.0283E+01;1.1672E+01
1.0284E+01;1.1670E+01
1.0285E+01;1.1667E+01
1.0286E+01;1.1665E+01
1.0287E+01;1.1662E+01
1.0288E+01;1.1660E+01
1.0289E+01;1.1657E+01
1.0290E+01;1.1655E+01
1.0291E+01;1.1652E+01
1.0292E+01;1.1650E+01
1.0293E+01;1.1647E+01
1.0294E+01;1.1645E+01
1.0295E+01;1.1642E+01
1.0296E+01;1.1640E+01
1.0297E+01;1.1637E+01
1.0298E+01;1.1635E+01
1.0299E+01;1.1632E+01
1.0300E+01;1.1630E+01
1.0301E+01;1.1627E+01
1.0302E+01;1.1625E+01
1.0303E+01;1.1622E+01
1.0304E+01;1.1620E+01
1.0305E+01;1.1617E+01
1.0306E+01;1.1615E+01
1.0307E+01;1.1612E+01
1.0308E+01;1.1610E+01
1.0309E+01;1.1607E+01
1.0310E+01;1.1605E+01
1.0311E+01;1.1602E+01
1.0312E+01;1.1600E+01
1.0313E+01;1.1597E+01
1.0314E+01;1.1595E+01
1.0315E+01;1.1592E+01
1.0316E+01;1.1590E+01
1.0317E+01;1.1587E+01
1.0318E+01;1.1585E+01
1.0319E+01;1.1582E+01
1.0320E+01;1.1580E+01
1.0321E+01;1.1577E+01
1.0322E+01;1.1574E+01
1.0323E+01;1.1572E+01
1.0324E+01;1.1569E+01
1.0325E+01;1.1567E+01
1.0326E+01;1.1564E+01
1.0327E+01;1.1562E+01
1.0328E+01;1.1559E+01
1.0329E+01;1.1557E+01
1.0330E+01;1.1554E+01
1.0331E+01;1.1552E+01
1.0332E+01;1.1549E+01
1.0333E+01;1.1547E+01
1.0334E+01;1.1544E+01
1.0335E+01;1.1542E+01
1.0336E+01;1.1539E+01
1.0337E+01;1.1537E+01
1.0338E+01;1.1534E+01
1.0339E+01;1.1532E+01
1.0340E+01;1.1529E+01
1.0341E+01;1.1527E+01
1.0342E+01;1.1524E+01
1.0343E+01;1.1522E+01
1.0344E+01;1.1519E+01
1.0345E+01;1.1517E+01
1.0346E+01;1.1514E+01
1.0347E+01;1.1512E+01
1.0348E+01;1.1509E+01
1.0349E+01;1.1507E+01
1.0350E+01;1.1504E+01
1.0351E+01;1.1502E+01
1.0352E+01;1.1499E+01
1.0353E+01;1.1497E+01
1.0354E+01;1.1494E+01
1.0355E+01;1.1492E+01
1.0356E+01;1.1489E+01
1.0357E+01;1.1487E+01
1.0358E+01;1.1484E+01
1.0359E+01;1.1482E+01
1.0360E+01;1.1479E+01
1.0361E+01;1.1477E+01
1.0362E+01;1.1474E+01
1.0363E+01;1.1472E+01
1.0364E+01;1.1469E+01
1.0365E+01;1.1467E+01
1.0366E+01;1.1464E+01
1.0367E+01;1.1462E+01
1.0368E+01;1.1459E+01
1.0369E+01;1.1457E+01
1.0370E+01;1.1454E+01
1.0371E+01;1.1452E+01
1.0372E+01;1.1449E+01
1.0373E+01;1.1447E+01
1.0374E+01;1.1444E+01
1.0375E+01;1.1442E+01
1.0376E+01;1.1439E+01
1.0377E+01;1.1437E+01
1.0378E+01;1.1434E+01
1.0379E+01;1.1432E+01
1.0380E+01;1.1429E+01
1.0381E+01;1.1428E+01
1.0382E+01;1.1426E+01
1.0383E+01;1.1425E+01
1.0384E+01;1.1423E+01
1.0385E+01;1.1421E+01
1.0386E+01;1.1420E+01
1.0387E+01;1.1418E+01
1.0388E+01;1.1417E+01
1.0389E+01;1.1415E+01
1.0390E+01;1.1413E+01
1.0391E+01;1.1412E+01
1.0392E+01;1.1410E+01
1.0393E+01;1.1409E+01
1.0394E+01;1.1407E+01
1.0395E+01;1.1406E+01
1.0396E+01;1.1404E+01
1.0397E+01;1.1402E+01
1.0398E+01;1.1401E+01
1.0399E+01;1.1399E+01
1.0400E+01;1.1398E+01
1.0401E+01;1.1396E+01
1.0402E+01;1.1394E+01
1.0403E+01;1.1393E+01
1.0404E+01;1.1391E+01
1.0405E+01;1.1390E+01
1.0406E+01;1.1388E+01
1.0407E+01;1.1386E+01
1.0408E+01;1.1385E+01
1.0409E+01;1.1383E+01
1.0410E+01;1.1382E+01
1.0411E+01;1.1380E+01
1.0412E+01;1.1378E+01
1.0413E+01;1.1377E+01
1.0414E+01;1.1375E+01
1.0415E+01;1.1374E+01
1.0416E+01;1.1372E+01
1.0417E+01;1.1371E+01
1.0418E+01;1.1369E+01
1.0419E+01;1.1367E+01
1.0420E+01;1.1366E+01
1.0421E+01;1.1364E+01
1.0422E+01;1.1363E+01
1.0423E+01;1.1361E+01
1.0424E+01;1.1359E+01
1.0425E+01;1.1358E+01
1.0426E+01;1.1356E+01
1.0427E+01;1.1355E+01
1.0428E+01;1.1353E+01
1.0429E+01;1.1351E+01
1.0430E+01;1.1350E+01
1.0431E+01;1.1348E+01
1.0432E+01;1.1347E+01
1.0433E+01;1.1345E+01
1.0434E+01;1.1344E+01
1.0435E+01;1.1342E+01
1.0436E+01;1.1340E+01
1.0437E+01;1.1339E+01
1.0438E+01;1.1337E+01
1.0439E+01;1.1336E+01
1.0440E+01;1.1334E+01
1.0441E+01;1.1332E+01
1.0442E+01;1.1331E+01
1.0443E+01;1.1329E+01
1.0444E+01;1.1328E+01
1.0445E+01;1.1326E+01
1.0446E+01;1.1324E+01
1.0447E+01;1.1323E+01
1.0448E+01;1.1321E+01
1.0449E+01;1.1320E+01
1.0450E+01;1.1318E+01
1.0451E+01;1.1317E+01
1.0452E+01;1.1315E+01
1.0453E+01;1.1313E+01
1.0454E+01;1.1312E+01
1.0455E+01;1.1310E+01
1.0456E+01;1.1309E+01
1.0457E+01;1.1307E+01
1.0458E+01;1.1305E+01
1.0459E+01;1.1304E+01
1.0460E+01;1.1302E+01
1.0461E+01;1.1301E+01
1.0462E+01;1.1299E+01
1.0463E+01;1.1297E+01
1.0464E+01;1.1296E+01
1.0465E+01;1.1294E+01
1.0466E+01;1.1293E+01
1.0467E+01;1.1291E+01
1.0468E+01;1.1289E+01
1.0469E+01;1.1288E+01
1.0470E+01;1.1286E+01
1.0471E+01;1.1285E+01
1.0472E+01;1.1283E+01
1.0473E+01;1.1282E+01
1.0474E+01;1.1280E+01
1.0475E+01;1.1278E+01
1.0476E+01;1.1277E+01
1.0477E+01;1.1275E+01
1.0478E+01;1.1274E+01
1.0479E+01;1.1272E+01
1.0480E+01;1.1270E+01
1.0481E+01;1.1269E+01
1.0482E+01;1.1267E+01
1.0483E+01;1.1266E+01
1.0484E+01;1.1264E+01
1.0485E+01;1.1262E+01
1.0486E+01;1.1261E+01
1.0487E+01;1.1259E+01
1.0488E+01;1.1258E+01
1.0489E+01;1.1256E+01
1.0490E+01;1.1255E+01
1.0491E+01;1.1253E+01
1.0492E+01;1.1251E+01
1.0493E+01;1.1250E+01
1.0494E+01;1.1248E+01
1.0495E+01;1.1247E+01
1.0496E+01;1.1245E+01
1.0497E+01;1.1243E+01
1.0498E+01;1.1242E+01
1.0499E+01;1.1240E+01
1.0500E+01;1.1239E+01
1.0501E+01;1.1237E+01
1.0502E+01;1.1235E+01
1.0503E+01;1.1234E+01
1.0504E+01;1.1232E+01
1.0505E+01;1.1231E+01
1.0506E+01;1.1229E+01
1.0507E+01;1.1228E+01
1.0508E+01;1.1226E+01
1.0509E+01;1.1224E+01
1.0510E+01;1.1223E+01
1.0511E+01;1.1221E+01
1.0512E+01;1.1220E+01
1.0513E+01;1.1218E+01
1.0514E+01;1.1216E+01
1.0515E+01;1.1215E+01
1.0516E+01;1.1213E+01
1.0517E+01;1.1212E+01
1.0518E+01;1.1210E+01
1.0519E+01;1.1208E+01
1.0520E+01;1.1207E+01
1.0521E+01;1.1205E+01
1.0522E+01;1.1204E+01
1.0523E+01;1.1202E+01
1.0524E+01;1.1201E+01
1.0525E+01;1.1199E+01
1.0526E+01;1.1197E+01
1.0527E+01;1.1196E+01
1.0528E+01;1.1194E+01
1.0529E+01;1.1193E+01
1.0530E+01;1.1191E+01
1.0531E+01;1.1189E+01
1.0532E+01;1.1188E+01
1.0533E+01;1.1186E+01
1.0534E+01;1.1185E+01
1.0535E+01;1.1183E+01
1.0536E+01;1.1181E+01
1.0537E+01;1.1180E+01
1.0538E+01;1.1178E+01
1.0539E+01;1.1177E+01
1.0540E+01;1.1175E+01
1.0541E+01;1.1173E+01
1.0542E+01;1.1172E+01
1.0543E+01;1.1170E+01
1.0544E+01;1.1169E+01
1.0545E+01;1.1167E+01
1.0546E+01;1.1166E+01
1.0547E+01;1.1164E+01
1.0548E+01;1.1162E+01
1.0549E+01;1.1161E+01
1.0550E+01;1.1159E+01
1.0551E+01;1.1158E+01
1.0552E+01;1.1156E+01
1.0553E+01;1.1154E+01
1.0554E+01;1.1153E+01
1.0555E+01;1.1151E+01
1.0556E+01;1.1150E+01
1.0557E+01;1.1148E+01
1.0558E+01;1.1146E+01
1.0559E+01;1.1145E+01
1.0560E+01;1.1143E+01
1.0561E+01;1.1142E+01
1.0562E+01;1.1140E+01
1.0563E+01;1.1139E+01
1.0564E+01;1.1137E+01
1.0565E+01;1.1135E+01
1.0566E+01;1.1134E+01
1.0567E+01;1.1132E+01
1.0568E+01;1.1131E+01
1.0569E+01;1.1129E+01
1.0570E+01;1.1127E+01
1.0571E+01;1.1126E+01
1.0572E+01;1.1124E+01
1.0573E+01;1.1123E+01
1.0574E+01;1.1121E+01
1.0575E+01;1.1119E+01
1.0576E+01;1.1118E+01
1.0577E+01;1.1116E+01
1.0578E+01;1.1115E+01
1.0579E+01;1.1113E+01
1.0580E+01;1.1112E+01
1.0581E+01;1.1110E+01
1.0582E+01;1.1108E+01
1.0583E+01;1.1107E+01
1.0584E+01;1.1105E+01
1.0585E+01;1.1104E+01
1.0586E+01;1.1102E+01
1.0587E+01;1.1100E+01
1.0588E+01;1.1099E+01
1.0589E+01;1.1097E+01
1.0590E+01;1.1096E+01
1.0591E+01;1.1094E+01
1.0592E+01;1.1092E+01
1.0593E+01;1.1091E+01
1.0594E+01;1.1089E+01
1.0595E+01;1.1088E+01
1.0596E+01;1.1086E+01
1.0597E+01;1.1085E+01
1.0598E+01;1.1083E+01
1.0599E+01;1.1081E+01
1.0600E+01;1.1080E+01
1.0601E+01;1.1078E+01
1.0602E+01;1.1077E+01
1.0603E+01;1.1075E+01
1.0604E+01;1.1073E+01
1.0605E+01;1.1072E+01
1.0606E+01;1.1070E+01
1.0607E+01;1.1069E+01
1.0608E+01;1.1067E+01
1.0609E+01;1.1065E+01
1.0610E+01;1.1064E+01
1.0611E+01;1.1062E+01
1.0612E+01;1.1061E+01
1.0613E+01;1.1059E+01
1.0614E+01;1.1057E+01
1.0615E+01;1.1056E+01
1.0616E+01;1.1054E+01
1.0617E+01;1.1053E+01
1.0618E+01;1.1051E+01
1.0619E+01;1.1050E+01
1.0620E+01;1.1048E+01
1.0621E+01;1.1046E+01
1.0622E+01;1.1045E+01
1.0623E+01;1.1043E+01
1.0624E+01;1.1042E+01
1.0625E+01;1.1040E+01
1.0626E+01;1.1038E+01
1.0627E+01;1.1037E+01
1.0628E+01;1.1035E+01
1.0629E+01;1.1034E+01
1.0630E+01;1.1032E+01
1.0631E+01;1.1030E+01
1.0632E+01;1.1029E+01
1.0633E+01;1.1027E+01
1.0634E+01;1.1026E+01
1.0635E+01;1.1024E+01
1.0636E+01;1.1023E+01
1.0637E+01;1.1021E+01
1.0638E+01;1.1019E+01
1.0639E+01;1.1018E+01
1.0640E+01;1.1016E+01
1.0641E+01;1.1015E+01
1.0642E+01;1.1013E+01
1.0643E+01;1.1011E+01
1.0644E+01;1.1010E+01
1.0645E+01;1.1008E+01
1.0646E+01;1.1007E+01
1.0647E+01;1.1005E+01
1.0648E+01;1.1003E+01
1.0649E+01;1.1002E+01
1.0650E+01;1.1000E+01
1.0651E+01;1.0999E+01
1.0652E+01;1.0997E+01
1.0653E+01;1.0996E+01
1.0654E+01;1.0994E+01
1.0655E+01;1.0992E+01
1.0656E+01;1.0991E+01
1.0657E+01;1.0989E+01
1.0658E+01;1.0988E+01
1.0659E+01;1.0986E+01
1.0660E+01;1.0984E+01
1.0661E+01;1.0983E+01
1.0662E+01;1.0981E+01
1.0663E+01;1.0980E+01
1.0664E+01;1.0978E+01
1.0665E+01;1.0976E+01
1.0666E+01;1.0975E+01
1.0667E+01;1.0973E+01
1.0668E+01;1.0972E+01
1.0669E+01;1.0970E+01
1.0670E+01;1.0969E+01
1.0671E+01;1.0967E+01
1.0672E+01;1.0965E+01
1.0673E+01;1.0964E+01
1.0674E+01;1.0962E+01
1.0675E+01;1.0961E+01
1.0676E+01;1.0959E+01
1.0677E+01;1.0957E+01
1.0678E+01;1.0956E+01
1.0679E+01;1.0954E+01
1.0680E+01;1.0953E+01
1.0681E+01;1.0951E+01
1.0682E+01;1.0949E+01
1.0683E+01;1.0948E+01
1.0684E+01;1.0946E+01
1.0685E+01;1.0945E+01
1.0686E+01;1.0943E+01
1.0687E+01;1.0941E+01
1.0688E+01;1.0940E+01
1.0689E+01;1.0938E+01
1.0690E+01;1.0937E+01
1.0691E+01;1.0935E+01
1.0692E+01;1.0934E+01
1.0693E+01;1.0932E+01
1.0694E+01;1.0930E+01
1.0695E+01;1.0929E+01
1.0696E+01;1.0927E+01
1.0697E+01;1.0926E+01
1.0698E+01;1.0924E+01
1.0699E+01;1.0922E+01
1.0700E+01;1.0921E+01
1.0701E+01;1.0919E+01
1.0702E+01;1.0918E+01
1.0703E+01;1.0916E+01
1.0704E+01;1.0914E+01
1.0705E+01;1.0913E+01
1.0706E+01;1.0911E+01
1.0707E+01;1.0910E+01
1.0708E+01;1.0908E+01
1.0709E+01;1.0907E+01
1.0710E+01;1.0905E+01
1.0711E+01;1.0903E+01
1.0712E+01;1.0902E+01
1.0713E+01;1.0900E+01
1.0714E+01;1.0899E+01
1.0715E+01;1.0897E+01
1.0716E+01;1.0895E+01
1.0717E+01;1.0894E+01
1.0718E+01;1.0892E+01
1.0719E+01;1.0891E+01
1.0720E+01;1.0889E+01
1.0721E+01;1.0887E+01
1.0722E+01;1.0886E+01
1.0723E+01;1.0884E+01
1.0724E+01;1.0883E+01
1.0725E+01;1.0881E+01
1.0726E+01;1.0880E+01
1.0727E+01;1.0878E+01
1.0728E+01;1.0876E+01
1.0729E+01;1.0875E+01
1.0730E+01;1.0873E+01
1.0731E+01;1.0872E+01
1.0732E+01;1.0870E+01
1.0733E+01;1.0868E+01
1.0734E+01;1.0867E+01
1.0735E+01;1.0865E+01
1.0736E+01;1.0864E+01
1.0737E+01;1.0862E+01
1.0738E+01;1.0860E+01
1.0739E+01;1.0859E+01
1.0740E+01;1.0857E+01
1.0741E+01;1.0856E+01
1.0742E+01;1.0854E+01
1.0743E+01;1.0853E+01
1.0744E+01;1.0851E+01
1.0745E+01;1.0849E+01
1.0746E+01;1.0848E+01
1.0747E+01;1.0846E+01
1.0748E+01;1.0845E+01
1.0749E+01;1.0843E+01
1.0750E+01;1.0841E+01
1.0751E+01;1.0840E+01
1.0752E+01;1.0838E+01
1.0753E+01;1.0837E+01
1.0754E+01;1.0835E+01
1.0755E+01;1.0833E+01
1.0756E+01;1.0832E+01
1.0757E+01;1.0830E+01
1.0758E+01;1.0829E+01
1.0759E+01;1.0827E+01
1.0760E+01;1.0825E+01
1.0761E+01;1.0824E+01
1.0762E+01;1.0822E+01
1.0763E+01;1.0821E+01
1.0764E+01;1.0819E+01
1.0765E+01;1.0818E+01
1.0766E+01;1.0816E+01
1.0767E+01;1.0814E+01
1.0768E+01;1.0813E+01
1.0769E+01;1.0811E+01
1.0770E+01;1.0810E+01
1.0771E+01;1.0808E+01
1.0772E+01;1.0806E+01
1.0773E+01;1.0805E+01
1.0774E+01;1.0803E+01
1.0775E+01;1.0802E+01
1.0776E+01;1.0800E+01
1.0777E+01;1.0798E+01
1.0778E+01;1.0797E+01
1.0779E+01;1.0795E+01
1.0780E+01;1.0794E+01
1.0781E+01;1.0792E+01
1.0782E+01;1.0791E+01
1.0783E+01;1.0789E+01
1.0784E+01;1.0787E+01
1.0785E+01;1.0786E+01
1.0786E+01;1.0784E+01
1.0787E+01;1.0783E+01
1.0788E+01;1.0781E+01
1.0789E+01;1.0779E+01
1.0790E+01;1.0778E+01
1.0791E+01;1.0776E+01
1.0792E+01;1.0775E+01
1.0793E+01;1.0773E+01
1.0794E+01;1.0771E+01
1.0795E+01;1.0770E+01
1.0796E+01;1.0768E+01
1.0797E+01;1.0767E+01
1.0798E+01;1.0765E+01
1.0799E+01;1.0764E+01
1.0800E+01;1.0762E+01
1.0801E+01;1.0760E+01
1.0802E+01;1.0759E+01
1.0803E+01;1.0757E+01
1.0804E+01;1.0756E+01
1.0805E+01;1.0754E+01
1.0806E+01;1.0752E+01
1.0807E+01;1.0751E+01
1.0808E+01;1.0749E+01
1.0809E+01;1.0748E+01
1.0810E+01;1.0746E+01
1.0811E+01;1.0744E+01
1.0812E+01;1.0743E+01
1.0813E+01;1.0741E+01
1.0814E+01;1.0740E+01
1.0815E+01;1.0738E+01
1.0816E+01;1.0737E+01
1.0817E+01;1.0735E+01
1.0818E+01;1.0733E+01
1.0819E+01;1.0732E+01
1.0820E+01;1.0730E+01
1.0821E+01;1.0729E+01
1.0822E+01;1.0727E+01
1.0823E+01;1.0725E+01
1.0824E+01;1.0724E+01
1.0825E+01;1.0722E+01
1.0826E+01;1.0721E+01
1.0827E+01;1.0719E+01
1.0828E+01;1.0717E+01
1.0829E+01;1.0716E+01
1.0830E+01;1.0714E+01
1.0831E+01;1.0713E+01
1.0832E+01;1.0711E+01
1.0833E+01;1.0709E+01
1.0834E+01;1.0708E+01
1.0835E+01;1.0706E+01
1.0836E+01;1.0705E+01
1.0837E+01;1.0703E+01
1.0838E+01;1.0702E+01
1.0839E+01;1.0700E+01
1.0840E+01;1.0698E+01
1.0841E+01;1.0697E+01
1.0842E+01;1.0695E+01
1.0843E+01;1.0694E+01
1.0844E+01;1.0692E+01
1.0845E+01;1.0690E+01
1.0846E+01;1.0689E+01
1.0847E+01;1.0687E+01
1.0848E+01;1.0686E+01
1.0849E+01;1.0684E+01
1.0850E+01;1.0682E+01
1.0851E+01;1.0681E+01
1.0852E+01;1.0679E+01
1.0853E+01;1.0678E+01
1.0854E+01;1.0676E+01
1.0855E+01;1.0675E+01
1.0856E+01;1.0673E+01
1.0857E+01;1.0671E+01
1.0858E+01;1.0670E+01
1.0859E+01;1.0668E+01
1.0860E+01;1.0667E+01
1.0861E+01;1.0665E+01
1.0862E+01;1.0663E+01
1.0863E+01;1.0662E+01
1.0864E+01;1.0660E+01
1.0865E+01;1.0659E+01
1.0866E+01;1.0657E+01
1.0867E+01;1.0655E+01
1.0868E+01;1.0654E+01
1.0869E+01;1.0652E+01
1.0870E+01;1.0651E+01
1.0871E+01;1.0649E+01
1.0872E+01;1.0648E+01
1.0873E+01;1.0646E+01
1.0874E+01;1.0644E+01
1.0875E+01;1.0643E+01
1.0876E+01;1.0641E+01
1.0877E+01;1.0640E+01
1.0878E+01;1.0638E+01
1.0879E+01;1.0636E+01
1.0880E+01;1.0635E+01
1.0881E+01;1.0633E+01
1.0882E+01;1.0632E+01
1.0883E+01;1.0630E+01
1.0884E+01;1.0628E+01
1.0885E+01;1.0627E+01
1.0886E+01;1.0625E+01
1.0887E+01;1.0624E+01
1.0888E+01;1.0622E+01
1.0889E+01;1.0621E+01
1.0890E+01;1.0619E+01
1.0891E+01;1.0617E+01
1.0892E+01;1.0616E+01
1.0893E+01;1.0614E+01
1.0894E+01;1.0613E+01
1.0895E+01;1.0611E+01
1.0896E+01;1.0609E+01
1.0897E+01;1.0608E+01
1.0898E+01;1.0606E+01
1.0899E+01;1.0605E+01
1.0900E+01;1.0603E+01
1.0901E+01;1.0601E+01
1.0902E+01;1.0600E+01
1.0903E+01;1.0598E+01
1.0904E+01;1.0597E+01
1.0905E+01;1.0595E+01
1.0906E+01;1.0593E+01
1.0907E+01;1.0592E+01
1.0908E+01;1.0590E+01
1.0909E+01;1.0589E+01
1.0910E+01;1.0587E+01
1.0911E+01;1.0586E+01
1.0912E+01;1.0584E+01
1.0913E+01;1.0582E+01
1.0914E+01;1.0581E+01
1.0915E+01;1.0579E+01
1.0916E+01;1.0578E+01
1.0917E+01;1.0576E+01
1.0918E+01;1.0574E+01
1.0919E+01;1.0573E+01
1.0920E+01;1.0571E+01
1.0921E+01;1.0570E+01
1.0922E+01;1.0568E+01
1.0923E+01;1.0566E+01
1.0924E+01;1.0565E+01
1.0925E+01;1.0563E+01
1.0926E+01;1.0562E+01
1.0927E+01;1.0560E+01
1.0928E+01;1.0559E+01
1.0929E+01;1.0557E+01
1.0930E+01;1.0555E+01
1.0931E+01;1.0554E+01
1.0932E+01;1.0552E+01
1.0933E+01;1.0551E+01
1.0934E+01;1.0549E+01
1.0935E+01;1.0547E+01
1.0936E+01;1.0546E+01
1.0937E+01;1.0544E+01
1.0938E+01;1.0543E+01
1.0939E+01;1.0541E+01
1.0940E+01;1.0539E+01
1.0941E+01;1.0538E+01
1.0942E+01;1.0536E+01
1.0943E+01;1.0535E+01
1.0944E+01;1.0533E+01
1.0945E+01;1.0532E+01
1.0946E+01;1.0530E+01
1.0947E+01;1.0528E+01
1.0948E+01;1.0527E+01
1.0949E+01;1.0525E+01
1.0950E+01;1.0524E+01
1.0951E+01;1.0522E+01
1.0952E+01;1.0520E+01
1.0953E+01;1.0519E+01
1.0954E+01;1.0517E+01
1.0955E+01;1.0516E+01
1.0956E+01;1.0514E+01
1.0957E+01;1.0512E+01
1.0958E+01;1.0511E+01
1.0959E+01;1.0509E+01
1.0960E+01;1.0508E+01
1.0961E+01;1.0506E+01
1.0962E+01;1.0505E+01
1.0963E+01;1.0503E+01
1.0964E+01;1.0501E+01
1.0965E+01;1.0500E+01
1.0966E+01;1.0498E+01
1.0967E+01;1.0497E+01
1.0968E+01;1.0495E+01
1.0969E+01;1.0493E+01
1.0970E+01;1.0492E+01
1.0971E+01;1.0490E+01
1.0972E+01;1.0489E+01
1.0973E+01;1.0487E+01
1.0974E+01;1.0485E+01
1.0975E+01;1.0484E+01
1.0976E+01;1.0482E+01
1.0977E+01;1.0481E+01
1.0978E+01;1.0479E+01
1.0979E+01;1.0477E+01
1.0980E+01;1.0476E+01
1.0981E+01;1.0474E+01
1.0982E+01;1.0473E+01
1.0983E+01;1.0471E+01
1.0984E+01;1.0470E+01
1.0985E+01;1.0468E+01
1.0986E+01;1.0466E+01
1.0987E+01;1.0465E+01
1.0988E+01;1.0463E+01
1.0989E+01;1.0462E+01
1.0990E+01;1.0460E+01
1.0991E+01;1.0458E+01
1.0992E+01;1.0457E+01
1.0993E+01;1.0455E+01
1.0994E+01;1.0454E+01
1.0995E+01;1.0452E+01
1.0996E+01;1.0450E+01
1.0997E+01;1.0449E+01
1.0998E+01;1.0447E+01
1.0999E+01;1.0446E+01
1.1000E+01;1.0444E+01
1.1001E+01;1.0443E+01
1.1002E+01;1.0441E+01
1.1003E+01;1.0439E+01
1.1004E+01;1.0438E+01
1.1005E+01;1.0436E+01
1.1006E+01;1.0435E+01
1.1007E+01;1.0433E+01
1.1008E+01;1.0431E+01
1.1009E+01;1.0430E+01
1.1010E+01;1.0428E+01
1.1011E+01;1.0427E+01
1.1012E+01;1.0425E+01
1.1013E+01;1.0423E+01
1.1014E+01;1.0422E+01
1.1015E+01;1.0420E+01
1.1016E+01;1.0419E+01
1.1017E+01;1.0417E+01
1.1018E+01;1.0416E+01
1.1019E+01;1.0414E+01
1.1020E+01;1.0412E+01
1.1021E+01;1.0411E+01
1.1022E+01;1.0409E+01
1.1023E+01;1.0408E+01
1.1024E+01;1.0406E+01
1.1025E+01;1.0404E+01
1.1026E+01;1.0403E+01
1.1027E+01;1.0401E+01
1.1028E+01;1.0400E+01
1.1029E+01;1.0398E+01
1.1030E+01;1.0396E+01
1.1031E+01;1.0395E+01
1.1032E+01;1.0393E+01
1.1033E+01;1.0392E+01
1.1034E+01;1.0390E+01
1.1035E+01;1.0389E+01
1.1036E+01;1.0387E+01
1.1037E+01;1.0385E+01
1.1038E+01;1.0384E+01
1.1039E+01;1.0382E+01
1.1040E+01;1.0381E+01
1.1041E+01;1.0379E+01
1.1042E+01;1.0377E+01
1.1043E+01;1.0376E+01
1.1044E+01;1.0374E+01
1.1045E+01;1.0373E+01
1.1046E+01;1.0371E+01
1.1047E+01;1.0369E+01
1.1048E+01;1.0368E+01
1.1049E+01;1.0366E+01
1.1050E+01;1.0365E+01
1.1051E+01;1.0363E+01
1.1052E+01;1.0361E+01
1.1053E+01;1.0360E+01
1.1054E+01;1.0358E+01
1.1055E+01;1.0357E+01
1.1056E+01;1.0355E+01
1.1057E+01;1.0354E+01
1.1058E+01;1.0352E+01
1.1059E+01;1.0350E+01
1.1060E+01;1.0349E+01
1.1061E+01;1.0347E+01
1.1062E+01;1.0346E+01
1.1063E+01;1.0344E+01
1.1064E+01;1.0342E+01
1.1065E+01;1.0341E+01
1.1066E+01;1.0339E+01
1.1067E+01;1.0338E+01
1.1068E+01;1.0336E+01
1.1069E+01;1.0334E+01
1.1070E+01;1.0333E+01
1.1071E+01;1.0331E+01
1.1072E+01;1.0330E+01
1.1073E+01;1.0328E+01
1.1074E+01;1.0327E+01
1.1075E+01;1.0325E+01
1.1076E+01;1.0323E+01
1.1077E+01;1.0322E+01
1.1078E+01;1.0320E+01
1.1079E+01;1.0319E+01
1.1080E+01;1.0317E+01
1.1081E+01;1.0315E+01
1.1082E+01;1.0314E+01
1.1083E+01;1.0312E+01
1.1084E+01;1.0311E+01
1.1085E+01;1.0309E+01
1.1086E+01;1.0307E+01
1.1087E+01;1.0306E+01
1.1088E+01;1.0304E+01
1.1089E+01;1.0303E+01
1.1090E+01;1.0301E+01
1.1091E+01;1.0300E+01
1.1092E+01;1.0298E+01
1.1093E+01;1.0296E+01
1.1094E+01;1.0295E+01
1.1095E+01;1.0293E+01
1.1096E+01;1.0292E+01
1.1097E+01;1.0290E+01
1.1098E+01;1.0288E+01
1.1099E+01;1.0287E+01
1.1100E+01;1.0285E+01
1.1101E+01;1.0284E+01
1.1102E+01;1.0282E+01
1.1103E+01;1.0280E+01
1.1104E+01;1.0279E+01
1.1105E+01;1.0277E+01
1.1106E+01;1.0276E+01
1.1107E+01;1.0274E+01
1.1108E+01;1.0273E+01
1.1109E+01;1.0271E+01
1.1110E+01;1.0269E+01
1.1111E+01;1.0268E+01
1.1112E+01;1.0266E+01
1.1113E+01;1.0265E+01
1.1114E+01;1.0263E+01
1.1115E+01;1.0261E+01
1.1116E+01;1.0260E+01
1.1117E+01;1.0258E+01
1.1118E+01;1.0257E+01
1.1119E+01;1.0255E+01
1.1120E+01;1.0253E+01
1.1121E+01;1.0252E+01
1.1122E+01;1.0250E+01
1.1123E+01;1.0249E+01
1.1124E+01;1.0247E+01
1.1125E+01;1.0245E+01
1.1126E+01;1.0244E+01
1.1127E+01;1.0242E+01
1.1128E+01;1.0241E+01
1.1129E+01;1.0239E+01
1.1130E+01;1.0238E+01
1.1131E+01;1.0236E+01
1.1132E+01;1.0234E+01
1.1133E+01;1.0233E+01
1.1134E+01;1.0231E+01
1.1135E+01;1.0230E+01
1.1136E+01;1.0228E+01
1.1137E+01;1.0226E+01
1.1138E+01;1.0225E+01
1.1139E+01;1.0223E+01
1.1140E+01;1.0222E+01
1.1141E+01;1.0220E+01
1.1142E+01;1.0218E+01
1.1143E+01;1.0217E+01
1.1144E+01;1.0215E+01
1.1145E+01;1.0214E+01
1.1146E+01;1.0212E+01
1.1147E+01;1.0211E+01
1.1148E+01;1.0209E+01
1.1149E+01;1.0207E+01
1.1150E+01;1.0206E+01
1.1151E+01;1.0204E+01
1.1152E+01;1.0203E+01
1.1153E+01;1.0201E+01
1.1154E+01;1.0199E+01
1.1155E+01;1.0198E+01
1.1156E+01;1.0196E+01
1.1157E+01;1.0195E+01
1.1158E+01;1.0193E+01
1.1159E+01;1.0191E+01
1.1160E+01;1.0190E+01
1.1161E+01;1.0188E+01
1.1162E+01;1.0187E+01
1.1163E+01;1.0185E+01
1.1164E+01;1.0184E+01
1.1165E+01;1.0182E+01
1.1166E+01;1.0180E+01
1.1167E+01;1.0179E+01
1.1168E+01;1.0177E+01
1.1169E+01;1.0176E+01
1.1170E+01;1.0174E+01
1.1171E+01;1.0172E+01
1.1172E+01;1.0171E+01
1.1173E+01;1.0169E+01
1.1174E+01;1.0168E+01
1.1175E+01;1.0166E+01
1.1176E+01;1.0164E+01
1.1177E+01;1.0163E+01
1.1178E+01;1.0161E+01
1.1179E+01;1.0160E+01
1.1180E+01;1.0158E+01
1.1181E+01;1.0157E+01
1.1182E+01;1.0155E+01
1.1183E+01;1.0153E+01
1.1184E+01;1.0152E+01
1.1185E+01;1.0150E+01
1.1186E+01;1.0149E+01
1.1187E+01;1.0147E+01
1.1188E+01;1.0145E+01
1.1189E+01;1.0144E+01
1.1190E+01;1.0142E+01
1.1191E+01;1.0141E+01
1.1192E+01;1.0139E+01
1.1193E+01;1.0137E+01
1.1194E+01;1.0136E+01
1.1195E+01;1.0134E+01
1.1196E+01;1.0133E+01
1.1197E+01;1.0131E+01
1.1198E+01;1.0129E+01
1.1199E+01;1.0128E+01
1.1200E+01;1.0126E+01
1.1201E+01;1.0125E+01
1.1202E+01;1.0123E+01
1.1203E+01;1.0122E+01
1.1204E+01;1.0120E+01
1.1205E+01;1.0118E+01
1.1206E+01;1.0117E+01
1.1207E+01;1.0115E+01
1.1208E+01;1.0114E+01
1.1209E+01;1.0112E+01
1.1210E+01;1.0110E+01
1.1211E+01;1.0109E+01
1.1212E+01;1.0107E+01
1.1213E+01;1.0106E+01
1.1214E+01;1.0104E+01
1.1215E+01;1.0102E+01
1.1216E+01;1.0101E+01
1.1217E+01;1.0099E+01
1.1218E+01;1.0098E+01
1.1219E+01;1.0096E+01
1.1220E+01;1.0095E+01
1.1221E+01;1.0093E+01
1.1222E+01;1.0091E+01
1.1223E+01;1.0090E+01
1.1224E+01;1.0088E+01
1.1225E+01;1.0087E+01
1.1226E+01;1.0085E+01
1.1227E+01;1.0083E+01
1.1228E+01;1.0082E+01
1.1229E+01;1.0080E+01
1.1230E+01;1.0079E+01
1.1231E+01;1.0077E+01
1.1232E+01;1.0075E+01
1.1233E+01;1.0074E+01
1.1234E+01;1.0072E+01
1.1235E+01;1.0071E+01
1.1236E+01;1.0069E+01
1.1237E+01;1.0068E+01
1.1238E+01;1.0066E+01
1.1239E+01;1.0064E+01
1.1240E+01;1.0063E+01
1.1241E+01;1.0061E+01
1.1242E+01;1.0060E+01
1.1243E+01;1.0058E+01
1.1244E+01;1.0056E+01
1.1245E+01;1.0055E+01
1.1246E+01;1.0053E+01
1.1247E+01;1.0052E+01
1.1248E+01;1.0050E+01
1.1249E+01;1.0048E+01
1.1250E+01;1.0047E+01
1.1251E+01;1.0045E+01
1.1252E+01;1.0044E+01
1.1253E+01;1.0042E+01
1.1254E+01;1.0041E+01
1.1255E+01;1.0039E+01
1.1256E+01;1.0037E+01
1.1257E+01;1.0036E+01
1.1258E+01;1.0034E+01
1.1259E+01;1.0033E+01
1.1260E+01;1.0031E+01
1.1261E+01;1.0029E+01
1.1262E+01;1.0028E+01
1.1263E+01;1.0026E+01
1.1264E+01;1.0025E+01
1.1265E+01;1.0023E+01
1.1266E+01;1.0021E+01
1.1267E+01;1.0020E+01
1.1268E+01;1.0018E+01
1.1269E+01;1.0017E+01
1.1270E+01;1.0015E+01
1.1271E+01;1.0013E+01
1.1272E+01;1.0012E+01
1.1273E+01;1.0010E+01
1.1274E+01;1.0009E+01
1.1275E+01;1.0007E+01
1.1276E+01;1.0006E+01
1.1277E+01;1.0004E+01
1.1278E+01;1.0002E+01
1.1279E+01;1.0001E+01
1.1280E+01;9.9992E+00
1.1281E+01;9.9976E+00
1.1282E+01;9.9960E+00
1.1283E+01;9.9944E+00
1.1284E+01;9.9928E+00
1.1285E+01;9.9912E+00
1.1286E+01;9.9897E+00
1.1287E+01;9.9881E+00
1.1288E+01;9.9865E+00
1.1289E+01;9.9849E+00
1.1290E+01;9.9833E+00
1.1291E+01;9.9817E+00
1.1292E+01;9.9801E+00
1.1293E+01;9.9785E+00
1.1294E+01;9.9769E+00
1.1295E+01;9.9754E+00
1.1296E+01;9.9738E+00
1.1297E+01;9.9722E+00
1.1298E+01;9.9706E+00
1.1299E+01;9.9690E+00
1.1300E+01;9.9674E+00
1.1301E+01;9.9658E+00
1.1302E+01;9.9642E+00
1.1303E+01;9.9626E+00
1.1304E+01;9.9611E+00
1.1305E+01;9.9595E+00
1.1306E+01;9.9579E+00
1.1307E+01;9.9563E+00
1.1308E+01;9.9547E+00
1.1309E+01;9.9531E+00
1.1310E+01;9.9515E+00
1.1311E+01;9.9499E+00
1.1312E+01;9.9483E+00
1.1313E+01;9.9468E+00
1.1314E+01;9.9452E+00
1.1315E+01;9.9436E+00
1.1316E+01;9.9420E+00
1.1317E+01;9.9404E+00
1.1318E+01;9.9388E+00
1.1319E+01;9.9372E+00
1.1320E+01;9.9356E+00
1.1321E+01;9.9340E+00
1.1322E+01;9.9325E+00
1.1323E+01;9.9309E+00
1.1324E+01;9.9293E+00
1.1325E+01;9.9277E+00
1.1326E+01;9.9261E+00
1.1327E+01;9.9245E+00
1.1328E+01;9.9229E+00
1.1329E+01;9.9213E+00
1.1330E+01;9.9197E+00
1.1331E+01;9.9182E+00
1.1332E+01;9.9166E+00
1.1333E+01;9.9150E+00
1.1334E+01;9.9134E+00
1.1335E+01;9.9118E+00
1.1336E+01;9.9102E+00
1.1337E+01;9.9086E+00
1.1338E+01;9.9070E+00
1.1339E+01;9.9054E+00
1.1340E+01;9.9039E+00
1.1341E+01;9.9023E+00
1.1342E+01;9.9007E+00
1.1343E+01;9.8991E+00
1.1344E+01;9.8975E+00
1.1345E+01;9.8959E+00
1.1346E+01;9.8943E+00
1.1347E+01;9.8927E+00
1.1348E+01;9.8911E+00
1.1349E+01;9.8896E+00
1.1350E+01;9.8880E+00
1.1351E+01;9.8864E+00
1.1352E+01;9.8848E+00
1.1353E+01;9.8832E+00
1.1354E+01;9.8816E+00
1.1355E+01;9.8800E+00
1.1356E+01;9.8784E+00
1.1357E+01;9.8768E+00
1.1358E+01;9.8753E+00
1.1359E+01;9.8737E+00
1.1360E+01;9.8721E+00
1.1361E+01;9.8705E+00
1.1362E+01;9.8689E+00
1.1363E+01;9.8673E+00
1.1364E+01;9.8657E+00
1.1365E+01;9.8641E+00
1.1366E+01;9.8625E+00
1.1367E+01;9.8610E+00
1.1368E+01;9.8594E+00
1.1369E+01;9.8578E+00
1.1370E+01;9.8562E+00
1.1371E+01;9.8546E+00
1.1372E+01;9.8530E+00
1.1373E+01;9.8514E+00
1.1374E+01;9.8498E+00
1.1375E+01;9.8482E+00
1.1376E+01;9.8466E+00
1.1377E+01;9.8451E+00
1.1378E+01;9.8435E+00
1.1379E+01;9.8419E+00
1.1380E+01;9.8403E+00
1.1381E+01;9.8387E+00
1.1382E+01;9.8371E+00
1.1383E+01;9.8355E+00
1.1384E+01;9.8339E+00
1.1385E+01;9.8323E+00
1.1386E+01;9.8308E+00
1.1387E+01;9.8292E+00
1.1388E+01;9.8276E+00
1.1389E+01;9.8260E+00
1.1390E+01;9.8244E+00
1.1391E+01;9.8228E+00
1.1392E+01;9.8212E+00
1.1393E+01;9.8196E+00
1.1394E+01;9.8180E+00
1.1395E+01;9.8165E+00
1.1396E+01;9.8149E+00
1.1397E+01;9.8133E+00
1.1398E+01;9.8117E+00
1.1399E+01;9.8101E+00
1.1400E+01;9.8085E+00
1.1401E+01;9.8069E+00
1.1402E+01;9.8053E+00
1.1403E+01;9.8037E+00
1.1404E+01;9.8022E+00
1.1405E+01;9.8006E+00
1.1406E+01;9.7990E+00
1.1407E+01;9.7974E+00
1.1408E+01;9.7958E+00
1.1409E+01;9.7942E+00
1.1410E+01;9.7926E+00
1.1411E+01;9.7910E+00
1.1412E+01;9.7894E+00
1.1413E+01;9.7879E+00
1.1414E+01;9.7863E+00
1.1415E+01;9.7847E+00
1.1416E+01;9.7831E+00
1.1417E+01;9.7815E+00
1.1418E+01;9.7799E+00
1.1419E+01;9.7783E+00
1.1420E+01;9.7767E+00
1.1421E+01;9.7751E+00
1.1422E+01;9.7736E+00
1.1423E+01;9.7720E+00
1.1424E+01;9.7704E+00
1.1425E+01;9.7688E+00
1.1426E+01;9.7672E+00
1.1427E+01;9.7656E+00
1.1428E+01;9.7640E+00
1.1429E+01;9.7624E+00
1.1430E+01;9.7608E+00
1.1431E+01;9.7593E+00
1.1432E+01;9.7577E+00
1.1433E+01;9.7561E+00
1.1434E+01;9.7545E+00
1.1435E+01;9.7529E+00
1.1436E+01;9.7513E+00
1.1437E+01;9.7497E+00
1.1438E+01;9.7481E+00
1.1439E+01;9.7465E+00
1.1440E+01;9.7450E+00
1.1441E+01;9.7434E+00
1.1442E+01;9.7418E+00
1.1443E+01;9.7402E+00
1.1444E+01;9.7386E+00
1.1445E+01;9.7370E+00
1.1446E+01;9.7354E+00
1.1447E+01;9.7338E+00
1.1448E+01;9.7322E+00
1.1449E+01;9.7307E+00
1.1450E+01;9.7291E+00
1.1451E+01;9.7275E+00
1.1452E+01;9.7259E+00
1.1453E+01;9.7243E+00
1.1454E+01;9.7227E+00
1.1455E+01;9.7211E+00
1.1456E+01;9.7195E+00
1.1457E+01;9.7179E+00
1.1458E+01;9.7163E+00
1.1459E+01;9.7148E+00
1.1460E+01;9.7132E+00
1.1461E+01;9.7116E+00
1.1462E+01;9.7100E+00
1.1463E+01;9.7084E+00
1.1464E+01;9.7068E+00
1.1465E+01;9.7052E+00
1.1466E+01;9.7036E+00
1.1467E+01;9.7020E+00
1.1468E+01;9.7005E+00
1.1469E+01;9.6989E+00
1.1470E+01;9.6973E+00
1.1471E+01;9.6957E+00
1.1472E+01;9.6941E+00
1.1473E+01;9.6925E+00
1.1474E+01;9.6909E+00
1.1475E+01;9.6893E+00
1.1476E+01;9.6877E+00
1.1477E+01;9.6862E+00
1.1478E+01;9.6846E+00
1.1479E+01;9.6830E+00
1.1480E+01;9.6814E+00
1.1481E+01;9.6798E+00
1.1482E+01;9.6782E+00
1.1483E+01;9.6766E+00
1.1484E+01;9.6750E+00
1.1485E+01;9.6734E+00
1.1486E+01;9.6719E+00
1.1487E+01;9.6703E+00
1.1488E+01;9.6687E+00
1.1489E+01;9.6671E+00
1.1490E+01;9.6655E+00
1.1491E+01;9.6639E+00
1.1492E+01;9.6623E+00
1.1493E+01;9.6607E+00
1.1494E+01;9.6591E+00
1.1495E+01;9.6576E+00
1.1496E+01;9.6560E+00
1.1497E+01;9.6544E+00
1.1498E+01;9.6528E+00
1.1499E+01;9.6512E+00
1.1500E+01;9.6496E+00
1.1501E+01;9.6480E+00
1.1502E+01;9.6464E+00
1.1503E+01;9.6448E+00
1.1504E+01;9.6433E+00
1.1505E+01;9.6417E+00
1.1506E+01;9.6401E+00
1.1507E+01;9.6385E+00
1.1508E+01;9.6369E+00
1.1509E+01;9.6353E+00
1.1510E+01;9.6337E+00
1.1511E+01;9.6321E+00
1.1512E+01;9.6305E+00
1.1513E+01;9.6290E+00
1.1514E+01;9.6274E+00
1.1515E+01;9.6258E+00
1.1516E+01;9.6242E+00
1.1517E+01;9.6226E+00
1.1518E+01;9.6210E+00
1.1519E+01;9.6194E+00
1.1520E+01;9.6178E+00
1.1521E+01;9.6162E+00
1.1522E+01;9.6147E+00
1.1523E+01;9.6131E+00
1.1524E+01;9.6115E+00
1.1525E+01;9.6099E+00
1.1526E+01;9.6083E+00
1.1527E+01;9.6067E+00
1.1528E+01;9.6051E+00
1.1529E+01;9.6035E+00
1.1530E+01;9.6019E+00
1.1531E+01;9.6004E+00
1.1532E+01;9.5988E+00
1.1533E+01;9.5972E+00
1.1534E+01;9.5956E+00
1.1535E+01;9.5940E+00
1.1536E+01;9.5924E+00
1.1537E+01;9.5908E+00
1.1538E+01;9.5892E+00
1.1539E+01;9.5876E+00
1.1540E+01;9.5861E+00
1.1541E+01;9.5845E+00
1.1542E+01;9.5829E+00
1.1543E+01;9.5813E+00
1.1544E+01;9.5797E+00
1.1545E+01;9.5781E+00
1.1546E+01;9.5765E+00
1.1547E+01;9.5749E+00
1.1548E+01;9.5733E+00
1.1549E+01;9.5718E+00
1.1550E+01;9.5702E+00
1.1551E+01;9.5686E+00
1.1552E+01;9.5670E+00
1.1553E+01;9.5654E+00
1.1554E+01;9.5638E+00
1.1555E+01;9.5622E+00
1.1556E+01;9.5606E+00
1.1557E+01;9.5590E+00
1.1558E+01;9.5575E+00
1.1559E+01;9.5559E+00
1.1560E+01;9.5543E+00
1.1561E+01;9.5527E+00
1.1562E+01;9.5511E+00
1.1563E+01;9.5495E+00
1.1564E+01;9.5479E+00
1.1565E+01;9.5463E+00
1.1566E+01;9.5447E+00
1.1567E+01;9.5431E+00
1.1568E+01;9.5416E+00
1.1569E+01;9.5400E+00
1.1570E+01;9.5384E+00
1.1571E+01;9.5368E+00
1.1572E+01;9.5352E+00
1.1573E+01;9.5336E+00
1.1574E+01;9.5320E+00
1.1575E+01;9.5304E+00
1.1576E+01;9.5288E+00
1.1577E+01;9.5273E+00
1.1578E+01;9.5257E+00
1.1579E+01;9.5241E+00
1.1580E+01;9.5225E+00
1.1581E+01;9.5209E+00
1.1582E+01;9.5193E+00
1.1583E+01;9.5177E+00
1.1584E+01;9.5161E+00
1.1585E+01;9.5145E+00
1.1586E+01;9.5130E+00
1.1587E+01;9.5114E+00
1.1588E+01;9.5098E+00
1.1589E+01;9.5082E+00
1.1590E+01;9.5066E+00
1.1591E+01;9.5050E+00
1.1592E+01;9.5034E+00
1.1593E+01;9.5018E+00
1.1594E+01;9.5002E+00
1.1595E+01;9.4987E+00
1.1596E+01;9.4971E+00
1.1597E+01;9.4955E+00
1.1598E+01;9.4939E+00
1.1599E+01;9.4923E+00
1.1600E+01;9.4907E+00
1.1601E+01;9.4891E+00
1.1602E+01;9.4875E+00
1.1603E+01;9.4859E+00
1.1604E+01;9.4844E+00
1.1605E+01;9.4828E+00
1.1606E+01;9.4812E+00
1.1607E+01;9.4796E+00
1.1608E+01;9.4780E+00
1.1609E+01;9.4764E+00
1.1610E+01;9.4748E+00
1.1611E+01;9.4732E+00
1.1612E+01;9.4716E+00
1.1613E+01;9.4701E+00
1.1614E+01;9.4685E+00
1.1615E+01;9.4669E+00
1.1616E+01;9.4653E+00
1.1617E+01;9.4637E+00
1.1618E+01;9.4621E+00
1.1619E+01;9.4605E+00
1.1620E+01;9.4589E+00
1.1621E+01;9.4573E+00
1.1622E+01;9.4558E+00
1.1623E+01;9.4542E+00
1.1624E+01;9.4526E+00
1.1625E+01;9.4510E+00
1.1626E+01;9.4494E+00
1.1627E+01;9.4478E+00
1.1628E+01;9.4462E+00
1.1629E+01;9.4446E+00
1.1630E+01;9.4430E+00
1.1631E+01;9.4415E+00
1.1632E+01;9.4399E+00
1.1633E+01;9.4383E+00
1.1634E+01;9.4367E+00
1.1635E+01;9.4351E+00
1.1636E+01;9.4335E+00
1.1637E+01;9.4319E+00
1.1638E+01;9.4303E+00
1.1639E+01;9.4287E+00
1.1640E+01;9.4272E+00
1.1641E+01;9.4256E+00
1.1642E+01;9.4240E+00
1.1643E+01;9.4224E+00
1.1644E+01;9.4208E+00
1.1645E+01;9.4192E+00
1.1646E+01;9.4176E+00
1.1647E+01;9.4160E+00
1.1648E+01;9.4144E+00
1.1649E+01;9.4129E+00
1.1650E+01;9.4113E+00
1.1651E+01;9.4097E+00
1.1652E+01;9.4081E+00
1.1653E+01;9.4065E+00
1.1654E+01;9.4049E+00
1.1655E+01;9.4033E+00
1.1656E+01;9.4017E+00
1.1657E+01;9.4001E+00
1.1658E+01;9.3986E+00
1.1659E+01;9.3970E+00
1.1660E+01;9.3954E+00
1.1661E+01;9.3938E+00
1.1662E+01;9.3922E+00
1.1663E+01;9.3906E+00
1.1664E+01;9.3890E+00
1.1665E+01;9.3874E+00
1.1666E+01;9.3858E+00
1.1667E+01;9.3843E+00
1.1668E+01;9.3827E+00
1.1669E+01;9.3811E+00
1.1670E+01;9.3795E+00
1.1671E+01;9.3779E+00
1.1672E+01;9.3763E+00
1.1673E+01;9.3747E+00
1.1674E+01;9.3731E+00
1.1675E+01;9.3715E+00
1.1676E+01;9.3700E+00
1.1677E+01;9.3684E+00
1.1678E+01;9.3668E+00
1.1679E+01;9.3652E+00
1.1680E+01;9.3636E+00
1.1681E+01;9.3620E+00
1.1682E+01;9.3604E+00
1.1683E+01;9.3588E+00
1.1684E+01;9.3572E+00
1.1685E+01;9.3557E+00
1.1686E+01;9.3541E+00
1.1687E+01;9.3525E+00
1.1688E+01;9.3509E+00
1.1689E+01;9.3493E+00
1.1690E+01;9.3477E+00
1.1691E+01;9.3461E+00
1.1692E+01;9.3445E+00
1.1693E+01;9.3429E+00
1.1694E+01;9.3413E+00
1.1695E+01;9.3398E+00
1.1696E+01;9.3382E+00
1.1697E+01;9.3366E+00
1.1698E+01;9.3350E+00
1.1699E+01;9.3334E+00
1.1700E+01;9.3318E+00
1.1701E+01;9.3302E+00
1.1702E+01;9.3286E+00
1.1703E+01;9.3270E+00
1.1704E+01;9.3255E+00
1.1705E+01;9.3239E+00
1.1706E+01;9.3223E+00
1.1707E+01;9.3207E+00
1.1708E+01;9.3191E+00
1.1709E+01;9.3175E+00
1.1710E+01;9.3159E+00
1.1711E+01;9.3143E+00
1.1712E+01;9.3127E+00
1.1713E+01;9.3112E+00
1.1714E+01;9.3096E+00
1.1715E+01;9.3080E+00
1.1716E+01;9.3064E+00
1.1717E+01;9.3048E+00
1.1718E+01;9.3032E+00
1.1719E+01;9.3016E+00
1.1720E+01;9.3000E+00
1.1721E+01;9.2984E+00
1.1722E+01;9.2969E+00
1.1723E+01;9.2953E+00
1.1724E+01;9.2937E+00
1.1725E+01;9.2921E+00
1.1726E+01;9.2905E+00
1.1727E+01;9.2889E+00
1.1728E+01;9.2873E+00
1.1729E+01;9.2857E+00
1.1730E+01;9.2841E+00
1.1731E+01;9.2826E+00
1.1732E+01;9.2810E+00
1.1733E+01;9.2794E+00
1.1734E+01;9.2778E+00
1.1735E+01;9.2762E+00
1.1736E+01;9.2746E+00
1.1737E+01;9.2730E+00
1.1738E+01;9.2714E+00
1.1739E+01;9.2698E+00
1.1740E+01;9.2683E+00
1.1741E+01;9.2667E+00
1.1742E+01;9.2651E+00
1.1743E+01;9.2635E+00
1.1744E+01;9.2619E+00
1.1745E+01;9.2603E+00
1.1746E+01;9.2587E+00
1.1747E+01;9.2571E+00
1.1748E+01;9.2555E+00
1.1749E+01;9.2540E+00
1.1750E+01;9.2524E+00
1.1751E+01;9.2508E+00
1.1752E+01;9.2492E+00
1.1753E+01;9.2476E+00
1.1754E+01;9.2460E+00
1.1755E+01;9.2444E+00
1.1756E+01;9.2428E+00
1.1757E+01;9.2412E+00
1.1758E+01;9.2397E+00
1.1759E+01;9.2381E+00
1.1760E+01;9.2365E+00
1.1761E+01;9.2349E+00
1.1762E+01;9.2333E+00
1.1763E+01;9.2317E+00
1.1764E+01;9.2301E+00
1.1765E+01;9.2285E+00
1.1766E+01;9.2269E+00
1.1767E+01;9.2254E+00
1.1768E+01;9.2238E+00
1.1769E+01;9.2222E+00
1.1770E+01;9.2206E+00
1.1771E+01;9.2190E+00
1.1772E+01;9.2174E+00
1.1773E+01;9.2158E+00
1.1774E+01;9.2142E+00
1.1775E+01;9.2126E+00
1.1776E+01;9.2111E+00
1.1777E+01;9.2095E+00
1.1778E+01;9.2079E+00
1.1779E+01;9.2063E+00
1.1780E+01;9.2047E+00
1.1781E+01;9.2031E+00
1.1782E+01;9.2015E+00
1.1783E+01;9.1999E+00
1.1784E+01;9.1983E+00
1.1785E+01;9.1968E+00
1.1786E+01;9.1952E+00
1.1787E+01;9.1936E+00
1.1788E+01;9.1920E+00
1.1789E+01;9.1904E+00
1.1790E+01;9.1888E+00
1.1791E+01;9.1872E+00
1.1792E+01;9.1856E+00
1.1793E+01;9.1840E+00
1.1794E+01;9.1825E+00
1.1795E+01;9.1809E+00
1.1796E+01;9.1793E+00
1.1797E+01;9.1777E+00
1.1798E+01;9.1761E+00
1.1799E+01;9.1745E+00
1.1800E+01;9.1729E+00
1.1801E+01;9.1713E+00
1.1802E+01;9.1697E+00
1.1803E+01;9.1682E+00
1.1804E+01;9.1666E+00
1.1805E+01;9.1650E+00
1.1806E+01;9.1634E+00
1.1807E+01;9.1618E+00
1.1808E+01;9.1602E+00
1.1809E+01;9.1586E+00
1.1810E+01;9.1570E+00
1.1811E+01;9.1554E+00
1.1812E+01;9.1539E+00
1.1813E+01;9.1523E+00
1.1814E+01;9.1507E+00
1.1815E+01;9.1491E+00
1.1816E+01;9.1475E+00
1.1817E+01;9.1459E+00
1.1818E+01;9.1443E+00
1.1819E+01;9.1427E+00
1.1820E+01;9.1411E+00
1.1821E+01;9.1396E+00
1.1822E+01;9.1380E+00
1.1823E+01;9.1364E+00
1.1824E+01;9.1348E+00
1.1825E+01;9.1332E+00
1.1826E+01;9.1316E+00
1.1827E+01;9.1300E+00
1.1828E+01;9.1284E+00
1.1829E+01;9.1268E+00
1.1830E+01;9.1253E+00
1.1831E+01;9.1237E+00
1.1832E+01;9.1221E+00
1.1833E+01;9.1205E+00
1.1834E+01;9.1189E+00
1.1835E+01;9.1173E+00
1.1836E+01;9.1157E+00
1.1837E+01;9.1141E+00
1.1838E+01;9.1125E+00
1.1839E+01;9.1109E+00
1.1840E+01;9.1094E+00
1.1841E+01;9.1078E+00
1.1842E+01;9.1062E+00
1.1843E+01;9.1046E+00
1.1844E+01;9.1030E+00
1.1845E+01;9.1014E+00
1.1846E+01;9.0998E+00
1.1847E+01;9.0982E+00
1.1848E+01;9.0966E+00
1.1849E+01;9.0951E+00
1.1850E+01;9.0935E+00
1.1851E+01;9.0919E+00
1.1852E+01;9.0903E+00
1.1853E+01;9.0887E+00
1.1854E+01;9.0871E+00
1.1855E+01;9.0855E+00
1.1856E+01;9.0839E+00
1.1857E+01;9.0823E+00
1.1858E+01;9.0808E+00
1.1859E+01;9.0792E+00
1.1860E+01;9.0776E+00
1.1861E+01;9.0760E+00
1.1862E+01;9.0744E+00
1.1863E+01;9.0728E+00
1.1864E+01;9.0712E+00
1.1865E+01;9.0696E+00
1.1866E+01;9.0680E+00
1.1867E+01;9.0665E+00
1.1868E+01;9.0649E+00
1.1869E+01;9.0633E+00
1.1870E+01;9.0617E+00
1.1871E+01;9.0601E+00
1.1872E+01;9.0585E+00
1.1873E+01;9.0569E+00
1.1874E+01;9.0553E+00
1.1875E+01;9.0537E+00
1.1876E+01;9.0522E+00
1.1877E+01;9.0506E+00
1.1878E+01;9.0490E+00
1.1879E+01;9.0474E+00
1.1880E+01;9.0458E+00
1.1881E+01;9.0442E+00
1.1882E+01;9.0426E+00
1.1883E+01;9.0410E+00
1.1884E+01;9.0394E+00
1.1885E+01;9.0379E+00
1.1886E+01;9.0363E+00
1.1887E+01;9.0347E+00
1.1888E+01;9.0331E+00
1.1889E+01;9.0315E+00
1.1890E+01;9.0299E+00
1.1891E+01;9.0283E+00
1.1892E+01;9.0267E+00
1.1893E+01;9.0251E+00
1.1894E+01;9.0236E+00
1.1895E+01;9.0220E+00
1.1896E+01;9.0204E+00
1.1897E+01;9.0188E+00
1.1898E+01;9.0172E+00
1.1899E+01;9.0156E+00
1.1900E+01;9.0140E+00
1.1901E+01;9.0124E+00
1.1902E+01;9.0108E+00
1.1903E+01;9.0093E+00
1.1904E+01;9.0077E+00
1.1905E+01;9.0061E+00
1.1906E+01;9.0045E+00
1.1907E+01;9.0029E+00
1.1908E+01;9.0013E+00
1.1909E+01;8.9997E+00
1.1910E+01;8.9981E+00
1.1911E+01;8.9965E+00
1.1912E+01;8.9950E+00
1.1913E+01;8.9934E+00
1.1914E+01;8.9918E+00
1.1915E+01;8.9902E+00
1.1916E+01;8.9886E+00
1.1917E+01;8.9870E+00
1.1918E+01;8.9854E+00
1.1919E+01;8.9838E+00
1.1920E+01;8.9822E+00
1.1921E+01;8.9807E+00
1.1922E+01;8.9791E+00
1.1923E+01;8.9775E+00
1.1924E+01;8.9759E+00
1.1925E+01;8.9743E+00
1.1926E+01;8.9727E+00
1.1927E+01;8.9711E+00
1.1928E+01;8.9695E+00
1.1929E+01;8.9679E+00
1.1930E+01;8.9664E+00
1.1931E+01;8.9648E+00
1.1932E+01;8.9632E+00
1.1933E+01;8.9616E+00
1.1934E+01;8.9600E+00
1.1935E+01;8.9584E+00
1.1936E+01;8.9568E+00
1.1937E+01;8.9552E+00
1.1938E+01;8.9536E+00
1.1939E+01;8.9521E+00
1.1940E+01;8.9505E+00
1.1941E+01;8.9489E+00
1.1942E+01;8.9473E+00
1.1943E+01;8.9457E+00
1.1944E+01;8.9441E+00
1.1945E+01;8.9425E+00
1.1946E+01;8.9409E+00
1.1947E+01;8.9393E+00
1.1948E+01;8.9378E+00
1.1949E+01;8.9362E+00
1.1950E+01;8.9346E+00
1.1951E+01;8.9330E+00
1.1952E+01;8.9314E+00
1.1953E+01;8.9298E+00
1.1954E+01;8.9282E+00
1.1955E+01;8.9266E+00
1.1956E+01;8.9250E+00
1.1957E+01;8.9235E+00
1.1958E+01;8.9219E+00
1.1959E+01;8.9203E+00
1.1960E+01;8.9187E+00
1.1961E+01;8.9171E+00
1.1962E+01;8.9155E+00
1.1963E+01;8.9139E+00
1.1964E+01;8.9123E+00
1.1965E+01;8.9107E+00
1.1966E+01;8.9092E+00
1.1967E+01;8.9076E+00
1.1968E+01;8.9060E+00
1.1969E+01;8.9044E+00
1.1970E+01;8.9028E+00
1.1971E+01;8.9012E+00
1.1972E+01;8.8996E+00
1.1973E+01;8.8980E+00
1.1974E+01;8.8964E+00
1.1975E+01;8.8949E+00
1.1976E+01;8.8933E+00
1.1977E+01;8.8917E+00
1.1978E+01;8.8901E+00
1.1979E+01;8.8885E+00
1.1980E+01;8.8869E+00
1.1981E+01;8.8853E+00
1.1982E+01;8.8837E+00
1.1983E+01;8.8821E+00
1.1984E+01;8.8806E+00
1.1985E+01;8.8790E+00
1.1986E+01;8.8774E+00
1.1987E+01;8.8758E+00
1.1988E+01;8.8742E+00
1.1989E+01;8.8726E+00
1.1990E+01;8.8710E+00
1.1991E+01;8.8694E+00
1.1992E+01;8.8678E+00
1.1993E+01;8.8663E+00
1.1994E+01;8.8647E+00
1.1995E+01;8.8631E+00
1.1996E+01;8.8615E+00
1.1997E+01;8.8599E+00
1.1998E+01;8.8583E+00
1.1999E+01;8.8567E+00
1.2000E+01;8.8551E+00
1.2001E+01;8.8535E+00
1.2002E+01;8.8520E+00
1.2003E+01;8.8504E+00
1.2004E+01;8.8488E+00
1.2005E+01;8.8472E+00
1.2006E+01;8.8456E+00
1.2007E+01;8.8440E+00
1.2008E+01;8.8424E+00
1.2009E+01;8.8408E+00
1.2010E+01;8.8392E+00
1.2011E+01;8.8377E+00
1.2012E+01;8.8361E+00
1.2013E+01;8.8345E+00
1.2014E+01;8.8329E+00
1.2015E+01;8.8313E+00
1.2016E+01;8.8297E+00
1.2017E+01;8.8281E+00
1.2018E+01;8.8265E+00
1.2019E+01;8.8249E+00
1.2020E+01;8.8234E+00
1.2021E+01;8.8218E+00
1.2022E+01;8.8202E+00
1.2023E+01;8.8186E+00
1.2024E+01;8.8170E+00
1.2025E+01;8.8154E+00
1.2026E+01;8.8138E+00
1.2027E+01;8.8122E+00
1.2028E+01;8.8106E+00
1.2029E+01;8.8090E+00
1.2030E+01;8.8075E+00
1.2031E+01;8.8059E+00
1.2032E+01;8.8043E+00
1.2033E+01;8.8027E+00
1.2034E+01;8.8011E+00
1.2035E+01;8.7995E+00
1.2036E+01;8.7979E+00
1.2037E+01;8.7963E+00
1.2038E+01;8.7947E+00
1.2039E+01;8.7932E+00
1.2040E+01;8.7916E+00
1.2041E+01;8.7900E+00
1.2042E+01;8.7884E+00
1.2043E+01;8.7868E+00
1.2044E+01;8.7852E+00
1.2045E+01;8.7836E+00
1.2046E+01;8.7820E+00
1.2047E+01;8.7804E+00
1.2048E+01;8.7789E+00
1.2049E+01;8.7773E+00
1.2050E+01;8.7757E+00
1.2051E+01;8.7741E+00
1.2052E+01;8.7725E+00
1.2053E+01;8.7709E+00
1.2054E+01;8.7693E+00
1.2055E+01;8.7677E+00
1.2056E+01;8.7661E+00
1.2057E+01;8.7646E+00
1.2058E+01;8.7630E+00
1.2059E+01;8.7614E+00
1.2060E+01;8.7598E+00
1.2061E+01;8.7582E+00
1.2062E+01;8.7566E+00
1.2063E+01;8.7550E+00
1.2064E+01;8.7534E+00
1.2065E+01;8.7518E+00
1.2066E+01;8.7503E+00
1.2067E+01;8.7487E+00
1.2068E+01;8.7471E+00
1.2069E+01;8.7455E+00
1.2070E+01;8.7439E+00
1.2071E+01;8.7423E+00
1.2072E+01;8.7407E+00
1.2073E+01;8.7391E+00
1.2074E+01;8.7375E+00
1.2075E+01;8.7360E+00
1.2076E+01;8.7344E+00
1.2077E+01;8.7328E+00
1.2078E+01;8.7312E+00
1.2079E+01;8.7296E+00
1.2080E+01;8.7280E+00
1.2081E+01;8.7264E+00
1.2082E+01;8.7248E+00
1.2083E+01;8.7232E+00
1.2084E+01;8.7217E+00
1.2085E+01;8.7201E+00
1.2086E+01;8.7185E+00
1.2087E+01;8.7169E+00
1.2088E+01;8.7153E+00
1.2089E+01;8.7137E+00
1.2090E+01;8.7121E+00
1.2091E+01;8.7105E+00
1.2092E+01;8.7089E+00
1.2093E+01;8.7074E+00
1.2094E+01;8.7058E+00
1.2095E+01;8.7042E+00
1.2096E+01;8.7026E+00
1.2097E+01;8.7010E+00
1.2098E+01;8.6994E+00
1.2099E+01;8.6978E+00
1.2100E+01;8.6962E+00
1.2101E+01;8.6946E+00
1.2102E+01;8.6931E+00
1.2103E+01;8.6915E+00
1.2104E+01;8.6899E+00
1.2105E+01;8.6883E+00
1.2106E+01;8.6867E+00
1.2107E+01;8.6851E+00
1.2108E+01;8.6835E+00
1.2109E+01;8.6819E+00
1.2110E+01;8.6803E+00
1.2111E+01;8.6788E+00
1.2112E+01;8.6772E+00
1.2113E+01;8.6756E+00
1.2114E+01;8.6740E+00
1.2115E+01;8.6724E+00
1.2116E+01;8.6708E+00
1.2117E+01;8.6692E+00
1.2118E+01;8.6676E+00
1.2119E+01;8.6660E+00
1.2120E+01;8.6645E+00
1.2121E+01;8.6629E+00
1.2122E+01;8.6613E+00
1.2123E+01;8.6597E+00
1.2124E+01;8.6581E+00
1.2125E+01;8.6565E+00
1.2126E+01;8.6549E+00
1.2127E+01;8.6533E+00
1.2128E+01;8.6517E+00
1.2129E+01;8.6502E+00
1.2130E+01;8.6486E+00
1.2131E+01;8.6470E+00
1.2132E+01;8.6454E+00
1.2133E+01;8.6438E+00
1.2134E+01;8.6422E+00
1.2135E+01;8.6406E+00
1.2136E+01;8.6390E+00
1.2137E+01;8.6374E+00
1.2138E+01;8.6359E+00
1.2139E+01;8.6343E+00
1.2140E+01;8.6327E+00
1.2141E+01;8.6311E+00
1.2142E+01;8.6295E+00
1.2143E+01;8.6279E+00
1.2144E+01;8.6263E+00
1.2145E+01;8.6247E+00
1.2146E+01;8.6231E+00
1.2147E+01;8.6216E+00
1.2148E+01;8.6200E+00
1.2149E+01;8.6184E+00
1.2150E+01;8.6168E+00
1.2151E+01;8.6152E+00
1.2152E+01;8.6136E+00
1.2153E+01;8.6120E+00
1.2154E+01;8.6104E+00
1.2155E+01;8.6088E+00
1.2156E+01;8.6073E+00
1.2157E+01;8.6057E+00
1.2158E+01;8.6041E+00
1.2159E+01;8.6025E+00
1.2160E+01;8.6009E+00
1.2161E+01;8.5993E+00
1.2162E+01;8.5977E+00
1.2163E+01;8.5961E+00
1.2164E+01;8.5945E+00
1.2165E+01;8.5930E+00
1.2166E+01;8.5914E+00
1.2167E+01;8.5898E+00
1.2168E+01;8.5882E+00
1.2169E+01;8.5866E+00
1.2170E+01;8.5850E+00
1.2171E+01;8.5834E+00
1.2172E+01;8.5818E+00
1.2173E+01;8.5802E+00
1.2174E+01;8.5787E+00
1.2175E+01;8.5771E+00
1.2176E+01;8.5755E+00
1.2177E+01;8.5739E+00
1.2178E+01;8.5723E+00
1.2179E+01;8.5707E+00
1.2180E+01;8.5691E+00
1.2181E+01;8.5675E+00
1.2182E+01;8.5659E+00
1.2183E+01;8.5644E+00
1.2184E+01;8.5628E+00
1.2185E+01;8.5612E+00
1.2186E+01;8.5596E+00
1.2187E+01;8.5580E+00
1.2188E+01;8.5564E+00
1.2189E+01;8.5548E+00
1.2190E+01;8.5532E+00
1.2191E+01;8.5516E+00
1.2192E+01;8.5501E+00
1.2193E+01;8.5485E+00
1.2194E+01;8.5469E+00
1.2195E+01;8.5453E+00
1.2196E+01;8.5437E+00
1.2197E+01;8.5421E+00
1.2198E+01;8.5405E+00
1.2199E+01;8.5389E+00
1.2200E+01;8.5373E+00
1.2201E+01;8.5358E+00
1.2202E+01;8.5342E+00
1.2203E+01;8.5326E+00
1.2204E+01;8.5310E+00
1.2205E+01;8.5294E+00
1.2206E+01;8.5278E+00
1.2207E+01;8.5262E+00
1.2208E+01;8.5246E+00
1.2209E+01;8.5230E+00
1.2210E+01;8.5215E+00
1.2211E+01;8.5199E+00
1.2212E+01;8.5183E+00
1.2213E+01;8.5167E+00
1.2214E+01;8.5151E+00
1.2215E+01;8.5135E+00
1.2216E+01;8.5119E+00
1.2217E+01;8.5103E+00
1.2218E+01;8.5087E+00
1.2219E+01;8.5072E+00
1.2220E+01;8.5056E+00
1.2221E+01;8.5040E+00
1.2222E+01;8.5024E+00
1.2223E+01;8.5008E+00
1.2224E+01;8.4992E+00
1.2225E+01;8.4976E+00
1.2226E+01;8.4960E+00
1.2227E+01;8.4944E+00
1.2228E+01;8.4929E+00
1.2229E+01;8.4913E+00
1.2230E+01;8.4897E+00
1.2231E+01;8.4881E+00
1.2232E+01;8.4865E+00
1.2233E+01;8.4849E+00
1.2234E+01;8.4833E+00
1.2235E+01;8.4817E+00
1.2236E+01;8.4801E+00
1.2237E+01;8.4786E+00
1.2238E+01;8.4770E+00
1.2239E+01;8.4754E+00
1.2240E+01;8.4738E+00
1.2241E+01;8.4722E+00
1.2242E+01;8.4706E+00
1.2243E+01;8.4690E+00
1.2244E+01;8.4674E+00
1.2245E+01;8.4658E+00
1.2246E+01;8.4643E+00
1.2247E+01;8.4627E+00
1.2248E+01;8.4611E+00
1.2249E+01;8.4595E+00
1.2250E+01;8.4579E+00
1.2251E+01;8.4563E+00
1.2252E+01;8.4547E+00
1.2253E+01;8.4531E+00
1.2254E+01;8.4515E+00
1.2255E+01;8.4500E+00
1.2256E+01;8.4484E+00
1.2257E+01;8.4468E+00
1.2258E+01;8.4452E+00
1.2259E+01;8.4436E+00
1.2260E+01;8.4420E+00
1.2261E+01;8.4404E+00
1.2262E+01;8.4388E+00
1.2263E+01;8.4372E+00
1.2264E+01;8.4357E+00
1.2265E+01;8.4341E+00
1.2266E+01;8.4325E+00
1.2267E+01;8.4309E+00
1.2268E+01;8.4293E+00
1.2269E+01;8.4277E+00
1.2270E+01;8.4261E+00
1.2271E+01;8.4245E+00
1.2272E+01;8.4229E+00
1.2273E+01;8.4214E+00
1.2274E+01;8.4198E+00
1.2275E+01;8.4182E+00
1.2276E+01;8.4166E+00
1.2277E+01;8.4150E+00
1.2278E+01;8.4134E+00
1.2279E+01;8.4118E+00
1.2280E+01;8.4102E+00
1.2281E+01;8.4086E+00
1.2282E+01;8.4071E+00
1.2283E+01;8.4055E+00
1.2284E+01;8.4039E+00
1.2285E+01;8.4023E+00
1.2286E+01;8.4007E+00
1.2287E+01;8.3991E+00
1.2288E+01;8.3975E+00
1.2289E+01;8.3959E+00
1.2290E+01;8.3943E+00
1.2291E+01;8.3928E+00
1.2292E+01;8.3912E+00
1.2293E+01;8.3896E+00
1.2294E+01;8.3880E+00
1.2295E+01;8.3864E+00
1.2296E+01;8.3848E+00
1.2297E+01;8.3832E+00
1.2298E+01;8.3816E+00
1.2299E+01;8.3800E+00
1.2300E+01;8.3785E+00
1.2301E+01;8.3769E+00
1.2302E+01;8.3753E+00
1.2303E+01;8.3737E+00
1.2304E+01;8.3721E+00
1.2305E+01;8.3705E+00
1.2306E+01;8.3689E+00
1.2307E+01;8.3673E+00
1.2308E+01;8.3657E+00
1.2309E+01;8.3642E+00
1.2310E+01;8.3626E+00
1.2311E+01;8.3610E+00
1.2312E+01;8.3594E+00
1.2313E+01;8.3578E+00
1.2314E+01;8.3562E+00
1.2315E+01;8.3546E+00
1.2316E+01;8.3530E+00
1.2317E+01;8.3514E+00
1.2318E+01;8.3499E+00
1.2319E+01;8.3483E+00
1.2320E+01;8.3467E+00
1.2321E+01;8.3451E+00
1.2322E+01;8.3435E+00
1.2323E+01;8.3419E+00
1.2324E+01;8.3403E+00
1.2325E+01;8.3387E+00
1.2326E+01;8.3371E+00
1.2327E+01;8.3356E+00
1.2328E+01;8.3340E+00
1.2329E+01;8.3324E+00
1.2330E+01;8.3308E+00
1.2331E+01;8.3292E+00
1.2332E+01;8.3276E+00
1.2333E+01;8.3260E+00
1.2334E+01;8.3244E+00
1.2335E+01;8.3228E+00
1.2336E+01;8.3213E+00
1.2337E+01;8.3197E+00
1.2338E+01;8.3181E+00
1.2339E+01;8.3165E+00
1.2340E+01;8.3149E+00
1.2341E+01;8.3133E+00
1.2342E+01;8.3117E+00
1.2343E+01;8.3101E+00
1.2344E+01;8.3085E+00
1.2345E+01;8.3070E+00
1.2346E+01;8.3054E+00
1.2347E+01;8.3038E+00
1.2348E+01;8.3022E+00
1.2349E+01;8.3006E+00
1.2350E+01;8.2990E+00
1.2351E+01;8.2974E+00
1.2352E+01;8.2958E+00
1.2353E+01;8.2942E+00
1.2354E+01;8.2927E+00
1.2355E+01;8.2911E+00
1.2356E+01;8.2895E+00
1.2357E+01;8.2879E+00
1.2358E+01;8.2863E+00
1.2359E+01;8.2847E+00
1.2360E+01;8.2831E+00
1.2361E+01;8.2815E+00
1.2362E+01;8.2799E+00
1.2363E+01;8.2784E+00
1.2364E+01;8.2768E+00
1.2365E+01;8.2752E+00
1.2366E+01;8.2736E+00
1.2367E+01;8.2720E+00
1.2368E+01;8.2704E+00
1.2369E+01;8.2688E+00
1.2370E+01;8.2672E+00
1.2371E+01;8.2656E+00
1.2372E+01;8.2641E+00
1.2373E+01;8.2625E+00
1.2374E+01;8.2609E+00
1.2375E+01;8.2593E+00
1.2376E+01;8.2577E+00
1.2377E+01;8.2561E+00
1.2378E+01;8.2545E+00
1.2379E+01;8.2529E+00
1.2380E+01;8.2513E+00
1.2381E+01;8.2498E+00
1.2382E+01;8.2482E+00
1.2383E+01;8.2466E+00
1.2384E+01;8.2450E+00
1.2385E+01;8.2434E+00
1.2386E+01;8.2418E+00
1.2387E+01;8.2402E+00
1.2388E+01;8.2386E+00
1.2389E+01;8.2370E+00
1.2390E+01;8.2355E+00
1.2391E+01;8.2339E+00
1.2392E+01;8.2323E+00
1.2393E+01;8.2307E+00
1.2394E+01;8.2291E+00
1.2395E+01;8.2275E+00
1.2396E+01;8.2259E+00
1.2397E+01;8.2243E+00
1.2398E+01;8.2227E+00
1.2399E+01;8.2212E+00
1.2400E+01;8.2196E+00
1.2401E+01;8.2180E+00
1.2402E+01;8.2164E+00
1.2403E+01;8.2147E+00
1.2404E+01;8.2128E+00
1.2405E+01;8.2109E+00
1.2406E+01;8.2090E+00
1.2407E+01;8.2072E+00
1.2408E+01;8.2053E+00
1.2409E+01;8.2034E+00
1.2410E+01;8.2015E+00
1.2411E+01;8.1997E+00
1.2412E+01;8.1978E+00
1.2413E+01;8.1959E+00
1.2414E+01;8.1941E+00
1.2415E+01;8.1922E+00
1.2416E+01;8.1903E+00
1.2417E+01;8.1884E+00
1.2418E+01;8.1866E+00
1.2419E+01;8.1847E+00
1.2420E+01;8.1828E+00
1.2421E+01;8.1809E+00
1.2422E+01;8.1791E+00
1.2423E+01;8.1772E+00
1.2424E+01;8.1753E+00
1.2425E+01;8.1734E+00
1.2426E+01;8.1716E+00
1.2427E+01;8.1697E+00
1.2428E+01;8.1678E+00
1.2429E+01;8.1659E+00
1.2430E+01;8.1641E+00
1.2431E+01;8.1622E+00
1.2432E+01;8.1603E+00
1.2433E+01;8.1584E+00
1.2434E+01;8.1566E+00
1.2435E+01;8.1547E+00
1.2436E+01;8.1528E+00
1.2437E+01;8.1509E+00
1.2438E+01;8.1491E+00
1.2439E+01;8.1472E+00
1.2440E+01;8.1453E+00
1.2441E+01;8.1434E+00
1.2442E+01;8.1416E+00
1.2443E+01;8.1397E+00
1.2444E+01;8.1378E+00
1.2445E+01;8.1359E+00
1.2446E+01;8.1341E+00
1.2447E+01;8.1322E+00
1.2448E+01;8.1303E+00
1.2449E+01;8.1284E+00
1.2450E+01;8.1266E+00
1.2451E+01;8.1247E+00
1.2452E+01;8.1228E+00
1.2453E+01;8.1210E+00
1.2454E+01;8.1191E+00
1.2455E+01;8.1172E+00
1.2456E+01;8.1153E+00
1.2457E+01;8.1135E+00
1.2458E+01;8.1116E+00
1.2459E+01;8.1097E+00
1.2460E+01;8.1078E+00
1.2461E+01;8.1060E+00
1.2462E+01;8.1041E+00
1.2463E+01;8.1022E+00
1.2464E+01;8.1003E+00
1.2465E+01;8.0985E+00
1.2466E+01;8.0966E+00
1.2467E+01;8.0947E+00
1.2468E+01;8.0928E+00
1.2469E+01;8.0910E+00
1.2470E+01;8.0891E+00
1.2471E+01;8.0872E+00
1.2472E+01;8.0853E+00
1.2473E+01;8.0835E+00
1.2474E+01;8.0816E+00
1.2475E+01;8.0797E+00
1.2476E+01;8.0778E+00
1.2477E+01;8.0760E+00
1.2478E+01;8.0741E+00
1.2479E+01;8.0722E+00
1.2480E+01;8.0704E+00
1.2481E+01;8.0685E+00
1.2482E+01;8.0666E+00
1.2483E+01;8.0647E+00
1.2484E+01;8.0629E+00
1.2485E+01;8.0610E+00
1.2486E+01;8.0591E+00
1.2487E+01;8.0572E+00
1.2488E+01;8.0554E+00
1.2489E+01;8.0535E+00
1.2490E+01;8.0516E+00
1.2491E+01;8.0497E+00
1.2492E+01;8.0479E+00
1.2493E+01;8.0460E+00
1.2494E+01;8.0441E+00
1.2495E+01;8.0422E+00
1.2496E+01;8.0404E+00
1.2497E+01;8.0385E+00
1.2498E+01;8.0366E+00
1.2499E+01;8.0347E+00
1.2500E+01;8.0329E+00
