-3.2000E+00;8.3674E+01
-3.1990E+00;8.3711E+01
-3.1980E+00;8.3747E+01
-3.1970E+00;8.3784E+01
-3.1960E+00;8.3820E+01
-3.1950E+00;8.3857E+01
-3.1940E+00;8.3893E+01
-3.1930E+00;8.3930E+01
-3.1920E+00;8.3966E+01
-3.1910E+00;8.4003E+01
-3.1900E+00;8.4040E+01
-3.1890E+00;8.4076E+01
-3.1880E+00;8.4113E+01
-3.1870E+00;8.4149E+01
-3.1860E+00;8.4186E+01
-3.1850E+00;8.4222E+01
-3.1840E+00;8.4259E+01
-3.1830E+00;8.4295E+01
-3.1820E+00;8.4332E+01
-3.1810E+00;8.4369E+01
-3.1800E+00;8.4405E+01
-3.1790E+00;8.4442E+01
-3.1780E+00;8.4478E+01
-3.1770E+00;8.4515E+01
-3.1760E+00;8.4552E+01
-3.1750E+00;8.4588E+01
-3.1740E+00;8.4625E+01
-3.1730E+00;8.4661E+01
-3.1720E+00;8.4698E+01
-3.1710E+00;8.4734E+01
-3.1700E+00;8.4771E+01
-3.1690E+00;8.4808E+01
-3.1680E+00;8.4844E+01
-3.1670E+00;8.4881E+01
-3.1660E+00;8.4917E+01
-3.1650E+00;8.4954E+01
-3.1640E+00;8.4991E+01
-3.1630E+00;8.5027E+01
-3.1620E+00;8.5064E+01
-3.1610E+00;8.5100E+01
-3.1600E+00;8.5137E+01
-3.1590E+00;8.5174E+01
-3.1580E+00;8.5210E+01
-3.1570E+00;8.5247E+01
-3.1560E+00;8.5283E+01
-3.1550E+00;8.5320E+01
-3.1540E+00;8.5357E+01
-3.1530E+00;8.5393E+01
-3.1520E+00;8.5430E+01
-3.1510E+00;8.5466E+01
-3.1500E+00;8.5503E+01
-3.1490E+00;8.5540E+01
-3.1480E+00;8.5576E+01
-3.1470E+00;8.5613E+01
-3.1460E+00;8.5650E+01
-3.1450E+00;8.5686E+01
-3.1440E+00;8.5723E+01
-3.1430E+00;8.5759E+01
-3.1420E+00;8.5796E+01
-3.1410E+00;8.5833E+01
-3.1400E+00;8.5869E+01
-3.1390E+00;8.5906E+01
-3.1380E+00;8.5943E+01
-3.1370E+00;8.5979E+01
-3.1360E+00;8.6016E+01
-3.1350E+00;8.6053E+01
-3.1340E+00;8.6089E+01
-3.1330E+00;8.6126E+01
-3.1320E+00;8.6162E+01
-3.1310E+00;8.6199E+01
-3.1300E+00;8.6236E+01
-3.1290E+00;8.6272E+01
-3.1280E+00;8.6309E+01
-3.1270E+00;8.6346E+01
-3.1260E+00;8.6382E+01
-3.1250E+00;8.6419E+01
-3.1240E+00;8.6456E+01
-3.1230E+00;8.6492E+01
-3.1220E+00;8.6529E+01
-3.1210E+00;8.6566E+01
-3.1200E+00;8.6602E+01
-3.1190E+00;8.6639E+01
-3.1180E+00;8.6676E+01
-3.1170E+00;8.6712E+01
-3.1160E+00;8.6749E+01
-3.1150E+00;8.6786E+01
-3.1140E+00;8.6822E+01
-3.1130E+00;8.6861E+01
-3.1120E+00;8.6901E+01
-3.1110E+00;8.6942E+01
-3.1100E+00;8.6982E+01
-3.1090E+00;8.7023E+01
-3.1080E+00;8.7064E+01
-3.1070E+00;8.7104E+01
-3.1060E+00;8.7145E+01
-3.1050E+00;8.7186E+01
-3.1040E+00;8.7226E+01
-3.1030E+00;8.7267E+01
-3.1020E+00;8.7307E+01
-3.1010E+00;8.7348E+01
-3.1000E+00;8.7389E+01
-3.0990E+00;8.7429E+01
-3.0980E+00;8.7470E+01
-3.0970E+00;8.7511E+01
-3.0960E+00;8.7551E+01
-3.0950E+00;8.7592E+01
-3.0940E+00;8.7633E+01
-3.0930E+00;8.7673E+01
-3.0920E+00;8.7714E+01
-3.0910E+00;8.7755E+01
-3.0900E+00;8.7795E+01
-3.0890E+00;8.7836E+01
-3.0880E+00;8.7877E+01
-3.0870E+00;8.7917E+01
-3.0860E+00;8.7958E+01
-3.0850E+00;8.7998E+01
-3.0840E+00;8.8039E+01
-3.0830E+00;8.8080E+01
-3.0820E+00;8.8120E+01
-3.0810E+00;8.8161E+01
-3.0800E+00;8.8202E+01
-3.0790E+00;8.8242E+01
-3.0780E+00;8.8283E+01
-3.0770E+00;8.8324E+01
-3.0760E+00;8.8365E+01
-3.0750E+00;8.8405E+01
-3.0740E+00;8.8446E+01
-3.0730E+00;8.8487E+01
-3.0720E+00;8.8527E+01
-3.0710E+00;8.8568E+01
-3.0700E+00;8.8609E+01
-3.0690E+00;8.8649E+01
-3.0680E+00;8.8690E+01
-3.0670E+00;8.8731E+01
-3.0660E+00;8.8771E+01
-3.0650E+00;8.8812E+01
-3.0640E+00;8.8853E+01
-3.0630E+00;8.8893E+01
-3.0620E+00;8.8934E+01
-3.0610E+00;8.8975E+01
-3.0600E+00;8.9016E+01
-3.0590E+00;8.9056E+01
-3.0580E+00;8.9097E+01
-3.0570E+00;8.9138E+01
-3.0560E+00;8.9178E+01
-3.0550E+00;8.9219E+01
-3.0540E+00;8.9260E+01
-3.0530E+00;8.9300E+01
-3.0520E+00;8.9341E+01
-3.0510E+00;8.9382E+01
-3.0500E+00;8.9423E+01
-3.0490E+00;8.9463E+01
-3.0480E+00;8.9504E+01
-3.0470E+00;8.9545E+01
-3.0460E+00;8.9585E+01
-3.0450E+00;8.9626E+01
-3.0440E+00;8.9667E+01
-3.0430E+00;8.9708E+01
-3.0420E+00;8.9748E+01
-3.0410E+00;8.9789E+01
-3.0400E+00;8.9830E+01
-3.0390E+00;8.9871E+01
-3.0380E+00;8.9911E+01
-3.0370E+00;8.9952E+01
-3.0360E+00;8.9993E+01
-3.0350E+00;9.0033E+01
-3.0340E+00;9.0074E+01
-3.0330E+00;9.0115E+01
-3.0320E+00;9.0156E+01
-3.0310E+00;9.0196E+01
-3.0300E+00;9.0237E+01
-3.0290E+00;9.0278E+01
-3.0280E+00;9.0319E+01
-3.0270E+00;9.0359E+01
-3.0260E+00;9.0402E+01
-3.0250E+00;9.0446E+01
-3.0240E+00;9.0490E+01
-3.0230E+00;9.0533E+01
-3.0220E+00;9.0577E+01
-3.0210E+00;9.0621E+01
-3.0200E+00;9.0664E+01
-3.0190E+00;9.0708E+01
-3.0180E+00;9.0752E+01
-3.0170E+00;9.0795E+01
-3.0160E+00;9.0839E+01
-3.0150E+00;9.0883E+01
-3.0140E+00;9.0926E+01
-3.0130E+00;9.0970E+01
-3.0120E+00;9.1014E+01
-3.0110E+00;9.1057E+01
-3.0100E+00;9.1101E+01
-3.0090E+00;9.1144E+01
-3.0080E+00;9.1188E+01
-3.0070E+00;9.1232E+01
-3.0060E+00;9.1275E+01
-3.0050E+00;9.1319E+01
-3.0040E+00;9.1363E+01
-3.0030E+00;9.1407E+01
-3.0020E+00;9.1450E+01
-3.0010E+00;9.1494E+01
-3.0000E+00;9.1538E+01
-2.9990E+00;9.1581E+01
-2.9980E+00;9.1625E+01
-2.9970E+00;9.1669E+01
-2.9960E+00;9.1712E+01
-2.9950E+00;9.1756E+01
-2.9940E+00;9.1800E+01
-2.9930E+00;9.1843E+01
-2.9920E+00;9.1887E+01
-2.9910E+00;9.1931E+01
-2.9900E+00;9.1974E+01
-2.9890E+00;9.2018E+01
-2.9880E+00;9.2062E+01
-2.9870E+00;9.2105E+01
-2.9860E+00;9.2149E+01
-2.9850E+00;9.2193E+01
-2.9840E+00;9.2237E+01
-2.9830E+00;9.2280E+01
-2.9820E+00;9.2324E+01
-2.9810E+00;9.2368E+01
-2.9800E+00;9.2411E+01
-2.9790E+00;9.2455E+01
-2.9780E+00;9.2499E+01
-2.9770E+00;9.2543E+01
-2.9760E+00;9.2586E+01
-2.9750E+00;9.2630E+01
-2.9740E+00;9.2674E+01
-2.9730E+00;9.2717E+01
-2.9720E+00;9.2761E+01
-2.9710E+00;9.2805E+01
-2.9700E+00;9.2849E+01
-2.9690E+00;9.2892E+01
-2.9680E+00;9.2936E+01
-2.9670E+00;9.2980E+01
-2.9660E+00;9.3023E+01
-2.9650E+00;9.3067E+01
-2.9640E+00;9.3111E+01
-2.9630E+00;9.3155E+01
-2.9620E+00;9.3198E+01
-2.9610E+00;9.3242E+01
-2.9600E+00;9.3286E+01
-2.9590E+00;9.3330E+01
-2.9580E+00;9.3373E+01
-2.9570E+00;9.3417E+01
-2.9560E+00;9.3461E+01
-2.9550E+00;9.3505E+01
-2.9540E+00;9.3548E+01
-2.9530E+00;9.3592E+01
-2.9520E+00;9.3636E+01
-2.9510E+00;9.3680E+01
-2.9500E+00;9.3723E+01
-2.9490E+00;9.3767E+01
-2.9480E+00;9.3811E+01
-2.9470E+00;9.3855E+01
-2.9460E+00;9.3898E+01
-2.9450E+00;9.3942E+01
-2.9440E+00;9.3986E+01
-2.9430E+00;9.4030E+01
-2.9420E+00;9.4073E+01
-2.9410E+00;9.4117E+01
-2.9400E+00;9.4162E+01
-2.9390E+00;9.4210E+01
-2.9380E+00;9.4258E+01
-2.9370E+00;9.4307E+01
-2.9360E+00;9.4355E+01
-2.9350E+00;9.4403E+01
-2.9340E+00;9.4451E+01
-2.9330E+00;9.4500E+01
-2.9320E+00;9.4548E+01
-2.9310E+00;9.4596E+01
-2.9300E+00;9.4644E+01
-2.9290E+00;9.4693E+01
-2.9280E+00;9.4741E+01
-2.9270E+00;9.4789E+01
-2.9260E+00;9.4837E+01
-2.9250E+00;9.4886E+01
-2.9240E+00;9.4934E+01
-2.9230E+00;9.4982E+01
-2.9220E+00;9.5031E+01
-2.9210E+00;9.5079E+01
-2.9200E+00;9.5127E+01
-2.9190E+00;9.5175E+01
-2.9180E+00;9.5224E+01
-2.9170E+00;9.5272E+01
-2.9160E+00;9.5320E+01
-2.9150E+00;9.5369E+01
-2.9140E+00;9.5417E+01
-2.9130E+00;9.5465E+01
-2.9120E+00;9.5513E+01
-2.9110E+00;9.5562E+01
-2.9100E+00;9.5610E+01
-2.9090E+00;9.5658E+01
-2.9080E+00;9.5707E+01
-2.9070E+00;9.5755E+01
-2.9060E+00;9.5803E+01
-2.9050E+00;9.5852E+01
-2.9040E+00;9.5900E+01
-2.9030E+00;9.5948E+01
-2.9020E+00;9.5997E+01
-2.9010E+00;9.6045E+01
-2.9000E+00;9.6093E+01
-2.8990E+00;9.6141E+01
-2.8980E+00;9.6190E+01
-2.8970E+00;9.6238E+01
-2.8960E+00;9.6286E+01
-2.8950E+00;9.6335E+01
-2.8940E+00;9.6383E+01
-2.8930E+00;9.6431E+01
-2.8920E+00;9.6480E+01
-2.8910E+00;9.6528E+01
-2.8900E+00;9.6576E+01
-2.8890E+00;9.6625E+01
-2.8880E+00;9.6673E+01
-2.8870E+00;9.6721E+01
-2.8860E+00;9.6770E+01
-2.8850E+00;9.6818E+01
-2.8840E+00;9.6866E+01
-2.8830E+00;9.6915E+01
-2.8820E+00;9.6963E+01
-2.8810E+00;9.7011E+01
-2.8800E+00;9.7060E+01
-2.8790E+00;9.7108E+01
-2.8780E+00;9.7157E+01
-2.8770E+00;9.7205E+01
-2.8760E+00;9.7253E+01
-2.8750E+00;9.7302E+01
-2.8740E+00;9.7350E+01
-2.8730E+00;9.7398E+01
-2.8720E+00;9.7447E+01
-2.8710E+00;9.7495E+01
-2.8700E+00;9.7543E+01
-2.8690E+00;9.7592E+01
-2.8680E+00;9.7640E+01
-2.8670E+00;9.7688E+01
-2.8660E+00;9.7737E+01
-2.8650E+00;9.7785E+01
-2.8640E+00;9.7834E+01
-2.8630E+00;9.7882E+01
-2.8620E+00;9.7930E+01
-2.8610E+00;9.7979E+01
-2.8600E+00;9.8027E+01
-2.8590E+00;9.8075E+01
-2.8580E+00;9.8124E+01
-2.8570E+00;9.8172E+01
-2.8560E+00;9.8221E+01
-2.8550E+00;9.8269E+01
-2.8540E+00;9.8317E+01
-2.8530E+00;9.8368E+01
-2.8520E+00;9.8420E+01
-2.8510E+00;9.8472E+01
-2.8500E+00;9.8524E+01
-2.8490E+00;9.8576E+01
-2.8480E+00;9.8628E+01
-2.8470E+00;9.8680E+01
-2.8460E+00;9.8732E+01
-2.8450E+00;9.8784E+01
-2.8440E+00;9.8836E+01
-2.8430E+00;9.8888E+01
-2.8420E+00;9.8940E+01
-2.8410E+00;9.8992E+01
-2.8400E+00;9.9044E+01
-2.8390E+00;9.9096E+01
-2.8380E+00;9.9148E+01
-2.8370E+00;9.9200E+01
-2.8360E+00;9.9252E+01
-2.8350E+00;9.9304E+01
-2.8340E+00;9.9356E+01
-2.8330E+00;9.9408E+01
-2.8320E+00;9.9460E+01
-2.8310E+00;9.9512E+01
-2.8300E+00;9.9564E+01
-2.8290E+00;9.9616E+01
-2.8280E+00;9.9668E+01
-2.8270E+00;9.9720E+01
-2.8260E+00;9.9772E+01
-2.8250E+00;9.9824E+01
-2.8240E+00;9.9876E+01
-2.8230E+00;9.9928E+01
-2.8220E+00;9.9981E+01
-2.8210E+00;1.0003E+02
-2.8200E+00;1.0008E+02
-2.8190E+00;1.0014E+02
-2.8180E+00;1.0019E+02
-2.8170E+00;1.0024E+02
-2.8160E+00;1.0029E+02
-2.8150E+00;1.0034E+02
-2.8140E+00;1.0040E+02
-2.8130E+00;1.0045E+02
-2.8120E+00;1.0050E+02
-2.8110E+00;1.0055E+02
-2.8100E+00;1.0061E+02
-2.8090E+00;1.0066E+02
-2.8080E+00;1.0071E+02
-2.8070E+00;1.0076E+02
-2.8060E+00;1.0081E+02
-2.8050E+00;1.0087E+02
-2.8040E+00;1.0092E+02
-2.8030E+00;1.0097E+02
-2.8020E+00;1.0102E+02
-2.8010E+00;1.0107E+02
-2.8000E+00;1.0113E+02
-2.7990E+00;1.0118E+02
-2.7980E+00;1.0123E+02
-2.7970E+00;1.0128E+02
-2.7960E+00;1.0133E+02
-2.7950E+00;1.0139E+02
-2.7940E+00;1.0144E+02
-2.7930E+00;1.0149E+02
-2.7920E+00;1.0154E+02
-2.7910E+00;1.0159E+02
-2.7900E+00;1.0165E+02
-2.7890E+00;1.0170E+02
-2.7880E+00;1.0175E+02
-2.7870E+00;1.0180E+02
-2.7860E+00;1.0186E+02
-2.7850E+00;1.0191E+02
-2.7840E+00;1.0196E+02
-2.7830E+00;1.0201E+02
-2.7820E+00;1.0206E+02
-2.7810E+00;1.0212E+02
-2.7800E+00;1.0217E+02
-2.7790E+00;1.0222E+02
-2.7780E+00;1.0227E+02
-2.7770E+00;1.0232E+02
-2.7760E+00;1.0238E+02
-2.7750E+00;1.0243E+02
-2.7740E+00;1.0248E+02
-2.7730E+00;1.0253E+02
-2.7720E+00;1.0258E+02
-2.7710E+00;1.0264E+02
-2.7700E+00;1.0269E+02
-2.7690E+00;1.0274E+02
-2.7680E+00;1.0279E+02
-2.7670E+00;1.0285E+02
-2.7660E+00;1.0290E+02
-2.7650E+00;1.0296E+02
-2.7640E+00;1.0302E+02
-2.7630E+00;1.0308E+02
-2.7620E+00;1.0313E+02
-2.7610E+00;1.0319E+02
-2.7600E+00;1.0325E+02
-2.7590E+00;1.0331E+02
-2.7580E+00;1.0336E+02
-2.7570E+00;1.0342E+02
-2.7560E+00;1.0348E+02
-2.7550E+00;1.0354E+02
-2.7540E+00;1.0359E+02
-2.7530E+00;1.0365E+02
-2.7520E+00;1.0371E+02
-2.7510E+00;1.0377E+02
-2.7500E+00;1.0382E+02
-2.7490E+00;1.0388E+02
-2.7480E+00;1.0394E+02
-2.7470E+00;1.0400E+02
-2.7460E+00;1.0405E+02
-2.7450E+00;1.0411E+02
-2.7440E+00;1.0417E+02
-2.7430E+00;1.0423E+02
-2.7420E+00;1.0428E+02
-2.7410E+00;1.0434E+02
-2.7400E+00;1.0440E+02
-2.7390E+00;1.0446E+02
-2.7380E+00;1.0451E+02
-2.7370E+00;1.0457E+02
-2.7360E+00;1.0463E+02
-2.7350E+00;1.0469E+02
-2.7340E+00;1.0474E+02
-2.7330E+00;1.0480E+02
-2.7320E+00;1.0486E+02
-2.7310E+00;1.0492E+02
-2.7300E+00;1.0498E+02
-2.7290E+00;1.0503E+02
-2.7280E+00;1.0509E+02
-2.7270E+00;1.0515E+02
-2.7260E+00;1.0521E+02
-2.7250E+00;1.0526E+02
-2.7240E+00;1.0532E+02
-2.7230E+00;1.0538E+02
-2.7220E+00;1.0544E+02
-2.7210E+00;1.0549E+02
-2.7200E+00;1.0555E+02
-2.7190E+00;1.0561E+02
-2.7180E+00;1.0567E+02
-2.7170E+00;1.0572E+02
-2.7160E+00;1.0578E+02
-2.7150E+00;1.0584E+02
-2.7140E+00;1.0590E+02
-2.7130E+00;1.0595E+02
-2.7120E+00;1.0601E+02
-2.7110E+00;1.0607E+02
-2.7100E+00;1.0613E+02
-2.7090E+00;1.0618E+02
-2.7080E+00;1.0624E+02
-2.7070E+00;1.0630E+02
-2.7060E+00;1.0636E+02
-2.7050E+00;1.0642E+02
-2.7040E+00;1.0647E+02
-2.7030E+00;1.0653E+02
-2.7020E+00;1.0659E+02
-2.7010E+00;1.0665E+02
-2.7000E+00;1.0670E+02
-2.6990E+00;1.0676E+02
-2.6980E+00;1.0682E+02
-2.6970E+00;1.0688E+02
-2.6960E+00;1.0693E+02
-2.6950E+00;1.0699E+02
-2.6940E+00;1.0705E+02
-2.6930E+00;1.0711E+02
-2.6920E+00;1.0716E+02
-2.6910E+00;1.0722E+02
-2.6900E+00;1.0728E+02
-2.6890E+00;1.0734E+02
-2.6880E+00;1.0740E+02
-2.6870E+00;1.0745E+02
-2.6860E+00;1.0751E+02
-2.6850E+00;1.0757E+02
-2.6840E+00;1.0763E+02
-2.6830E+00;1.0768E+02
-2.6820E+00;1.0774E+02
-2.6810E+00;1.0780E+02
-2.6800E+00;1.0786E+02
-2.6790E+00;1.0792E+02
-2.6780E+00;1.0798E+02
-2.6770E+00;1.0804E+02
-2.6760E+00;1.0810E+02
-2.6750E+00;1.0817E+02
-2.6740E+00;1.0823E+02
-2.6730E+00;1.0829E+02
-2.6720E+00;1.0835E+02
-2.6710E+00;1.0841E+02
-2.6700E+00;1.0847E+02
-2.6690E+00;1.0853E+02
-2.6680E+00;1.0860E+02
-2.6670E+00;1.0866E+02
-2.6660E+00;1.0872E+02
-2.6650E+00;1.0878E+02
-2.6640E+00;1.0884E+02
-2.6630E+00;1.0890E+02
-2.6620E+00;1.0897E+02
-2.6610E+00;1.0903E+02
-2.6600E+00;1.0909E+02
-2.6590E+00;1.0915E+02
-2.6580E+00;1.0921E+02
-2.6570E+00;1.0927E+02
-2.6560E+00;1.0933E+02
-2.6550E+00;1.0940E+02
-2.6540E+00;1.0946E+02
-2.6530E+00;1.0952E+02
-2.6520E+00;1.0958E+02
-2.6510E+00;1.0964E+02
-2.6500E+00;1.0970E+02
-2.6490E+00;1.0977E+02
-2.6480E+00;1.0983E+02
-2.6470E+00;1.0989E+02
-2.6460E+00;1.0995E+02
-2.6450E+00;1.1001E+02
-2.6440E+00;1.1007E+02
-2.6430E+00;1.1013E+02
-2.6420E+00;1.1020E+02
-2.6410E+00;1.1026E+02
-2.6400E+00;1.1032E+02
-2.6390E+00;1.1038E+02
-2.6380E+00;1.1044E+02
-2.6370E+00;1.1050E+02
-2.6360E+00;1.1057E+02
-2.6350E+00;1.1063E+02
-2.6340E+00;1.1069E+02
-2.6330E+00;1.1075E+02
-2.6320E+00;1.1081E+02
-2.6310E+00;1.1087E+02
-2.6300E+00;1.1093E+02
-2.6290E+00;1.1100E+02
-2.6280E+00;1.1106E+02
-2.6270E+00;1.1112E+02
-2.6260E+00;1.1118E+02
-2.6250E+00;1.1124E+02
-2.6240E+00;1.1130E+02
-2.6230E+00;1.1137E+02
-2.6220E+00;1.1143E+02
-2.6210E+00;1.1149E+02
-2.6200E+00;1.1155E+02
-2.6190E+00;1.1161E+02
-2.6180E+00;1.1167E+02
-2.6170E+00;1.1174E+02
-2.6160E+00;1.1180E+02
-2.6150E+00;1.1186E+02
-2.6140E+00;1.1192E+02
-2.6130E+00;1.1198E+02
-2.6120E+00;1.1204E+02
-2.6110E+00;1.1210E+02
-2.6100E+00;1.1217E+02
-2.6090E+00;1.1223E+02
-2.6080E+00;1.1229E+02
-2.6070E+00;1.1235E+02
-2.6060E+00;1.1241E+02
-2.6050E+00;1.1247E+02
-2.6040E+00;1.1254E+02
-2.6030E+00;1.1260E+02
-2.6020E+00;1.1266E+02
-2.6010E+00;1.1272E+02
-2.6000E+00;1.1278E+02
-2.5990E+00;1.1284E+02
-2.5980E+00;1.1291E+02
-2.5970E+00;1.1297E+02
-2.5960E+00;1.1303E+02
-2.5950E+00;1.1309E+02
-2.5940E+00;1.1315E+02
-2.5930E+00;1.1322E+02
-2.5920E+00;1.1329E+02
-2.5910E+00;1.1335E+02
-2.5900E+00;1.1342E+02
-2.5890E+00;1.1349E+02
-2.5880E+00;1.1356E+02
-2.5870E+00;1.1363E+02
-2.5860E+00;1.1370E+02
-2.5850E+00;1.1376E+02
-2.5840E+00;1.1383E+02
-2.5830E+00;1.1390E+02
-2.5820E+00;1.1397E+02
-2.5810E+00;1.1404E+02
-2.5800E+00;1.1410E+02
-2.5790E+00;1.1417E+02
-2.5780E+00;1.1424E+02
-2.5770E+00;1.1431E+02
-2.5760E+00;1.1438E+02
-2.5750E+00;1.1444E+02
-2.5740E+00;1.1451E+02
-2.5730E+00;1.1458E+02
-2.5720E+00;1.1465E+02
-2.5710E+00;1.1472E+02
-2.5700E+00;1.1478E+02
-2.5690E+00;1.1485E+02
-2.5680E+00;1.1492E+02
-2.5670E+00;1.1499E+02
-2.5660E+00;1.1506E+02
-2.5650E+00;1.1512E+02
-2.5640E+00;1.1519E+02
-2.5630E+00;1.1526E+02
-2.5620E+00;1.1533E+02
-2.5610E+00;1.1540E+02
-2.5600E+00;1.1546E+02
-2.5590E+00;1.1553E+02
-2.5580E+00;1.1560E+02
-2.5570E+00;1.1567E+02
-2.5560E+00;1.1574E+02
-2.5550E+00;1.1581E+02
-2.5540E+00;1.1587E+02
-2.5530E+00;1.1594E+02
-2.5520E+00;1.1601E+02
-2.5510E+00;1.1608E+02
-2.5500E+00;1.1615E+02
-2.5490E+00;1.1621E+02
-2.5480E+00;1.1628E+02
-2.5470E+00;1.1635E+02
-2.5460E+00;1.1642E+02
-2.5450E+00;1.1649E+02
-2.5440E+00;1.1655E+02
-2.5430E+00;1.1662E+02
-2.5420E+00;1.1669E+02
-2.5410E+00;1.1676E+02
-2.5400E+00;1.1683E+02
-2.5390E+00;1.1690E+02
-2.5380E+00;1.1696E+02
-2.5370E+00;1.1703E+02
-2.5360E+00;1.1710E+02
-2.5350E+00;1.1717E+02
-2.5340E+00;1.1724E+02
-2.5330E+00;1.1730E+02
-2.5320E+00;1.1737E+02
-2.5310E+00;1.1744E+02
-2.5300E+00;1.1751E+02
-2.5290E+00;1.1758E+02
-2.5280E+00;1.1765E+02
-2.5270E+00;1.1771E+02
-2.5260E+00;1.1778E+02
-2.5250E+00;1.1785E+02
-2.5240E+00;1.1792E+02
-2.5230E+00;1.1799E+02
-2.5220E+00;1.1805E+02
-2.5210E+00;1.1812E+02
-2.5200E+00;1.1819E+02
-2.5190E+00;1.1826E+02
-2.5180E+00;1.1833E+02
-2.5170E+00;1.1839E+02
-2.5160E+00;1.1846E+02
-2.5150E+00;1.1853E+02
-2.5140E+00;1.1860E+02
-2.5130E+00;1.1867E+02
-2.5120E+00;1.1874E+02
-2.5110E+00;1.1880E+02
-2.5100E+00;1.1887E+02
-2.5090E+00;1.1894E+02
-2.5080E+00;1.1901E+02
-2.5070E+00;1.1908E+02
-2.5060E+00;1.1915E+02
-2.5050E+00;1.1922E+02
-2.5040E+00;1.1930E+02
-2.5030E+00;1.1937E+02
-2.5020E+00;1.1945E+02
-2.5010E+00;1.1952E+02
-2.5000E+00;1.1959E+02
-2.4990E+00;1.1967E+02
-2.4980E+00;1.1974E+02
-2.4970E+00;1.1981E+02
-2.4960E+00;1.1989E+02
-2.4950E+00;1.1996E+02
-2.4940E+00;1.2003E+02
-2.4930E+00;1.2011E+02
-2.4920E+00;1.2018E+02
-2.4910E+00;1.2025E+02
-2.4900E+00;1.2033E+02
-2.4890E+00;1.2040E+02
-2.4880E+00;1.2047E+02
-2.4870E+00;1.2055E+02
-2.4860E+00;1.2062E+02
-2.4850E+00;1.2070E+02
-2.4840E+00;1.2077E+02
-2.4830E+00;1.2084E+02
-2.4820E+00;1.2092E+02
-2.4810E+00;1.2099E+02
-2.4800E+00;1.2106E+02
-2.4790E+00;1.2114E+02
-2.4780E+00;1.2121E+02
-2.4770E+00;1.2128E+02
-2.4760E+00;1.2136E+02
-2.4750E+00;1.2143E+02
-2.4740E+00;1.2150E+02
-2.4730E+00;1.2158E+02
-2.4720E+00;1.2165E+02
-2.4710E+00;1.2172E+02
-2.4700E+00;1.2180E+02
-2.4690E+00;1.2187E+02
-2.4680E+00;1.2195E+02
-2.4670E+00;1.2202E+02
-2.4660E+00;1.2209E+02
-2.4650E+00;1.2217E+02
-2.4640E+00;1.2224E+02
-2.4630E+00;1.2231E+02
-2.4620E+00;1.2239E+02
-2.4610E+00;1.2246E+02
-2.4600E+00;1.2253E+02
-2.4590E+00;1.2261E+02
-2.4580E+00;1.2268E+02
-2.4570E+00;1.2275E+02
-2.4560E+00;1.2283E+02
-2.4550E+00;1.2290E+02
-2.4540E+00;1.2298E+02
-2.4530E+00;1.2305E+02
-2.4520E+00;1.2312E+02
-2.4510E+00;1.2320E+02
-2.4500E+00;1.2327E+02
-2.4490E+00;1.2334E+02
-2.4480E+00;1.2342E+02
-2.4470E+00;1.2349E+02
-2.4460E+00;1.2356E+02
-2.4450E+00;1.2364E+02
-2.4440E+00;1.2371E+02
-2.4430E+00;1.2379E+02
-2.4420E+00;1.2386E+02
-2.4410E+00;1.2393E+02
-2.4400E+00;1.2401E+02
-2.4390E+00;1.2408E+02
-2.4380E+00;1.2415E+02
-2.4370E+00;1.2423E+02
-2.4360E+00;1.2430E+02
-2.4350E+00;1.2437E+02
-2.4340E+00;1.2445E+02
-2.4330E+00;1.2452E+02
-2.4320E+00;1.2460E+02
-2.4310E+00;1.2467E+02
-2.4300E+00;1.2474E+02
-2.4290E+00;1.2482E+02
-2.4280E+00;1.2489E+02
-2.4270E+00;1.2496E+02
-2.4260E+00;1.2504E+02
-2.4250E+00;1.2511E+02
-2.4240E+00;1.2518E+02
-2.4230E+00;1.2526E+02
-2.4220E+00;1.2533E+02
-2.4210E+00;1.2541E+02
-2.4200E+00;1.2548E+02
-2.4190E+00;1.2555E+02
-2.4180E+00;1.2564E+02
-2.4170E+00;1.2572E+02
-2.4160E+00;1.2580E+02
-2.4150E+00;1.2588E+02
-2.4140E+00;1.2596E+02
-2.4130E+00;1.2604E+02
-2.4120E+00;1.2612E+02
-2.4110E+00;1.2621E+02
-2.4100E+00;1.2629E+02
-2.4090E+00;1.2637E+02
-2.4080E+00;1.2645E+02
-2.4070E+00;1.2653E+02
-2.4060E+00;1.2661E+02
-2.4050E+00;1.2669E+02
-2.4040E+00;1.2677E+02
-2.4030E+00;1.2686E+02
-2.4020E+00;1.2694E+02
-2.4010E+00;1.2702E+02
-2.4000E+00;1.2710E+02
-2.3990E+00;1.2718E+02
-2.3980E+00;1.2726E+02
-2.3970E+00;1.2734E+02
-2.3960E+00;1.2742E+02
-2.3950E+00;1.2751E+02
-2.3940E+00;1.2759E+02
-2.3930E+00;1.2767E+02
-2.3920E+00;1.2775E+02
-2.3910E+00;1.2783E+02
-2.3900E+00;1.2791E+02
-2.3890E+00;1.2799E+02
-2.3880E+00;1.2808E+02
-2.3870E+00;1.2816E+02
-2.3860E+00;1.2824E+02
-2.3850E+00;1.2832E+02
-2.3840E+00;1.2840E+02
-2.3830E+00;1.2848E+02
-2.3820E+00;1.2856E+02
-2.3810E+00;1.2864E+02
-2.3800E+00;1.2873E+02
-2.3790E+00;1.2881E+02
-2.3780E+00;1.2889E+02
-2.3770E+00;1.2897E+02
-2.3760E+00;1.2905E+02
-2.3750E+00;1.2913E+02
-2.3740E+00;1.2921E+02
-2.3730E+00;1.2930E+02
-2.3720E+00;1.2938E+02
-2.3710E+00;1.2946E+02
-2.3700E+00;1.2954E+02
-2.3690E+00;1.2962E+02
-2.3680E+00;1.2970E+02
-2.3670E+00;1.2978E+02
-2.3660E+00;1.2987E+02
-2.3650E+00;1.2995E+02
-2.3640E+00;1.3003E+02
-2.3630E+00;1.3011E+02
-2.3620E+00;1.3019E+02
-2.3610E+00;1.3027E+02
-2.3600E+00;1.3035E+02
-2.3590E+00;1.3044E+02
-2.3580E+00;1.3052E+02
-2.3570E+00;1.3060E+02
-2.3560E+00;1.3068E+02
-2.3550E+00;1.3076E+02
-2.3540E+00;1.3084E+02
-2.3530E+00;1.3092E+02
-2.3520E+00;1.3101E+02
-2.3510E+00;1.3109E+02
-2.3500E+00;1.3117E+02
-2.3490E+00;1.3125E+02
-2.3480E+00;1.3133E+02
-2.3470E+00;1.3141E+02
-2.3460E+00;1.3149E+02
-2.3450E+00;1.3158E+02
-2.3440E+00;1.3166E+02
-2.3430E+00;1.3174E+02
-2.3420E+00;1.3182E+02
-2.3410E+00;1.3190E+02
-2.3400E+00;1.3198E+02
-2.3390E+00;1.3206E+02
-2.3380E+00;1.3215E+02
-2.3370E+00;1.3223E+02
-2.3360E+00;1.3231E+02
-2.3350E+00;1.3239E+02
-2.3340E+00;1.3247E+02
-2.3330E+00;1.3256E+02
-2.3320E+00;1.3265E+02
-2.3310E+00;1.3273E+02
-2.3300E+00;1.3282E+02
-2.3290E+00;1.3291E+02
-2.3280E+00;1.3300E+02
-2.3270E+00;1.3309E+02
-2.3260E+00;1.3317E+02
-2.3250E+00;1.3326E+02
-2.3240E+00;1.3335E+02
-2.3230E+00;1.3344E+02
-2.3220E+00;1.3352E+02
-2.3210E+00;1.3361E+02
-2.3200E+00;1.3370E+02
-2.3190E+00;1.3379E+02
-2.3180E+00;1.3388E+02
-2.3170E+00;1.3396E+02
-2.3160E+00;1.3405E+02
-2.3150E+00;1.3414E+02
-2.3140E+00;1.3423E+02
-2.3130E+00;1.3431E+02
-2.3120E+00;1.3440E+02
-2.3110E+00;1.3449E+02
-2.3100E+00;1.3458E+02
-2.3090E+00;1.3467E+02
-2.3080E+00;1.3475E+02
-2.3070E+00;1.3484E+02
-2.3060E+00;1.3493E+02
-2.3050E+00;1.3502E+02
-2.3040E+00;1.3510E+02
-2.3030E+00;1.3519E+02
-2.3020E+00;1.3528E+02
-2.3010E+00;1.3537E+02
-2.3000E+00;1.3546E+02
-2.2990E+00;1.3554E+02
-2.2980E+00;1.3563E+02
-2.2970E+00;1.3572E+02
-2.2960E+00;1.3581E+02
-2.2950E+00;1.3589E+02
-2.2940E+00;1.3598E+02
-2.2930E+00;1.3607E+02
-2.2920E+00;1.3616E+02
-2.2910E+00;1.3625E+02
-2.2900E+00;1.3633E+02
-2.2890E+00;1.3642E+02
-2.2880E+00;1.3651E+02
-2.2870E+00;1.3660E+02
-2.2860E+00;1.3669E+02
-2.2850E+00;1.3677E+02
-2.2840E+00;1.3686E+02
-2.2830E+00;1.3695E+02
-2.2820E+00;1.3704E+02
-2.2810E+00;1.3712E+02
-2.2800E+00;1.3721E+02
-2.2790E+00;1.3730E+02
-2.2780E+00;1.3739E+02
-2.2770E+00;1.3748E+02
-2.2760E+00;1.3756E+02
-2.2750E+00;1.3765E+02
-2.2740E+00;1.3774E+02
-2.2730E+00;1.3783E+02
-2.2720E+00;1.3792E+02
-2.2710E+00;1.3800E+02
-2.2700E+00;1.3809E+02
-2.2690E+00;1.3818E+02
-2.2680E+00;1.3827E+02
-2.2670E+00;1.3835E+02
-2.2660E+00;1.3844E+02
-2.2650E+00;1.3853E+02
-2.2640E+00;1.3862E+02
-2.2630E+00;1.3871E+02
-2.2620E+00;1.3879E+02
-2.2610E+00;1.3888E+02
-2.2600E+00;1.3897E+02
-2.2590E+00;1.3906E+02
-2.2580E+00;1.3915E+02
-2.2570E+00;1.3923E+02
-2.2560E+00;1.3932E+02
-2.2550E+00;1.3941E+02
-2.2540E+00;1.3950E+02
-2.2530E+00;1.3959E+02
-2.2520E+00;1.3967E+02
-2.2510E+00;1.3976E+02
-2.2500E+00;1.3985E+02
-2.2490E+00;1.3994E+02
-2.2480E+00;1.4003E+02
-2.2470E+00;1.4011E+02
-2.2460E+00;1.4020E+02
-2.2450E+00;1.4029E+02
-2.2440E+00;1.4039E+02
-2.2430E+00;1.4049E+02
-2.2420E+00;1.4059E+02
-2.2410E+00;1.4069E+02
-2.2400E+00;1.4079E+02
-2.2390E+00;1.4089E+02
-2.2380E+00;1.4099E+02
-2.2370E+00;1.4109E+02
-2.2360E+00;1.4118E+02
-2.2350E+00;1.4128E+02
-2.2340E+00;1.4138E+02
-2.2330E+00;1.4148E+02
-2.2320E+00;1.4158E+02
-2.2310E+00;1.4168E+02
-2.2300E+00;1.4178E+02
-2.2290E+00;1.4188E+02
-2.2280E+00;1.4198E+02
-2.2270E+00;1.4208E+02
-2.2260E+00;1.4218E+02
-2.2250E+00;1.4228E+02
-2.2240E+00;1.4238E+02
-2.2230E+00;1.4248E+02
-2.2220E+00;1.4258E+02
-2.2210E+00;1.4268E+02
-2.2200E+00;1.4277E+02
-2.2190E+00;1.4287E+02
-2.2180E+00;1.4297E+02
-2.2170E+00;1.4307E+02
-2.2160E+00;1.4317E+02
-2.2150E+00;1.4327E+02
-2.2140E+00;1.4337E+02
-2.2130E+00;1.4347E+02
-2.2120E+00;1.4357E+02
-2.2110E+00;1.4367E+02
-2.2100E+00;1.4377E+02
-2.2090E+00;1.4387E+02
-2.2080E+00;1.4397E+02
-2.2070E+00;1.4407E+02
-2.2060E+00;1.4417E+02
-2.2050E+00;1.4427E+02
-2.2040E+00;1.4436E+02
-2.2030E+00;1.4446E+02
-2.2020E+00;1.4456E+02
-2.2010E+00;1.4466E+02
-2.2000E+00;1.4476E+02
-2.1990E+00;1.4486E+02
-2.1980E+00;1.4496E+02
-2.1970E+00;1.4505E+02
-2.1960E+00;1.4515E+02
-2.1950E+00;1.4524E+02
-2.1940E+00;1.4534E+02
-2.1930E+00;1.4543E+02
-2.1920E+00;1.4553E+02
-2.1910E+00;1.4562E+02
-2.1900E+00;1.4572E+02
-2.1890E+00;1.4582E+02
-2.1880E+00;1.4591E+02
-2.1870E+00;1.4601E+02
-2.1860E+00;1.4610E+02
-2.1850E+00;1.4620E+02
-2.1840E+00;1.4629E+02
-2.1830E+00;1.4639E+02
-2.1820E+00;1.4649E+02
-2.1810E+00;1.4658E+02
-2.1800E+00;1.4668E+02
-2.1790E+00;1.4677E+02
-2.1780E+00;1.4687E+02
-2.1770E+00;1.4696E+02
-2.1760E+00;1.4706E+02
-2.1750E+00;1.4716E+02
-2.1740E+00;1.4725E+02
-2.1730E+00;1.4735E+02
-2.1720E+00;1.4744E+02
-2.1710E+00;1.4754E+02
-2.1700E+00;1.4763E+02
-2.1690E+00;1.4773E+02
-2.1680E+00;1.4782E+02
-2.1670E+00;1.4792E+02
-2.1660E+00;1.4802E+02
-2.1650E+00;1.4811E+02
-2.1640E+00;1.4821E+02
-2.1630E+00;1.4830E+02
-2.1620E+00;1.4840E+02
-2.1610E+00;1.4850E+02
-2.1600E+00;1.4859E+02
-2.1590E+00;1.4869E+02
-2.1580E+00;1.4878E+02
-2.1570E+00;1.4888E+02
-2.1560E+00;1.4897E+02
-2.1550E+00;1.4907E+02
-2.1540E+00;1.4917E+02
-2.1530E+00;1.4926E+02
-2.1520E+00;1.4936E+02
-2.1510E+00;1.4945E+02
-2.1500E+00;1.4955E+02
-2.1490E+00;1.4964E+02
-2.1480E+00;1.4974E+02
-2.1470E+00;1.4985E+02
-2.1460E+00;1.4996E+02
-2.1450E+00;1.5007E+02
-2.1440E+00;1.5018E+02
-2.1430E+00;1.5029E+02
-2.1420E+00;1.5040E+02
-2.1410E+00;1.5051E+02
-2.1400E+00;1.5063E+02
-2.1390E+00;1.5074E+02
-2.1380E+00;1.5085E+02
-2.1370E+00;1.5096E+02
-2.1360E+00;1.5107E+02
-2.1350E+00;1.5118E+02
-2.1340E+00;1.5129E+02
-2.1330E+00;1.5140E+02
-2.1320E+00;1.5151E+02
-2.1310E+00;1.5162E+02
-2.1300E+00;1.5173E+02
-2.1290E+00;1.5184E+02
-2.1280E+00;1.5196E+02
-2.1270E+00;1.5207E+02
-2.1260E+00;1.5218E+02
-2.1250E+00;1.5229E+02
-2.1240E+00;1.5240E+02
-2.1230E+00;1.5251E+02
-2.1220E+00;1.5262E+02
-2.1210E+00;1.5273E+02
-2.1200E+00;1.5284E+02
-2.1190E+00;1.5295E+02
-2.1180E+00;1.5306E+02
-2.1170E+00;1.5318E+02
-2.1160E+00;1.5329E+02
-2.1150E+00;1.5340E+02
-2.1140E+00;1.5351E+02
-2.1130E+00;1.5362E+02
-2.1120E+00;1.5373E+02
-2.1110E+00;1.5384E+02
-2.1100E+00;1.5395E+02
-2.1090E+00;1.5406E+02
-2.1080E+00;1.5417E+02
-2.1070E+00;1.5428E+02
-2.1060E+00;1.5440E+02
-2.1050E+00;1.5451E+02
-2.1040E+00;1.5462E+02
-2.1030E+00;1.5473E+02
-2.1020E+00;1.5484E+02
-2.1010E+00;1.5495E+02
-2.1000E+00;1.5506E+02
-2.0990E+00;1.5517E+02
-2.0980E+00;1.5528E+02
-2.0970E+00;1.5539E+02
-2.0960E+00;1.5551E+02
-2.0950E+00;1.5562E+02
-2.0940E+00;1.5573E+02
-2.0930E+00;1.5583E+02
-2.0920E+00;1.5594E+02
-2.0910E+00;1.5605E+02
-2.0900E+00;1.5615E+02
-2.0890E+00;1.5626E+02
-2.0880E+00;1.5636E+02
-2.0870E+00;1.5647E+02
-2.0860E+00;1.5657E+02
-2.0850E+00;1.5668E+02
-2.0840E+00;1.5679E+02
-2.0830E+00;1.5689E+02
-2.0820E+00;1.5700E+02
-2.0810E+00;1.5710E+02
-2.0800E+00;1.5721E+02
-2.0790E+00;1.5731E+02
-2.0780E+00;1.5742E+02
-2.0770E+00;1.5753E+02
-2.0760E+00;1.5763E+02
-2.0750E+00;1.5774E+02
-2.0740E+00;1.5784E+02
-2.0730E+00;1.5795E+02
-2.0720E+00;1.5806E+02
-2.0710E+00;1.5816E+02
-2.0700E+00;1.5827E+02
-2.0690E+00;1.5837E+02
-2.0680E+00;1.5848E+02
-2.0670E+00;1.5858E+02
-2.0660E+00;1.5869E+02
-2.0650E+00;1.5880E+02
-2.0640E+00;1.5890E+02
-2.0630E+00;1.5901E+02
-2.0620E+00;1.5911E+02
-2.0610E+00;1.5922E+02
-2.0600E+00;1.5933E+02
-2.0590E+00;1.5943E+02
-2.0580E+00;1.5954E+02
-2.0570E+00;1.5964E+02
-2.0560E+00;1.5975E+02
-2.0550E+00;1.5985E+02
-2.0540E+00;1.5996E+02
-2.0530E+00;1.6007E+02
-2.0520E+00;1.6017E+02
-2.0510E+00;1.6028E+02
-2.0500E+00;1.6038E+02
-2.0490E+00;1.6050E+02
-2.0480E+00;1.6061E+02
-2.0470E+00;1.6073E+02
-2.0460E+00;1.6085E+02
-2.0450E+00;1.6096E+02
-2.0440E+00;1.6108E+02
-2.0430E+00;1.6120E+02
-2.0420E+00;1.6132E+02
-2.0410E+00;1.6143E+02
-2.0400E+00;1.6155E+02
-2.0390E+00;1.6167E+02
-2.0380E+00;1.6179E+02
-2.0370E+00;1.6190E+02
-2.0360E+00;1.6202E+02
-2.0350E+00;1.6214E+02
-2.0340E+00;1.6225E+02
-2.0330E+00;1.6237E+02
-2.0320E+00;1.6249E+02
-2.0310E+00;1.6261E+02
-2.0300E+00;1.6272E+02
-2.0290E+00;1.6284E+02
-2.0280E+00;1.6296E+02
-2.0270E+00;1.6308E+02
-2.0260E+00;1.6319E+02
-2.0250E+00;1.6331E+02
-2.0240E+00;1.6343E+02
-2.0230E+00;1.6354E+02
-2.0220E+00;1.6366E+02
-2.0210E+00;1.6378E+02
-2.0200E+00;1.6390E+02
-2.0190E+00;1.6401E+02
-2.0180E+00;1.6413E+02
-2.0170E+00;1.6425E+02
-2.0160E+00;1.6437E+02
-2.0150E+00;1.6448E+02
-2.0140E+00;1.6460E+02
-2.0130E+00;1.6472E+02
-2.0120E+00;1.6484E+02
-2.0110E+00;1.6495E+02
-2.0100E+00;1.6507E+02
-2.0090E+00;1.6519E+02
-2.0080E+00;1.6531E+02
-2.0070E+00;1.6542E+02
-2.0060E+00;1.6554E+02
-2.0050E+00;1.6566E+02
-2.0040E+00;1.6578E+02
-2.0030E+00;1.6589E+02
-2.0020E+00;1.6601E+02
-2.0010E+00;1.6613E+02
-2.0000E+00;1.6624E+02
-1.9990E+00;1.6637E+02
-1.9980E+00;1.6649E+02
-1.9970E+00;1.6662E+02
-1.9960E+00;1.6674E+02
-1.9950E+00;1.6686E+02
-1.9940E+00;1.6699E+02
-1.9930E+00;1.6711E+02
-1.9920E+00;1.6724E+02
-1.9910E+00;1.6736E+02
-1.9900E+00;1.6748E+02
-1.9890E+00;1.6761E+02
-1.9880E+00;1.6773E+02
-1.9870E+00;1.6786E+02
-1.9860E+00;1.6798E+02
-1.9850E+00;1.6810E+02
-1.9840E+00;1.6823E+02
-1.9830E+00;1.6835E+02
-1.9820E+00;1.6848E+02
-1.9810E+00;1.6860E+02
-1.9800E+00;1.6872E+02
-1.9790E+00;1.6885E+02
-1.9780E+00;1.6897E+02
-1.9770E+00;1.6910E+02
-1.9760E+00;1.6922E+02
-1.9750E+00;1.6934E+02
-1.9740E+00;1.6947E+02
-1.9730E+00;1.6959E+02
-1.9720E+00;1.6972E+02
-1.9710E+00;1.6984E+02
-1.9700E+00;1.6997E+02
-1.9690E+00;1.7009E+02
-1.9680E+00;1.7021E+02
-1.9670E+00;1.7034E+02
-1.9660E+00;1.7046E+02
-1.9650E+00;1.7059E+02
-1.9640E+00;1.7071E+02
-1.9630E+00;1.7083E+02
-1.9620E+00;1.7096E+02
-1.9610E+00;1.7108E+02
-1.9600E+00;1.7121E+02
-1.9590E+00;1.7133E+02
-1.9580E+00;1.7146E+02
-1.9570E+00;1.7158E+02
-1.9560E+00;1.7170E+02
-1.9550E+00;1.7183E+02
-1.9540E+00;1.7195E+02
-1.9530E+00;1.7208E+02
-1.9520E+00;1.7220E+02
-1.9510E+00;1.7232E+02
-1.9500E+00;1.7245E+02
-1.9490E+00;1.7259E+02
-1.9480E+00;1.7273E+02
-1.9470E+00;1.7286E+02
-1.9460E+00;1.7300E+02
-1.9450E+00;1.7314E+02
-1.9440E+00;1.7328E+02
-1.9430E+00;1.7342E+02
-1.9420E+00;1.7356E+02
-1.9410E+00;1.7370E+02
-1.9400E+00;1.7384E+02
-1.9390E+00;1.7398E+02
-1.9380E+00;1.7412E+02
-1.9370E+00;1.7426E+02
-1.9360E+00;1.7439E+02
-1.9350E+00;1.7453E+02
-1.9340E+00;1.7467E+02
-1.9330E+00;1.7481E+02
-1.9320E+00;1.7495E+02
-1.9310E+00;1.7509E+02
-1.9300E+00;1.7523E+02
-1.9290E+00;1.7537E+02
-1.9280E+00;1.7551E+02
-1.9270E+00;1.7565E+02
-1.9260E+00;1.7579E+02
-1.9250E+00;1.7593E+02
-1.9240E+00;1.7606E+02
-1.9230E+00;1.7620E+02
-1.9220E+00;1.7634E+02
-1.9210E+00;1.7648E+02
-1.9200E+00;1.7662E+02
-1.9190E+00;1.7676E+02
-1.9180E+00;1.7690E+02
-1.9170E+00;1.7704E+02
-1.9160E+00;1.7718E+02
-1.9150E+00;1.7732E+02
-1.9140E+00;1.7746E+02
-1.9130E+00;1.7760E+02
-1.9120E+00;1.7773E+02
-1.9110E+00;1.7787E+02
-1.9100E+00;1.7801E+02
-1.9090E+00;1.7815E+02
-1.9080E+00;1.7829E+02
-1.9070E+00;1.7843E+02
-1.9060E+00;1.7857E+02
-1.9050E+00;1.7871E+02
-1.9040E+00;1.7885E+02
-1.9030E+00;1.7899E+02
-1.9020E+00;1.7913E+02
-1.9010E+00;1.7927E+02
-1.9000E+00;1.7940E+02
-1.8990E+00;1.7954E+02
-1.8980E+00;1.7967E+02
-1.8970E+00;1.7980E+02
-1.8960E+00;1.7993E+02
-1.8950E+00;1.8006E+02
-1.8940E+00;1.8019E+02
-1.8930E+00;1.8032E+02
-1.8920E+00;1.8045E+02
-1.8910E+00;1.8059E+02
-1.8900E+00;1.8072E+02
-1.8890E+00;1.8085E+02
-1.8880E+00;1.8098E+02
-1.8870E+00;1.8111E+02
-1.8860E+00;1.8124E+02
-1.8850E+00;1.8137E+02
-1.8840E+00;1.8151E+02
-1.8830E+00;1.8164E+02
-1.8820E+00;1.8177E+02
-1.8810E+00;1.8190E+02
-1.8800E+00;1.8203E+02
-1.8790E+00;1.8216E+02
-1.8780E+00;1.8229E+02
-1.8770E+00;1.8243E+02
-1.8760E+00;1.8256E+02
-1.8750E+00;1.8269E+02
-1.8740E+00;1.8282E+02
-1.8730E+00;1.8295E+02
-1.8720E+00;1.8308E+02
-1.8710E+00;1.8321E+02
-1.8700E+00;1.8335E+02
-1.8690E+00;1.8348E+02
-1.8680E+00;1.8361E+02
-1.8670E+00;1.8374E+02
-1.8660E+00;1.8387E+02
-1.8650E+00;1.8400E+02
-1.8640E+00;1.8413E+02
-1.8630E+00;1.8427E+02
-1.8620E+00;1.8440E+02
-1.8610E+00;1.8453E+02
-1.8600E+00;1.8466E+02
-1.8590E+00;1.8479E+02
-1.8580E+00;1.8492E+02
-1.8570E+00;1.8506E+02
-1.8560E+00;1.8519E+02
-1.8550E+00;1.8532E+02
-1.8540E+00;1.8545E+02
-1.8530E+00;1.8558E+02
-1.8520E+00;1.8571E+02
-1.8510E+00;1.8584E+02
-1.8500E+00;1.8598E+02
-1.8490E+00;1.8612E+02
-1.8480E+00;1.8627E+02
-1.8470E+00;1.8642E+02
-1.8460E+00;1.8656E+02
-1.8450E+00;1.8671E+02
-1.8440E+00;1.8686E+02
-1.8430E+00;1.8700E+02
-1.8420E+00;1.8715E+02
-1.8410E+00;1.8730E+02
-1.8400E+00;1.8744E+02
-1.8390E+00;1.8759E+02
-1.8380E+00;1.8774E+02
-1.8370E+00;1.8788E+02
-1.8360E+00;1.8803E+02
-1.8350E+00;1.8818E+02
-1.8340E+00;1.8832E+02
-1.8330E+00;1.8847E+02
-1.8320E+00;1.8862E+02
-1.8310E+00;1.8876E+02
-1.8300E+00;1.8891E+02
-1.8290E+00;1.8906E+02
-1.8280E+00;1.8920E+02
-1.8270E+00;1.8935E+02
-1.8260E+00;1.8950E+02
-1.8250E+00;1.8964E+02
-1.8240E+00;1.8979E+02
-1.8230E+00;1.8994E+02
-1.8220E+00;1.9008E+02
-1.8210E+00;1.9023E+02
-1.8200E+00;1.9038E+02
-1.8190E+00;1.9052E+02
-1.8180E+00;1.9067E+02
-1.8170E+00;1.9082E+02
-1.8160E+00;1.9096E+02
-1.8150E+00;1.9111E+02
-1.8140E+00;1.9126E+02
-1.8130E+00;1.9141E+02
-1.8120E+00;1.9155E+02
-1.8110E+00;1.9170E+02
-1.8100E+00;1.9185E+02
-1.8090E+00;1.9199E+02
-1.8080E+00;1.9214E+02
-1.8070E+00;1.9229E+02
-1.8060E+00;1.9243E+02
-1.8050E+00;1.9258E+02
-1.8040E+00;1.9273E+02
-1.8030E+00;1.9287E+02
-1.8020E+00;1.9302E+02
-1.8010E+00;1.9317E+02
-1.8000E+00;1.9332E+02
-1.7990E+00;1.9347E+02
-1.7980E+00;1.9363E+02
-1.7970E+00;1.9378E+02
-1.7960E+00;1.9394E+02
-1.7950E+00;1.9410E+02
-1.7940E+00;1.9425E+02
-1.7930E+00;1.9441E+02
-1.7920E+00;1.9457E+02
-1.7910E+00;1.9472E+02
-1.7900E+00;1.9488E+02
-1.7890E+00;1.9504E+02
-1.7880E+00;1.9520E+02
-1.7870E+00;1.9535E+02
-1.7860E+00;1.9551E+02
-1.7850E+00;1.9567E+02
-1.7840E+00;1.9582E+02
-1.7830E+00;1.9598E+02
-1.7820E+00;1.9614E+02
-1.7810E+00;1.9629E+02
-1.7800E+00;1.9645E+02
-1.7790E+00;1.9661E+02
-1.7780E+00;1.9676E+02
-1.7770E+00;1.9692E+02
-1.7760E+00;1.9708E+02
-1.7750E+00;1.9723E+02
-1.7740E+00;1.9739E+02
-1.7730E+00;1.9755E+02
-1.7720E+00;1.9771E+02
-1.7710E+00;1.9786E+02
-1.7700E+00;1.9802E+02
-1.7690E+00;1.9818E+02
-1.7680E+00;1.9833E+02
-1.7670E+00;1.9849E+02
-1.7660E+00;1.9865E+02
-1.7650E+00;1.9880E+02
-1.7640E+00;1.9896E+02
-1.7630E+00;1.9912E+02
-1.7620E+00;1.9928E+02
-1.7610E+00;1.9943E+02
-1.7600E+00;1.9959E+02
-1.7590E+00;1.9975E+02
-1.7580E+00;1.9990E+02
-1.7570E+00;2.0006E+02
-1.7560E+00;2.0022E+02
-1.7550E+00;2.0038E+02
-1.7540E+00;2.0053E+02
-1.7530E+00;2.0069E+02
-1.7520E+00;2.0085E+02
-1.7510E+00;2.0100E+02
-1.7500E+00;2.0116E+02
-1.7490E+00;2.0134E+02
-1.7480E+00;2.0151E+02
-1.7470E+00;2.0169E+02
-1.7460E+00;2.0187E+02
-1.7450E+00;2.0204E+02
-1.7440E+00;2.0222E+02
-1.7430E+00;2.0240E+02
-1.7420E+00;2.0257E+02
-1.7410E+00;2.0275E+02
-1.7400E+00;2.0293E+02
-1.7390E+00;2.0310E+02
-1.7380E+00;2.0328E+02
-1.7370E+00;2.0346E+02
-1.7360E+00;2.0364E+02
-1.7350E+00;2.0381E+02
-1.7340E+00;2.0399E+02
-1.7330E+00;2.0417E+02
-1.7320E+00;2.0434E+02
-1.7310E+00;2.0452E+02
-1.7300E+00;2.0470E+02
-1.7290E+00;2.0487E+02
-1.7280E+00;2.0505E+02
-1.7270E+00;2.0523E+02
-1.7260E+00;2.0540E+02
-1.7250E+00;2.0558E+02
-1.7240E+00;2.0576E+02
-1.7230E+00;2.0594E+02
-1.7220E+00;2.0611E+02
-1.7210E+00;2.0629E+02
-1.7200E+00;2.0647E+02
-1.7190E+00;2.0664E+02
-1.7180E+00;2.0682E+02
-1.7170E+00;2.0700E+02
-1.7160E+00;2.0717E+02
-1.7150E+00;2.0735E+02
-1.7140E+00;2.0753E+02
-1.7130E+00;2.0771E+02
-1.7120E+00;2.0788E+02
-1.7110E+00;2.0806E+02
-1.7100E+00;2.0824E+02
-1.7090E+00;2.0841E+02
-1.7080E+00;2.0859E+02
-1.7070E+00;2.0877E+02
-1.7060E+00;2.0895E+02
-1.7050E+00;2.0912E+02
-1.7040E+00;2.0930E+02
-1.7030E+00;2.0948E+02
-1.7020E+00;2.0965E+02
-1.7010E+00;2.0983E+02
-1.7000E+00;2.1000E+02
-1.6990E+00;2.1017E+02
-1.6980E+00;2.1034E+02
-1.6970E+00;2.1050E+02
-1.6960E+00;2.1067E+02
-1.6950E+00;2.1083E+02
-1.6940E+00;2.1100E+02
-1.6930E+00;2.1116E+02
-1.6920E+00;2.1133E+02
-1.6910E+00;2.1149E+02
-1.6900E+00;2.1166E+02
-1.6890E+00;2.1182E+02
-1.6880E+00;2.1199E+02
-1.6870E+00;2.1215E+02
-1.6860E+00;2.1232E+02
-1.6850E+00;2.1248E+02
-1.6840E+00;2.1265E+02
-1.6830E+00;2.1282E+02
-1.6820E+00;2.1298E+02
-1.6810E+00;2.1315E+02
-1.6800E+00;2.1331E+02
-1.6790E+00;2.1348E+02
-1.6780E+00;2.1364E+02
-1.6770E+00;2.1381E+02
-1.6760E+00;2.1397E+02
-1.6750E+00;2.1414E+02
-1.6740E+00;2.1430E+02
-1.6730E+00;2.1447E+02
-1.6720E+00;2.1464E+02
-1.6710E+00;2.1480E+02
-1.6700E+00;2.1497E+02
-1.6690E+00;2.1513E+02
-1.6680E+00;2.1530E+02
-1.6670E+00;2.1546E+02
-1.6660E+00;2.1563E+02
-1.6650E+00;2.1579E+02
-1.6640E+00;2.1596E+02
-1.6630E+00;2.1613E+02
-1.6620E+00;2.1629E+02
-1.6610E+00;2.1646E+02
-1.6600E+00;2.1662E+02
-1.6590E+00;2.1679E+02
-1.6580E+00;2.1695E+02
-1.6570E+00;2.1712E+02
-1.6560E+00;2.1729E+02
-1.6550E+00;2.1745E+02
-1.6540E+00;2.1762E+02
-1.6530E+00;2.1778E+02
-1.6520E+00;2.1795E+02
-1.6510E+00;2.1811E+02
-1.6500E+00;2.1828E+02
-1.6490E+00;2.1847E+02
-1.6480E+00;2.1865E+02
-1.6470E+00;2.1884E+02
-1.6460E+00;2.1903E+02
-1.6450E+00;2.1921E+02
-1.6440E+00;2.1940E+02
-1.6430E+00;2.1958E+02
-1.6420E+00;2.1977E+02
-1.6410E+00;2.1996E+02
-1.6400E+00;2.2014E+02
-1.6390E+00;2.2033E+02
-1.6380E+00;2.2051E+02
-1.6370E+00;2.2070E+02
-1.6360E+00;2.2089E+02
-1.6350E+00;2.2107E+02
-1.6340E+00;2.2126E+02
-1.6330E+00;2.2145E+02
-1.6320E+00;2.2163E+02
-1.6310E+00;2.2182E+02
-1.6300E+00;2.2201E+02
-1.6290E+00;2.2219E+02
-1.6280E+00;2.2238E+02
-1.6270E+00;2.2256E+02
-1.6260E+00;2.2275E+02
-1.6250E+00;2.2294E+02
-1.6240E+00;2.2312E+02
-1.6230E+00;2.2331E+02
-1.6220E+00;2.2350E+02
-1.6210E+00;2.2368E+02
-1.6200E+00;2.2387E+02
-1.6190E+00;2.2406E+02
-1.6180E+00;2.2424E+02
-1.6170E+00;2.2443E+02
-1.6160E+00;2.2462E+02
-1.6150E+00;2.2480E+02
-1.6140E+00;2.2499E+02
-1.6130E+00;2.2518E+02
-1.6120E+00;2.2536E+02
-1.6110E+00;2.2555E+02
-1.6100E+00;2.2574E+02
-1.6090E+00;2.2592E+02
-1.6080E+00;2.2611E+02
-1.6070E+00;2.2630E+02
-1.6060E+00;2.2648E+02
-1.6050E+00;2.2667E+02
-1.6040E+00;2.2686E+02
-1.6030E+00;2.2704E+02
-1.6020E+00;2.2723E+02
-1.6010E+00;2.2742E+02
-1.6000E+00;2.2761E+02
-1.5990E+00;2.2780E+02
-1.5980E+00;2.2800E+02
-1.5970E+00;2.2820E+02
-1.5960E+00;2.2840E+02
-1.5950E+00;2.2861E+02
-1.5940E+00;2.2881E+02
-1.5930E+00;2.2901E+02
-1.5920E+00;2.2921E+02
-1.5910E+00;2.2941E+02
-1.5900E+00;2.2961E+02
-1.5890E+00;2.2981E+02
-1.5880E+00;2.3002E+02
-1.5870E+00;2.3022E+02
-1.5860E+00;2.3042E+02
-1.5850E+00;2.3062E+02
-1.5840E+00;2.3082E+02
-1.5830E+00;2.3102E+02
-1.5820E+00;2.3122E+02
-1.5810E+00;2.3143E+02
-1.5800E+00;2.3163E+02
-1.5790E+00;2.3183E+02
-1.5780E+00;2.3203E+02
-1.5770E+00;2.3223E+02
-1.5760E+00;2.3243E+02
-1.5750E+00;2.3264E+02
-1.5740E+00;2.3284E+02
-1.5730E+00;2.3304E+02
-1.5720E+00;2.3324E+02
-1.5710E+00;2.3344E+02
-1.5700E+00;2.3364E+02
-1.5690E+00;2.3385E+02
-1.5680E+00;2.3405E+02
-1.5670E+00;2.3425E+02
-1.5660E+00;2.3445E+02
-1.5650E+00;2.3465E+02
-1.5640E+00;2.3485E+02
-1.5630E+00;2.3506E+02
-1.5620E+00;2.3526E+02
-1.5610E+00;2.3546E+02
-1.5600E+00;2.3566E+02
-1.5590E+00;2.3586E+02
-1.5580E+00;2.3606E+02
-1.5570E+00;2.3627E+02
-1.5560E+00;2.3647E+02
-1.5550E+00;2.3667E+02
-1.5540E+00;2.3687E+02
-1.5530E+00;2.3707E+02
-1.5520E+00;2.3727E+02
-1.5510E+00;2.3748E+02
-1.5500E+00;2.3768E+02
-1.5490E+00;2.3791E+02
-1.5480E+00;2.3814E+02
-1.5470E+00;2.3837E+02
-1.5460E+00;2.3860E+02
-1.5450E+00;2.3883E+02
-1.5440E+00;2.3905E+02
-1.5430E+00;2.3928E+02
-1.5420E+00;2.3951E+02
-1.5410E+00;2.3974E+02
-1.5400E+00;2.3997E+02
-1.5390E+00;2.4020E+02
-1.5380E+00;2.4043E+02
-1.5370E+00;2.4066E+02
-1.5360E+00;2.4088E+02
-1.5350E+00;2.4111E+02
-1.5340E+00;2.4134E+02
-1.5330E+00;2.4157E+02
-1.5320E+00;2.4180E+02
-1.5310E+00;2.4203E+02
-1.5300E+00;2.4226E+02
-1.5290E+00;2.4249E+02
-1.5280E+00;2.4272E+02
-1.5270E+00;2.4294E+02
-1.5260E+00;2.4317E+02
-1.5250E+00;2.4340E+02
-1.5240E+00;2.4363E+02
-1.5230E+00;2.4386E+02
-1.5220E+00;2.4409E+02
-1.5210E+00;2.4432E+02
-1.5200E+00;2.4455E+02
-1.5190E+00;2.4478E+02
-1.5180E+00;2.4501E+02
-1.5170E+00;2.4523E+02
-1.5160E+00;2.4546E+02
-1.5150E+00;2.4569E+02
-1.5140E+00;2.4592E+02
-1.5130E+00;2.4615E+02
-1.5120E+00;2.4638E+02
-1.5110E+00;2.4661E+02
-1.5100E+00;2.4684E+02
-1.5090E+00;2.4707E+02
-1.5080E+00;2.4730E+02
-1.5070E+00;2.4753E+02
-1.5060E+00;2.4776E+02
-1.5050E+00;2.4798E+02
-1.5040E+00;2.4819E+02
-1.5030E+00;2.4840E+02
-1.5020E+00;2.4861E+02
-1.5010E+00;2.4882E+02
-1.5000E+00;2.4903E+02
-1.4990E+00;2.4924E+02
-1.4980E+00;2.4946E+02
-1.4970E+00;2.4967E+02
-1.4960E+00;2.4988E+02
-1.4950E+00;2.5009E+02
-1.4940E+00;2.5030E+02
-1.4930E+00;2.5051E+02
-1.4920E+00;2.5072E+02
-1.4910E+00;2.5093E+02
-1.4900E+00;2.5114E+02
-1.4890E+00;2.5135E+02
-1.4880E+00;2.5157E+02
-1.4870E+00;2.5178E+02
-1.4860E+00;2.5199E+02
-1.4850E+00;2.5220E+02
-1.4840E+00;2.5241E+02
-1.4830E+00;2.5262E+02
-1.4820E+00;2.5283E+02
-1.4810E+00;2.5304E+02
-1.4800E+00;2.5325E+02
-1.4790E+00;2.5347E+02
-1.4780E+00;2.5368E+02
-1.4770E+00;2.5389E+02
-1.4760E+00;2.5410E+02
-1.4750E+00;2.5431E+02
-1.4740E+00;2.5452E+02
-1.4730E+00;2.5473E+02
-1.4720E+00;2.5495E+02
-1.4710E+00;2.5516E+02
-1.4700E+00;2.5537E+02
-1.4690E+00;2.5558E+02
-1.4680E+00;2.5579E+02
-1.4670E+00;2.5600E+02
-1.4660E+00;2.5621E+02
-1.4650E+00;2.5643E+02
-1.4640E+00;2.5664E+02
-1.4630E+00;2.5685E+02
-1.4620E+00;2.5706E+02
-1.4610E+00;2.5727E+02
-1.4600E+00;2.5748E+02
-1.4590E+00;2.5770E+02
-1.4580E+00;2.5791E+02
-1.4570E+00;2.5812E+02
-1.4560E+00;2.5833E+02
-1.4550E+00;2.5854E+02
-1.4540E+00;2.5875E+02
-1.4530E+00;2.5897E+02
-1.4520E+00;2.5918E+02
-1.4510E+00;2.5939E+02
-1.4500E+00;2.5960E+02
-1.4490E+00;2.5986E+02
-1.4480E+00;2.6012E+02
-1.4470E+00;2.6038E+02
-1.4460E+00;2.6064E+02
-1.4450E+00;2.6090E+02
-1.4440E+00;2.6116E+02
-1.4430E+00;2.6142E+02
-1.4420E+00;2.6169E+02
-1.4410E+00;2.6195E+02
-1.4400E+00;2.6221E+02
-1.4390E+00;2.6247E+02
-1.4380E+00;2.6273E+02
-1.4370E+00;2.6299E+02
-1.4360E+00;2.6325E+02
-1.4350E+00;2.6351E+02
-1.4340E+00;2.6377E+02
-1.4330E+00;2.6403E+02
-1.4320E+00;2.6430E+02
-1.4310E+00;2.6456E+02
-1.4300E+00;2.6482E+02
-1.4290E+00;2.6508E+02
-1.4280E+00;2.6534E+02
-1.4270E+00;2.6560E+02
-1.4260E+00;2.6586E+02
-1.4250E+00;2.6612E+02
-1.4240E+00;2.6639E+02
-1.4230E+00;2.6665E+02
-1.4220E+00;2.6691E+02
-1.4210E+00;2.6717E+02
-1.4200E+00;2.6743E+02
-1.4190E+00;2.6769E+02
-1.4180E+00;2.6795E+02
-1.4170E+00;2.6821E+02
-1.4160E+00;2.6848E+02
-1.4150E+00;2.6874E+02
-1.4140E+00;2.6900E+02
-1.4130E+00;2.6926E+02
-1.4120E+00;2.6952E+02
-1.4110E+00;2.6978E+02
-1.4100E+00;2.7005E+02
-1.4090E+00;2.7031E+02
-1.4080E+00;2.7057E+02
-1.4070E+00;2.7083E+02
-1.4060E+00;2.7109E+02
-1.4050E+00;2.7135E+02
-1.4040E+00;2.7161E+02
-1.4030E+00;2.7188E+02
-1.4020E+00;2.7214E+02
-1.4010E+00;2.7240E+02
-1.4000E+00;2.7266E+02
-1.3990E+00;2.7292E+02
-1.3980E+00;2.7319E+02
-1.3970E+00;2.7345E+02
-1.3960E+00;2.7371E+02
-1.3950E+00;2.7396E+02
-1.3940E+00;2.7420E+02
-1.3930E+00;2.7444E+02
-1.3920E+00;2.7468E+02
-1.3910E+00;2.7492E+02
-1.3900E+00;2.7516E+02
-1.3890E+00;2.7540E+02
-1.3880E+00;2.7564E+02
-1.3870E+00;2.7588E+02
-1.3860E+00;2.7612E+02
-1.3850E+00;2.7636E+02
-1.3840E+00;2.7660E+02
-1.3830E+00;2.7684E+02
-1.3820E+00;2.7708E+02
-1.3810E+00;2.7732E+02
-1.3800E+00;2.7756E+02
-1.3790E+00;2.7780E+02
-1.3780E+00;2.7804E+02
-1.3770E+00;2.7828E+02
-1.3760E+00;2.7852E+02
-1.3750E+00;2.7876E+02
-1.3740E+00;2.7900E+02
-1.3730E+00;2.7924E+02
-1.3720E+00;2.7948E+02
-1.3710E+00;2.7972E+02
-1.3700E+00;2.7996E+02
-1.3690E+00;2.8020E+02
-1.3680E+00;2.8044E+02
-1.3670E+00;2.8068E+02
-1.3660E+00;2.8092E+02
-1.3650E+00;2.8116E+02
-1.3640E+00;2.8140E+02
-1.3630E+00;2.8164E+02
-1.3620E+00;2.8188E+02
-1.3610E+00;2.8212E+02
-1.3600E+00;2.8236E+02
-1.3590E+00;2.8260E+02
-1.3580E+00;2.8284E+02
-1.3570E+00;2.8308E+02
-1.3560E+00;2.8332E+02
-1.3550E+00;2.8356E+02
-1.3540E+00;2.8380E+02
-1.3530E+00;2.8404E+02
-1.3520E+00;2.8428E+02
-1.3510E+00;2.8452E+02
-1.3500E+00;2.8476E+02
-1.3490E+00;2.8503E+02
-1.3480E+00;2.8530E+02
-1.3470E+00;2.8557E+02
-1.3460E+00;2.8584E+02
-1.3450E+00;2.8611E+02
-1.3440E+00;2.8638E+02
-1.3430E+00;2.8665E+02
-1.3420E+00;2.8692E+02
-1.3410E+00;2.8719E+02
-1.3400E+00;2.8746E+02
-1.3390E+00;2.8773E+02
-1.3380E+00;2.8800E+02
-1.3370E+00;2.8828E+02
-1.3360E+00;2.8855E+02
-1.3350E+00;2.8882E+02
-1.3340E+00;2.8909E+02
-1.3330E+00;2.8936E+02
-1.3320E+00;2.8963E+02
-1.3310E+00;2.8990E+02
-1.3300E+00;2.9017E+02
-1.3290E+00;2.9044E+02
-1.3280E+00;2.9071E+02
-1.3270E+00;2.9098E+02
-1.3260E+00;2.9126E+02
-1.3250E+00;2.9153E+02
-1.3240E+00;2.9180E+02
-1.3230E+00;2.9207E+02
-1.3220E+00;2.9234E+02
-1.3210E+00;2.9261E+02
-1.3200E+00;2.9288E+02
-1.3190E+00;2.9315E+02
-1.3180E+00;2.9343E+02
-1.3170E+00;2.9370E+02
-1.3160E+00;2.9397E+02
-1.3150E+00;2.9424E+02
-1.3140E+00;2.9451E+02
-1.3130E+00;2.9478E+02
-1.3120E+00;2.9506E+02
-1.3110E+00;2.9533E+02
-1.3100E+00;2.9560E+02
-1.3090E+00;2.9587E+02
-1.3080E+00;2.9614E+02
-1.3070E+00;2.9641E+02
-1.3060E+00;2.9669E+02
-1.3050E+00;2.9696E+02
-1.3040E+00;2.9723E+02
-1.3030E+00;2.9750E+02
-1.3020E+00;2.9777E+02
-1.3010E+00;2.9805E+02
-1.3000E+00;2.9833E+02
-1.2990E+00;2.9863E+02
-1.2980E+00;2.9893E+02
-1.2970E+00;2.9923E+02
-1.2960E+00;2.9954E+02
-1.2950E+00;2.9984E+02
-1.2940E+00;3.0014E+02
-1.2930E+00;3.0044E+02
-1.2920E+00;3.0074E+02
-1.2910E+00;3.0104E+02
-1.2900E+00;3.0134E+02
-1.2890E+00;3.0164E+02
-1.2880E+00;3.0194E+02
-1.2870E+00;3.0224E+02
-1.2860E+00;3.0254E+02
-1.2850E+00;3.0284E+02
-1.2840E+00;3.0314E+02
-1.2830E+00;3.0345E+02
-1.2820E+00;3.0375E+02
-1.2810E+00;3.0405E+02
-1.2800E+00;3.0435E+02
-1.2790E+00;3.0465E+02
-1.2780E+00;3.0495E+02
-1.2770E+00;3.0525E+02
-1.2760E+00;3.0555E+02
-1.2750E+00;3.0585E+02
-1.2740E+00;3.0615E+02
-1.2730E+00;3.0646E+02
-1.2720E+00;3.0676E+02
-1.2710E+00;3.0706E+02
-1.2700E+00;3.0736E+02
-1.2690E+00;3.0766E+02
-1.2680E+00;3.0796E+02
-1.2670E+00;3.0826E+02
-1.2660E+00;3.0856E+02
-1.2650E+00;3.0887E+02
-1.2640E+00;3.0917E+02
-1.2630E+00;3.0947E+02
-1.2620E+00;3.0977E+02
-1.2610E+00;3.1007E+02
-1.2600E+00;3.1037E+02
-1.2590E+00;3.1067E+02
-1.2580E+00;3.1098E+02
-1.2570E+00;3.1128E+02
-1.2560E+00;3.1158E+02
-1.2550E+00;3.1188E+02
-1.2540E+00;3.1218E+02
-1.2530E+00;3.1248E+02
-1.2520E+00;3.1279E+02
-1.2510E+00;3.1310E+02
-1.2500E+00;3.1344E+02
-1.2490E+00;3.1379E+02
-1.2480E+00;3.1413E+02
-1.2470E+00;3.1447E+02
-1.2460E+00;3.1482E+02
-1.2450E+00;3.1516E+02
-1.2440E+00;3.1551E+02
-1.2430E+00;3.1585E+02
-1.2420E+00;3.1620E+02
-1.2410E+00;3.1654E+02
-1.2400E+00;3.1689E+02
-1.2390E+00;3.1723E+02
-1.2380E+00;3.1758E+02
-1.2370E+00;3.1792E+02
-1.2360E+00;3.1827E+02
-1.2350E+00;3.1861E+02
-1.2340E+00;3.1896E+02
-1.2330E+00;3.1930E+02
-1.2320E+00;3.1965E+02
-1.2310E+00;3.1999E+02
-1.2300E+00;3.2034E+02
-1.2290E+00;3.2068E+02
-1.2280E+00;3.2103E+02
-1.2270E+00;3.2137E+02
-1.2260E+00;3.2172E+02
-1.2250E+00;3.2207E+02
-1.2240E+00;3.2241E+02
-1.2230E+00;3.2276E+02
-1.2220E+00;3.2310E+02
-1.2210E+00;3.2345E+02
-1.2200E+00;3.2379E+02
-1.2190E+00;3.2414E+02
-1.2180E+00;3.2448E+02
-1.2170E+00;3.2483E+02
-1.2160E+00;3.2518E+02
-1.2150E+00;3.2552E+02
-1.2140E+00;3.2587E+02
-1.2130E+00;3.2621E+02
-1.2120E+00;3.2656E+02
-1.2110E+00;3.2690E+02
-1.2100E+00;3.2725E+02
-1.2090E+00;3.2760E+02
-1.2080E+00;3.2794E+02
-1.2070E+00;3.2827E+02
-1.2060E+00;3.2858E+02
-1.2050E+00;3.2889E+02
-1.2040E+00;3.2920E+02
-1.2030E+00;3.2951E+02
-1.2020E+00;3.2982E+02
-1.2010E+00;3.3013E+02
-1.2000E+00;3.3044E+02
-1.1990E+00;3.3075E+02
-1.1980E+00;3.3106E+02
-1.1970E+00;3.3137E+02
-1.1960E+00;3.3168E+02
-1.1950E+00;3.3199E+02
-1.1940E+00;3.3230E+02
-1.1930E+00;3.3261E+02
-1.1920E+00;3.3292E+02
-1.1910E+00;3.3323E+02
-1.1900E+00;3.3354E+02
-1.1890E+00;3.3385E+02
-1.1880E+00;3.3416E+02
-1.1870E+00;3.3447E+02
-1.1860E+00;3.3478E+02
-1.1850E+00;3.3509E+02
-1.1840E+00;3.3540E+02
-1.1830E+00;3.3571E+02
-1.1820E+00;3.3603E+02
-1.1810E+00;3.3634E+02
-1.1800E+00;3.3665E+02
-1.1790E+00;3.3696E+02
-1.1780E+00;3.3727E+02
-1.1770E+00;3.3758E+02
-1.1760E+00;3.3789E+02
-1.1750E+00;3.3820E+02
-1.1740E+00;3.3851E+02
-1.1730E+00;3.3882E+02
-1.1720E+00;3.3914E+02
-1.1710E+00;3.3945E+02
-1.1700E+00;3.3976E+02
-1.1690E+00;3.4007E+02
-1.1680E+00;3.4038E+02
-1.1670E+00;3.4069E+02
-1.1660E+00;3.4100E+02
-1.1650E+00;3.4132E+02
-1.1640E+00;3.4163E+02
-1.1630E+00;3.4194E+02
-1.1620E+00;3.4225E+02
-1.1610E+00;3.4256E+02
-1.1600E+00;3.4287E+02
-1.1590E+00;3.4319E+02
-1.1580E+00;3.4350E+02
-1.1570E+00;3.4381E+02
-1.1560E+00;3.4412E+02
-1.1550E+00;3.4444E+02
-1.1540E+00;3.4481E+02
-1.1530E+00;3.4519E+02
-1.1520E+00;3.4556E+02
-1.1510E+00;3.4594E+02
-1.1500E+00;3.4632E+02
-1.1490E+00;3.4669E+02
-1.1480E+00;3.4707E+02
-1.1470E+00;3.4745E+02
-1.1460E+00;3.4782E+02
-1.1450E+00;3.4820E+02
-1.1440E+00;3.4858E+02
-1.1430E+00;3.4895E+02
-1.1420E+00;3.4933E+02
-1.1410E+00;3.4971E+02
-1.1400E+00;3.5008E+02
-1.1390E+00;3.5046E+02
-1.1380E+00;3.5084E+02
-1.1370E+00;3.5121E+02
-1.1360E+00;3.5159E+02
-1.1350E+00;3.5197E+02
-1.1340E+00;3.5235E+02
-1.1330E+00;3.5272E+02
-1.1320E+00;3.5310E+02
-1.1310E+00;3.5348E+02
-1.1300E+00;3.5386E+02
-1.1290E+00;3.5423E+02
-1.1280E+00;3.5461E+02
-1.1270E+00;3.5499E+02
-1.1260E+00;3.5537E+02
-1.1250E+00;3.5575E+02
-1.1240E+00;3.5612E+02
-1.1230E+00;3.5650E+02
-1.1220E+00;3.5688E+02
-1.1210E+00;3.5726E+02
-1.1200E+00;3.5764E+02
-1.1190E+00;3.5801E+02
-1.1180E+00;3.5839E+02
-1.1170E+00;3.5877E+02
-1.1160E+00;3.5915E+02
-1.1150E+00;3.5953E+02
-1.1140E+00;3.5991E+02
-1.1130E+00;3.6028E+02
-1.1120E+00;3.6066E+02
-1.1110E+00;3.6104E+02
-1.1100E+00;3.6142E+02
-1.1090E+00;3.6180E+02
-1.1080E+00;3.6218E+02
-1.1070E+00;3.6256E+02
-1.1060E+00;3.6294E+02
-1.1050E+00;3.6332E+02
-1.1040E+00;3.6369E+02
-1.1030E+00;3.6407E+02
-1.1020E+00;3.6445E+02
-1.1010E+00;3.6483E+02
-1.1000E+00;3.6521E+02
-1.0990E+00;3.6559E+02
-1.0980E+00;3.6597E+02
-1.0970E+00;3.6635E+02
-1.0960E+00;3.6673E+02
-1.0950E+00;3.6711E+02
-1.0940E+00;3.6749E+02
-1.0930E+00;3.6787E+02
-1.0920E+00;3.6825E+02
-1.0910E+00;3.6863E+02
-1.0900E+00;3.6901E+02
-1.0890E+00;3.6939E+02
-1.0880E+00;3.6977E+02
-1.0870E+00;3.7015E+02
-1.0860E+00;3.7053E+02
-1.0850E+00;3.7091E+02
-1.0840E+00;3.7129E+02
-1.0830E+00;3.7167E+02
-1.0820E+00;3.7205E+02
-1.0810E+00;3.7243E+02
-1.0800E+00;3.7281E+02
-1.0790E+00;3.7319E+02
-1.0780E+00;3.7357E+02
-1.0770E+00;3.7395E+02
-1.0760E+00;3.7433E+02
-1.0750E+00;3.7471E+02
-1.0740E+00;3.7508E+02
-1.0730E+00;3.7542E+02
-1.0720E+00;3.7577E+02
-1.0710E+00;3.7612E+02
-1.0700E+00;3.7647E+02
-1.0690E+00;3.7682E+02
-1.0680E+00;3.7717E+02
-1.0670E+00;3.7753E+02
-1.0660E+00;3.7792E+02
-1.0650E+00;3.7830E+02
-1.0640E+00;3.7868E+02
-1.0630E+00;3.7907E+02
-1.0620E+00;3.7945E+02
-1.0610E+00;3.7983E+02
-1.0600E+00;3.8022E+02
-1.0590E+00;3.8063E+02
-1.0580E+00;3.8105E+02
-1.0570E+00;3.8147E+02
-1.0560E+00;3.8189E+02
-1.0550E+00;3.8231E+02
-1.0540E+00;3.8273E+02
-1.0530E+00;3.8315E+02
-1.0520E+00;3.8357E+02
-1.0510E+00;3.8399E+02
-1.0500E+00;3.8441E+02
-1.0490E+00;3.8482E+02
-1.0480E+00;3.8524E+02
-1.0470E+00;3.8566E+02
-1.0460E+00;3.8608E+02
-1.0450E+00;3.8650E+02
-1.0440E+00;3.8692E+02
-1.0430E+00;3.8734E+02
-1.0420E+00;3.8776E+02
-1.0410E+00;3.8818E+02
-1.0400E+00;3.8860E+02
-1.0390E+00;3.8902E+02
-1.0380E+00;3.8944E+02
-1.0370E+00;3.8986E+02
-1.0360E+00;3.9028E+02
-1.0350E+00;3.9070E+02
-1.0340E+00;3.9112E+02
-1.0330E+00;3.9154E+02
-1.0320E+00;3.9197E+02
-1.0310E+00;3.9239E+02
-1.0300E+00;3.9281E+02
-1.0290E+00;3.9323E+02
-1.0280E+00;3.9365E+02
-1.0270E+00;3.9407E+02
-1.0260E+00;3.9449E+02
-1.0250E+00;3.9491E+02
-1.0240E+00;3.9533E+02
-1.0230E+00;3.9575E+02
-1.0220E+00;3.9617E+02
-1.0210E+00;3.9660E+02
-1.0200E+00;3.9702E+02
-1.0190E+00;3.9744E+02
-1.0180E+00;3.9786E+02
-1.0170E+00;3.9828E+02
-1.0160E+00;3.9870E+02
-1.0150E+00;3.9913E+02
-1.0140E+00;3.9955E+02
-1.0130E+00;3.9997E+02
-1.0120E+00;4.0039E+02
-1.0110E+00;4.0081E+02
-1.0100E+00;4.0123E+02
-1.0090E+00;4.0166E+02
-1.0080E+00;4.0208E+02
-1.0070E+00;4.0250E+02
-1.0060E+00;4.0292E+02
-1.0050E+00;4.0335E+02
-1.0040E+00;4.0377E+02
-1.0030E+00;4.0419E+02
-1.0020E+00;4.0461E+02
-1.0010E+00;4.0504E+02
-1.0000E+00;4.0546E+02
-9.9900E-01;4.0588E+02
-9.9800E-01;4.0630E+02
-9.9700E-01;4.0673E+02
-9.9600E-01;4.0715E+02
-9.9500E-01;4.0757E+02
-9.9400E-01;4.0800E+02
-9.9300E-01;4.0842E+02
-9.9200E-01;4.0884E+02
-9.9100E-01;4.0926E+02
-9.9000E-01;4.0969E+02
-9.8900E-01;4.1011E+02
-9.8800E-01;4.1053E+02
-9.8700E-01;4.1096E+02
-9.8600E-01;4.1138E+02
-9.8500E-01;4.1181E+02
-9.8400E-01;4.1223E+02
-9.8300E-01;4.1267E+02
-9.8200E-01;4.1315E+02
-9.8100E-01;4.1362E+02
-9.8000E-01;4.1410E+02
-9.7900E-01;4.1458E+02
-9.7800E-01;4.1506E+02
-9.7700E-01;4.1554E+02
-9.7600E-01;4.1602E+02
-9.7500E-01;4.1650E+02
-9.7400E-01;4.1698E+02
-9.7300E-01;4.1746E+02
-9.7200E-01;4.1794E+02
-9.7100E-01;4.1842E+02
-9.7000E-01;4.1890E+02
-9.6900E-01;4.1938E+02
-9.6800E-01;4.1987E+02
-9.6700E-01;4.2035E+02
-9.6600E-01;4.2083E+02
-9.6500E-01;4.2131E+02
-9.6400E-01;4.2179E+02
-9.6300E-01;4.2227E+02
-9.6200E-01;4.2275E+02
-9.6100E-01;4.2323E+02
-9.6000E-01;4.2372E+02
-9.5900E-01;4.2420E+02
-9.5800E-01;4.2468E+02
-9.5700E-01;4.2516E+02
-9.5600E-01;4.2564E+02
-9.5500E-01;4.2613E+02
-9.5400E-01;4.2661E+02
-9.5300E-01;4.2709E+02
-9.5200E-01;4.2757E+02
-9.5100E-01;4.2806E+02
-9.5000E-01;4.2854E+02
-9.4900E-01;4.2902E+02
-9.4800E-01;4.2950E+02
-9.4700E-01;4.2999E+02
-9.4600E-01;4.3047E+02
-9.4500E-01;4.3095E+02
-9.4400E-01;4.3144E+02
-9.4300E-01;4.3192E+02
-9.4200E-01;4.3240E+02
-9.4100E-01;4.3289E+02
-9.4000E-01;4.3337E+02
-9.3900E-01;4.3386E+02
-9.3800E-01;4.3434E+02
-9.3700E-01;4.3482E+02
-9.3600E-01;4.3531E+02
-9.3500E-01;4.3579E+02
-9.3400E-01;4.3628E+02
-9.3300E-01;4.3676E+02
-9.3200E-01;4.3725E+02
-9.3100E-01;4.3773E+02
-9.3000E-01;4.3822E+02
-9.2900E-01;4.3870E+02
-9.2800E-01;4.3919E+02
-9.2700E-01;4.3967E+02
-9.2600E-01;4.4016E+02
-9.2500E-01;4.4064E+02
-9.2400E-01;4.4113E+02
-9.2300E-01;4.4161E+02
-9.2200E-01;4.4210E+02
-9.2100E-01;4.4258E+02
-9.2000E-01;4.4307E+02
-9.1900E-01;4.4356E+02
-9.1800E-01;4.4404E+02
-9.1700E-01;4.4453E+02
-9.1600E-01;4.4501E+02
-9.1500E-01;4.4550E+02
-9.1400E-01;4.4599E+02
-9.1300E-01;4.4647E+02
-9.1200E-01;4.4696E+02
-9.1100E-01;4.4745E+02
-9.1000E-01;4.4793E+02
-9.0900E-01;4.4842E+02
-9.0800E-01;4.4891E+02
-9.0700E-01;4.4940E+02
-9.0600E-01;4.4988E+02
-9.0500E-01;4.5037E+02
-9.0400E-01;4.5086E+02
-9.0300E-01;4.5135E+02
-9.0200E-01;4.5183E+02
-9.0100E-01;4.5232E+02
-9.0000E-01;4.5281E+02
-8.9900E-01;4.5330E+02
-8.9800E-01;4.5378E+02
-8.9700E-01;4.5427E+02
-8.9600E-01;4.5476E+02
-8.9500E-01;4.5525E+02
-8.9400E-01;4.5574E+02
-8.9300E-01;4.5623E+02
-8.9200E-01;4.5675E+02
-8.9100E-01;4.5729E+02
-8.9000E-01;4.5783E+02
-8.8900E-01;4.5837E+02
-8.8800E-01;4.5890E+02
-8.8700E-01;4.5944E+02
-8.8600E-01;4.5998E+02
-8.8500E-01;4.6052E+02
-8.8400E-01;4.6105E+02
-8.8300E-01;4.6159E+02
-8.8200E-01;4.6213E+02
-8.8100E-01;4.6267E+02
-8.8000E-01;4.6321E+02
-8.7900E-01;4.6375E+02
-8.7800E-01;4.6429E+02
-8.7700E-01;4.6483E+02
-8.7600E-01;4.6536E+02
-8.7500E-01;4.6590E+02
-8.7400E-01;4.6644E+02
-8.7300E-01;4.6698E+02
-8.7200E-01;4.6752E+02
-8.7100E-01;4.6806E+02
-8.7000E-01;4.6860E+02
-8.6900E-01;4.6914E+02
-8.6800E-01;4.6968E+02
-8.6700E-01;4.7022E+02
-8.6600E-01;4.7076E+02
-8.6500E-01;4.7130E+02
-8.6400E-01;4.7184E+02
-8.6300E-01;4.7239E+02
-8.6200E-01;4.7293E+02
-8.6100E-01;4.7347E+02
-8.6000E-01;4.7401E+02
-8.5900E-01;4.7455E+02
-8.5800E-01;4.7509E+02
-8.5700E-01;4.7563E+02
-8.5600E-01;4.7617E+02
-8.5500E-01;4.7672E+02
-8.5400E-01;4.7726E+02
-8.5300E-01;4.7780E+02
-8.5200E-01;4.7834E+02
-8.5100E-01;4.7889E+02
-8.5000E-01;4.7943E+02
-8.4900E-01;4.7997E+02
-8.4800E-01;4.8051E+02
-8.4700E-01;4.8106E+02
-8.4600E-01;4.8160E+02
-8.4500E-01;4.8214E+02
-8.4400E-01;4.8268E+02
-8.4300E-01;4.8323E+02
-8.4200E-01;4.8377E+02
-8.4100E-01;4.8432E+02
-8.4000E-01;4.8486E+02
-8.3900E-01;4.8540E+02
-8.3800E-01;4.8595E+02
-8.3700E-01;4.8649E+02
-8.3600E-01;4.8703E+02
-8.3500E-01;4.8758E+02
-8.3400E-01;4.8812E+02
-8.3300E-01;4.8867E+02
-8.3200E-01;4.8921E+02
-8.3100E-01;4.8976E+02
-8.3000E-01;4.9030E+02
-8.2900E-01;4.9085E+02
-8.2800E-01;4.9139E+02
-8.2700E-01;4.9194E+02
-8.2600E-01;4.9248E+02
-8.2500E-01;4.9303E+02
-8.2400E-01;4.9357E+02
-8.2300E-01;4.9412E+02
-8.2200E-01;4.9466E+02
-8.2100E-01;4.9521E+02
-8.2000E-01;4.9576E+02
-8.1900E-01;4.9630E+02
-8.1800E-01;4.9685E+02
-8.1700E-01;4.9739E+02
-8.1600E-01;4.9794E+02
-8.1500E-01;4.9849E+02
-8.1400E-01;4.9903E+02
-8.1300E-01;4.9958E+02
-8.1200E-01;5.0013E+02
-8.1100E-01;5.0067E+02
-8.1000E-01;5.0122E+02
-8.0900E-01;5.0177E+02
-8.0800E-01;5.0231E+02
-8.0700E-01;5.0286E+02
-8.0600E-01;5.0342E+02
-8.0500E-01;5.0403E+02
-8.0400E-01;5.0464E+02
-8.0300E-01;5.0525E+02
-8.0200E-01;5.0586E+02
-8.0100E-01;5.0648E+02
-8.0000E-01;5.0709E+02
-7.9900E-01;5.0770E+02
-7.9800E-01;5.0831E+02
-7.9700E-01;5.0892E+02
-7.9600E-01;5.0953E+02
-7.9500E-01;5.1015E+02
-7.9400E-01;5.1076E+02
-7.9300E-01;5.1137E+02
-7.9200E-01;5.1198E+02
-7.9100E-01;5.1260E+02
-7.9000E-01;5.1321E+02
-7.8900E-01;5.1382E+02
-7.8800E-01;5.1444E+02
-7.8700E-01;5.1505E+02
-7.8600E-01;5.1566E+02
-7.8500E-01;5.1628E+02
-7.8400E-01;5.1689E+02
-7.8300E-01;5.1751E+02
-7.8200E-01;5.1812E+02
-7.8100E-01;5.1874E+02
-7.8000E-01;5.1935E+02
-7.7900E-01;5.1997E+02
-7.7800E-01;5.2058E+02
-7.7700E-01;5.2120E+02
-7.7600E-01;5.2181E+02
-7.7500E-01;5.2243E+02
-7.7400E-01;5.2305E+02
-7.7300E-01;5.2366E+02
-7.7200E-01;5.2428E+02
-7.7100E-01;5.2490E+02
-7.7000E-01;5.2551E+02
-7.6900E-01;5.2613E+02
-7.6800E-01;5.2675E+02
-7.6700E-01;5.2737E+02
-7.6600E-01;5.2798E+02
-7.6500E-01;5.2860E+02
-7.6400E-01;5.2922E+02
-7.6300E-01;5.2984E+02
-7.6200E-01;5.3046E+02
-7.6100E-01;5.3107E+02
-7.6000E-01;5.3169E+02
-7.5900E-01;5.3231E+02
-7.5800E-01;5.3293E+02
-7.5700E-01;5.3355E+02
-7.5600E-01;5.3417E+02
-7.5500E-01;5.3479E+02
-7.5400E-01;5.3541E+02
-7.5300E-01;5.3603E+02
-7.5200E-01;5.3665E+02
-7.5100E-01;5.3727E+02
-7.5000E-01;5.3789E+02
-7.4900E-01;5.3851E+02
-7.4800E-01;5.3913E+02
-7.4700E-01;5.3975E+02
-7.4600E-01;5.4038E+02
-7.4500E-01;5.4100E+02
-7.4400E-01;5.4162E+02
-7.4300E-01;5.4224E+02
-7.4200E-01;5.4286E+02
-7.4100E-01;5.4348E+02
-7.4000E-01;5.4411E+02
-7.3900E-01;5.4473E+02
-7.3800E-01;5.4535E+02
-7.3700E-01;5.4597E+02
-7.3600E-01;5.4660E+02
-7.3500E-01;5.4722E+02
-7.3400E-01;5.4784E+02
-7.3300E-01;5.4847E+02
-7.3200E-01;5.4909E+02
-7.3100E-01;5.4971E+02
-7.3000E-01;5.5034E+02
-7.2900E-01;5.5096E+02
-7.2800E-01;5.5159E+02
-7.2700E-01;5.5221E+02
-7.2600E-01;5.5284E+02
-7.2500E-01;5.5346E+02
-7.2400E-01;5.5409E+02
-7.2300E-01;5.5471E+02
-7.2200E-01;5.5534E+02
-7.2100E-01;5.5596E+02
-7.2000E-01;5.5659E+02
-7.1900E-01;5.5725E+02
-7.1800E-01;5.5793E+02
-7.1700E-01;5.5862E+02
-7.1600E-01;5.5930E+02
-7.1500E-01;5.5999E+02
-7.1400E-01;5.6068E+02
-7.1300E-01;5.6136E+02
-7.1200E-01;5.6205E+02
-7.1100E-01;5.6273E+02
-7.1000E-01;5.6342E+02
-7.0900E-01;5.6411E+02
-7.0800E-01;5.6480E+02
-7.0700E-01;5.6548E+02
-7.0600E-01;5.6617E+02
-7.0500E-01;5.6686E+02
-7.0400E-01;5.6755E+02
-7.0300E-01;5.6824E+02
-7.0200E-01;5.6892E+02
-7.0100E-01;5.6961E+02
-7.0000E-01;5.7030E+02
-6.9900E-01;5.7099E+02
-6.9800E-01;5.7168E+02
-6.9700E-01;5.7237E+02
-6.9600E-01;5.7306E+02
-6.9500E-01;5.7375E+02
-6.9400E-01;5.7444E+02
-6.9300E-01;5.7513E+02
-6.9200E-01;5.7582E+02
-6.9100E-01;5.7651E+02
-6.9000E-01;5.7720E+02
-6.8900E-01;5.7790E+02
-6.8800E-01;5.7859E+02
-6.8700E-01;5.7928E+02
-6.8600E-01;5.7997E+02
-6.8500E-01;5.8066E+02
-6.8400E-01;5.8136E+02
-6.8300E-01;5.8205E+02
-6.8200E-01;5.8274E+02
-6.8100E-01;5.8344E+02
-6.8000E-01;5.8413E+02
-6.7900E-01;5.8482E+02
-6.7800E-01;5.8552E+02
-6.7700E-01;5.8621E+02
-6.7600E-01;5.8690E+02
-6.7500E-01;5.8760E+02
-6.7400E-01;5.8829E+02
-6.7300E-01;5.8899E+02
-6.7200E-01;5.8968E+02
-6.7100E-01;5.9038E+02
-6.7000E-01;5.9107E+02
-6.6900E-01;5.9177E+02
-6.6800E-01;5.9247E+02
-6.6700E-01;5.9316E+02
-6.6600E-01;5.9386E+02
-6.6500E-01;5.9455E+02
-6.6400E-01;5.9525E+02
-6.6300E-01;5.9595E+02
-6.6200E-01;5.9664E+02
-6.6100E-01;5.9734E+02
-6.6000E-01;5.9804E+02
-6.5900E-01;5.9874E+02
-6.5800E-01;5.9943E+02
-6.5700E-01;6.0013E+02
-6.5600E-01;6.0083E+02
-6.5500E-01;6.0153E+02
-6.5400E-01;6.0223E+02
-6.5300E-01;6.0293E+02
-6.5200E-01;6.0363E+02
-6.5100E-01;6.0432E+02
-6.5000E-01;6.0502E+02
-6.4900E-01;6.0572E+02
-6.4800E-01;6.0642E+02
-6.4700E-01;6.0712E+02
-6.4600E-01;6.0782E+02
-6.4500E-01;6.0852E+02
-6.4400E-01;6.0922E+02
-6.4300E-01;6.0992E+02
-6.4200E-01;6.1063E+02
-6.4100E-01;6.1133E+02
-6.4000E-01;6.1203E+02
-6.3900E-01;6.1273E+02
-6.3800E-01;6.1343E+02
-6.3700E-01;6.1413E+02
-6.3600E-01;6.1483E+02
-6.3500E-01;6.1554E+02
-6.3400E-01;6.1624E+02
-6.3300E-01;6.1694E+02
-6.3200E-01;6.1770E+02
-6.3100E-01;6.1846E+02
-6.3000E-01;6.1922E+02
-6.2900E-01;6.1998E+02
-6.2800E-01;6.2074E+02
-6.2700E-01;6.2150E+02
-6.2600E-01;6.2226E+02
-6.2500E-01;6.2302E+02
-6.2400E-01;6.2378E+02
-6.2300E-01;6.2454E+02
-6.2200E-01;6.2530E+02
-6.2100E-01;6.2607E+02
-6.2000E-01;6.2683E+02
-6.1900E-01;6.2759E+02
-6.1800E-01;6.2835E+02
-6.1700E-01;6.2912E+02
-6.1600E-01;6.2988E+02
-6.1500E-01;6.3065E+02
-6.1400E-01;6.3141E+02
-6.1300E-01;6.3218E+02
-6.1200E-01;6.3294E+02
-6.1100E-01;6.3371E+02
-6.1000E-01;6.3447E+02
-6.0900E-01;6.3524E+02
-6.0800E-01;6.3601E+02
-6.0700E-01;6.3677E+02
-6.0600E-01;6.3754E+02
-6.0500E-01;6.3831E+02
-6.0400E-01;6.3908E+02
-6.0300E-01;6.3985E+02
-6.0200E-01;6.4061E+02
-6.0100E-01;6.4138E+02
-6.0000E-01;6.4215E+02
-5.9900E-01;6.4292E+02
-5.9800E-01;6.4369E+02
-5.9700E-01;6.4446E+02
-5.9600E-01;6.4523E+02
-5.9500E-01;6.4600E+02
-5.9400E-01;6.4678E+02
-5.9300E-01;6.4755E+02
-5.9200E-01;6.4832E+02
-5.9100E-01;6.4909E+02
-5.9000E-01;6.4986E+02
-5.8900E-01;6.5064E+02
-5.8800E-01;6.5141E+02
-5.8700E-01;6.5218E+02
-5.8600E-01;6.5296E+02
-5.8500E-01;6.5373E+02
-5.8400E-01;6.5450E+02
-5.8300E-01;6.5528E+02
-5.8200E-01;6.5605E+02
-5.8100E-01;6.5683E+02
-5.8000E-01;6.5761E+02
-5.7900E-01;6.5838E+02
-5.7800E-01;6.5916E+02
-5.7700E-01;6.5993E+02
-5.7600E-01;6.6071E+02
-5.7500E-01;6.6149E+02
-5.7400E-01;6.6226E+02
-5.7300E-01;6.6304E+02
-5.7200E-01;6.6382E+02
-5.7100E-01;6.6460E+02
-5.7000E-01;6.6538E+02
-5.6900E-01;6.6616E+02
-5.6800E-01;6.6693E+02
-5.6700E-01;6.6771E+02
-5.6600E-01;6.6849E+02
-5.6500E-01;6.6927E+02
-5.6400E-01;6.7005E+02
-5.6300E-01;6.7083E+02
-5.6200E-01;6.7161E+02
-5.6100E-01;6.7240E+02
-5.6000E-01;6.7318E+02
-5.5900E-01;6.7396E+02
-5.5800E-01;6.7474E+02
-5.5700E-01;6.7552E+02
-5.5600E-01;6.7631E+02
-5.5500E-01;6.7709E+02
-5.5400E-01;6.7787E+02
-5.5300E-01;6.7865E+02
-5.5200E-01;6.7944E+02
-5.5100E-01;6.8022E+02
-5.5000E-01;6.8101E+02
-5.4900E-01;6.8179E+02
-5.4800E-01;6.8257E+02
-5.4700E-01;6.8336E+02
-5.4600E-01;6.8417E+02
-5.4500E-01;6.8502E+02
-5.4400E-01;6.8587E+02
-5.4300E-01;6.8672E+02
-5.4200E-01;6.8757E+02
-5.4100E-01;6.8842E+02
-5.4000E-01;6.8928E+02
-5.3900E-01;6.9013E+02
-5.3800E-01;6.9098E+02
-5.3700E-01;6.9183E+02
-5.3600E-01;6.9269E+02
-5.3500E-01;6.9354E+02
-5.3400E-01;6.9439E+02
-5.3300E-01;6.9525E+02
-5.3200E-01;6.9610E+02
-5.3100E-01;6.9696E+02
-5.3000E-01;6.9781E+02
-5.2900E-01;6.9867E+02
-5.2800E-01;6.9952E+02
-5.2700E-01;7.0038E+02
-5.2600E-01;7.0124E+02
-5.2500E-01;7.0209E+02
-5.2400E-01;7.0295E+02
-5.2300E-01;7.0381E+02
-5.2200E-01;7.0467E+02
-5.2100E-01;7.0553E+02
-5.2000E-01;7.0639E+02
-5.1900E-01;7.0724E+02
-5.1800E-01;7.0810E+02
-5.1700E-01;7.0896E+02
-5.1600E-01;7.0982E+02
-5.1500E-01;7.1068E+02
-5.1400E-01;7.1155E+02
-5.1300E-01;7.1241E+02
-5.1200E-01;7.1327E+02
-5.1100E-01;7.1413E+02
-5.1000E-01;7.1499E+02
-5.0900E-01;7.1585E+02
-5.0800E-01;7.1672E+02
-5.0700E-01;7.1758E+02
-5.0600E-01;7.1844E+02
-5.0500E-01;7.1931E+02
-5.0400E-01;7.2017E+02
-5.0300E-01;7.2104E+02
-5.0200E-01;7.2190E+02
-5.0100E-01;7.2277E+02
-5.0000E-01;7.2363E+02
-4.9900E-01;7.2450E+02
-4.9800E-01;7.2536E+02
-4.9700E-01;7.2623E+02
-4.9600E-01;7.2710E+02
-4.9500E-01;7.2796E+02
-4.9400E-01;7.2883E+02
-4.9300E-01;7.2970E+02
-4.9200E-01;7.3057E+02
-4.9100E-01;7.3143E+02
-4.9000E-01;7.3230E+02
-4.8900E-01;7.3317E+02
-4.8800E-01;7.3404E+02
-4.8700E-01;7.3491E+02
-4.8600E-01;7.3578E+02
-4.8500E-01;7.3665E+02
-4.8400E-01;7.3752E+02
-4.8300E-01;7.3839E+02
-4.8200E-01;7.3926E+02
-4.8100E-01;7.4013E+02
-4.8000E-01;7.4100E+02
-4.7900E-01;7.4188E+02
-4.7800E-01;7.4275E+02
-4.7700E-01;7.4362E+02
-4.7600E-01;7.4449E+02
-4.7500E-01;7.4537E+02
-4.7400E-01;7.4624E+02
-4.7300E-01;7.4711E+02
-4.7200E-01;7.4799E+02
-4.7100E-01;7.4886E+02
-4.7000E-01;7.4973E+02
-4.6900E-01;7.5061E+02
-4.6800E-01;7.5148E+02
-4.6700E-01;7.5236E+02
-4.6600E-01;7.5323E+02
-4.6500E-01;7.5411E+02
-4.6400E-01;7.5499E+02
-4.6300E-01;7.5586E+02
-4.6200E-01;7.5674E+02
-4.6100E-01;7.5762E+02
-4.6000E-01;7.5849E+02
-4.5900E-01;7.5938E+02
-4.5800E-01;7.6026E+02
-4.5700E-01;7.6114E+02
-4.5600E-01;7.6203E+02
-4.5500E-01;7.6291E+02
-4.5400E-01;7.6380E+02
-4.5300E-01;7.6469E+02
-4.5200E-01;7.6557E+02
-4.5100E-01;7.6646E+02
-4.5000E-01;7.6735E+02
-4.4900E-01;7.6824E+02
-4.4800E-01;7.6913E+02
-4.4700E-01;7.7002E+02
-4.4600E-01;7.7091E+02
-4.4500E-01;7.7180E+02
-4.4400E-01;7.7269E+02
-4.4300E-01;7.7358E+02
-4.4200E-01;7.7447E+02
-4.4100E-01;7.7537E+02
-4.4000E-01;7.7626E+02
-4.3900E-01;7.7715E+02
-4.3800E-01;7.7805E+02
-4.3700E-01;7.7894E+02
-4.3600E-01;7.7984E+02
-4.3500E-01;7.8073E+02
-4.3400E-01;7.8163E+02
-4.3300E-01;7.8253E+02
-4.3200E-01;7.8342E+02
-4.3100E-01;7.8432E+02
-4.3000E-01;7.8522E+02
-4.2900E-01;7.8612E+02
-4.2800E-01;7.8702E+02
-4.2700E-01;7.8792E+02
-4.2600E-01;7.8882E+02
-4.2500E-01;7.8972E+02
-4.2400E-01;7.9062E+02
-4.2300E-01;7.9152E+02
-4.2200E-01;7.9243E+02
-4.2100E-01;7.9333E+02
-4.2000E-01;7.9423E+02
-4.1900E-01;7.9514E+02
-4.1800E-01;7.9604E+02
-4.1700E-01;7.9694E+02
-4.1600E-01;7.9785E+02
-4.1500E-01;7.9876E+02
-4.1400E-01;7.9966E+02
-4.1300E-01;8.0057E+02
-4.1200E-01;8.0148E+02
-4.1100E-01;8.0238E+02
-4.1000E-01;8.0329E+02
-4.0900E-01;8.0420E+02
-4.0800E-01;8.0511E+02
-4.0700E-01;8.0602E+02
-4.0600E-01;8.0693E+02
-4.0500E-01;8.0784E+02
-4.0400E-01;8.0875E+02
-4.0300E-01;8.0966E+02
-4.0200E-01;8.1057E+02
-4.0100E-01;8.1149E+02
-4.0000E-01;8.1240E+02
-3.9900E-01;8.1331E+02
-3.9800E-01;8.1423E+02
-3.9700E-01;8.1514E+02
-3.9600E-01;8.1605E+02
-3.9500E-01;8.1697E+02
-3.9400E-01;8.1788E+02
-3.9300E-01;8.1880E+02
-3.9200E-01;8.1972E+02
-3.9100E-01;8.2063E+02
-3.9000E-01;8.2155E+02
-3.8900E-01;8.2247E+02
-3.8800E-01;8.2339E+02
-3.8700E-01;8.2430E+02
-3.8600E-01;8.2522E+02
-3.8500E-01;8.2614E+02
-3.8400E-01;8.2706E+02
-3.8300E-01;8.2798E+02
-3.8200E-01;8.2890E+02
-3.8100E-01;8.2982E+02
-3.8000E-01;8.3075E+02
-3.7900E-01;8.3167E+02
-3.7800E-01;8.3259E+02
-3.7700E-01;8.3351E+02
-3.7600E-01;8.3444E+02
-3.7500E-01;8.3536E+02
-3.7400E-01;8.3628E+02
-3.7300E-01;8.3722E+02
-3.7200E-01;8.3819E+02
-3.7100E-01;8.3916E+02
-3.7000E-01;8.4014E+02
-3.6900E-01;8.4111E+02
-3.6800E-01;8.4208E+02
-3.6700E-01;8.4306E+02
-3.6600E-01;8.4403E+02
-3.6500E-01;8.4501E+02
-3.6400E-01;8.4599E+02
-3.6300E-01;8.4696E+02
-3.6200E-01;8.4794E+02
-3.6100E-01;8.4892E+02
-3.6000E-01;8.4990E+02
-3.5900E-01;8.5088E+02
-3.5800E-01;8.5186E+02
-3.5700E-01;8.5284E+02
-3.5600E-01;8.5382E+02
-3.5500E-01;8.5480E+02
-3.5400E-01;8.5578E+02
-3.5300E-01;8.5676E+02
-3.5200E-01;8.5775E+02
-3.5100E-01;8.5873E+02
-3.5000E-01;8.5972E+02
-3.4900E-01;8.6070E+02
-3.4800E-01;8.6169E+02
-3.4700E-01;8.6267E+02
-3.4600E-01;8.6366E+02
-3.4500E-01;8.6464E+02
-3.4400E-01;8.6563E+02
-3.4300E-01;8.6662E+02
-3.4200E-01;8.6761E+02
-3.4100E-01;8.6860E+02
-3.4000E-01;8.6959E+02
-3.3900E-01;8.7058E+02
-3.3800E-01;8.7157E+02
-3.3700E-01;8.7256E+02
-3.3600E-01;8.7355E+02
-3.3500E-01;8.7454E+02
-3.3400E-01;8.7553E+02
-3.3300E-01;8.7653E+02
-3.3200E-01;8.7752E+02
-3.3100E-01;8.7852E+02
-3.3000E-01;8.7951E+02
-3.2900E-01;8.8051E+02
-3.2800E-01;8.8150E+02
-3.2700E-01;8.8250E+02
-3.2600E-01;8.8349E+02
-3.2500E-01;8.8449E+02
-3.2400E-01;8.8549E+02
-3.2300E-01;8.8649E+02
-3.2200E-01;8.8749E+02
-3.2100E-01;8.8848E+02
-3.2000E-01;8.8948E+02
-3.1900E-01;8.9048E+02
-3.1800E-01;8.9148E+02
-3.1700E-01;8.9249E+02
-3.1600E-01;8.9349E+02
-3.1500E-01;8.9449E+02
-3.1400E-01;8.9549E+02
-3.1300E-01;8.9650E+02
-3.1200E-01;8.9750E+02
-3.1100E-01;8.9850E+02
-3.1000E-01;8.9951E+02
-3.0900E-01;9.0051E+02
-3.0800E-01;9.0152E+02
-3.0700E-01;9.0252E+02
-3.0600E-01;9.0353E+02
-3.0500E-01;9.0454E+02
-3.0400E-01;9.0554E+02
-3.0300E-01;9.0655E+02
-3.0200E-01;9.0756E+02
-3.0100E-01;9.0857E+02
-3.0000E-01;9.0958E+02
-2.9900E-01;9.1059E+02
-2.9800E-01;9.1160E+02
-2.9700E-01;9.1261E+02
-2.9600E-01;9.1362E+02
-2.9500E-01;9.1463E+02
-2.9400E-01;9.1564E+02
-2.9300E-01;9.1665E+02
-2.9200E-01;9.1767E+02
-2.9100E-01;9.1868E+02
-2.9000E-01;9.1969E+02
-2.8900E-01;9.2071E+02
-2.8800E-01;9.2172E+02
-2.8700E-01;9.2273E+02
-2.8600E-01;9.2367E+02
-2.8500E-01;9.2456E+02
-2.8400E-01;9.2545E+02
-2.8300E-01;9.2634E+02
-2.8200E-01;9.2723E+02
-2.8100E-01;9.2812E+02
-2.8000E-01;9.2901E+02
-2.7900E-01;9.2990E+02
-2.7800E-01;9.3079E+02
-2.7700E-01;9.3169E+02
-2.7600E-01;9.3258E+02
-2.7500E-01;9.3348E+02
-2.7400E-01;9.3437E+02
-2.7300E-01;9.3527E+02
-2.7200E-01;9.3616E+02
-2.7100E-01;9.3706E+02
-2.7000E-01;9.3796E+02
-2.6900E-01;9.3886E+02
-2.6800E-01;9.3976E+02
-2.6700E-01;9.4066E+02
-2.6600E-01;9.4156E+02
-2.6500E-01;9.4246E+02
-2.6400E-01;9.4337E+02
-2.6300E-01;9.4427E+02
-2.6200E-01;9.4517E+02
-2.6100E-01;9.4608E+02
-2.6000E-01;9.4698E+02
-2.5900E-01;9.4789E+02
-2.5800E-01;9.4880E+02
-2.5700E-01;9.4970E+02
-2.5600E-01;9.5061E+02
-2.5500E-01;9.5152E+02
-2.5400E-01;9.5243E+02
-2.5300E-01;9.5334E+02
-2.5200E-01;9.5425E+02
-2.5100E-01;9.5516E+02
-2.5000E-01;9.5608E+02
-2.4900E-01;9.5699E+02
-2.4800E-01;9.5790E+02
-2.4700E-01;9.5882E+02
-2.4600E-01;9.5973E+02
-2.4500E-01;9.6065E+02
-2.4400E-01;9.6156E+02
-2.4300E-01;9.6248E+02
-2.4200E-01;9.6340E+02
-2.4100E-01;9.6432E+02
-2.4000E-01;9.6524E+02
-2.3900E-01;9.6616E+02
-2.3800E-01;9.6708E+02
-2.3700E-01;9.6800E+02
-2.3600E-01;9.6892E+02
-2.3500E-01;9.6984E+02
-2.3400E-01;9.7076E+02
-2.3300E-01;9.7169E+02
-2.3200E-01;9.7261E+02
-2.3100E-01;9.7354E+02
-2.3000E-01;9.7446E+02
-2.2900E-01;9.7539E+02
-2.2800E-01;9.7631E+02
-2.2700E-01;9.7724E+02
-2.2600E-01;9.7817E+02
-2.2500E-01;9.7910E+02
-2.2400E-01;9.8003E+02
-2.2300E-01;9.8096E+02
-2.2200E-01;9.8189E+02
-2.2100E-01;9.8282E+02
-2.2000E-01;9.8375E+02
-2.1900E-01;9.8468E+02
-2.1800E-01;9.8561E+02
-2.1700E-01;9.8655E+02
-2.1600E-01;9.8748E+02
-2.1500E-01;9.8842E+02
-2.1400E-01;9.8935E+02
-2.1300E-01;9.9029E+02
-2.1200E-01;9.9122E+02
-2.1100E-01;9.9216E+02
-2.1000E-01;9.9310E+02
-2.0900E-01;9.9404E+02
-2.0800E-01;9.9497E+02
-2.0700E-01;9.9591E+02
-2.0600E-01;9.9685E+02
-2.0500E-01;9.9780E+02
-2.0400E-01;9.9874E+02
-2.0300E-01;9.9968E+02
-2.0200E-01;1.0006E+03
-2.0100E-01;1.0016E+03
-2.0000E-01;1.0025E+03
-1.9900E-01;1.0029E+03
-1.9800E-01;1.0037E+03
-1.9700E-01;1.0046E+03
-1.9600E-01;1.0054E+03
-1.9500E-01;1.0062E+03
-1.9400E-01;1.0071E+03
-1.9300E-01;1.0079E+03
-1.9200E-01;1.0088E+03
-1.9100E-01;1.0096E+03
-1.9000E-01;1.0105E+03
-1.8900E-01;1.0114E+03
-1.8800E-01;1.0122E+03
-1.8700E-01;1.0131E+03
-1.8600E-01;1.0139E+03
-1.8500E-01;1.0148E+03
-1.8400E-01;1.0156E+03
-1.8300E-01;1.0165E+03
-1.8200E-01;1.0173E+03
-1.8100E-01;1.0182E+03
-1.8000E-01;1.0191E+03
-1.7900E-01;1.0199E+03
-1.7800E-01;1.0208E+03
-1.7700E-01;1.0216E+03
-1.7600E-01;1.0225E+03
-1.7500E-01;1.0234E+03
-1.7400E-01;1.0242E+03
-1.7300E-01;1.0251E+03
-1.7200E-01;1.0260E+03
-1.7100E-01;1.0268E+03
-1.7000E-01;1.0277E+03
-1.6900E-01;1.0286E+03
-1.6800E-01;1.0294E+03
-1.6700E-01;1.0303E+03
-1.6600E-01;1.0312E+03
-1.6500E-01;1.0320E+03
-1.6400E-01;1.0329E+03
-1.6300E-01;1.0338E+03
-1.6200E-01;1.0347E+03
-1.6100E-01;1.0355E+03
-1.6000E-01;1.0364E+03
-1.5900E-01;1.0373E+03
-1.5800E-01;1.0382E+03
-1.5700E-01;1.0390E+03
-1.5600E-01;1.0399E+03
-1.5500E-01;1.0408E+03
-1.5400E-01;1.0417E+03
-1.5300E-01;1.0425E+03
-1.5200E-01;1.0434E+03
-1.5100E-01;1.0443E+03
-1.5000E-01;1.0452E+03
-1.4900E-01;1.0461E+03
-1.4800E-01;1.0469E+03
-1.4700E-01;1.0478E+03
-1.4600E-01;1.0487E+03
-1.4500E-01;1.0496E+03
-1.4400E-01;1.0505E+03
-1.4300E-01;1.0514E+03
-1.4200E-01;1.0523E+03
-1.4100E-01;1.0531E+03
-1.4000E-01;1.0540E+03
-1.3900E-01;1.0549E+03
-1.3800E-01;1.0558E+03
-1.3700E-01;1.0567E+03
-1.3600E-01;1.0576E+03
-1.3500E-01;1.0585E+03
-1.3400E-01;1.0594E+03
-1.3300E-01;1.0603E+03
-1.3200E-01;1.0612E+03
-1.3100E-01;1.0620E+03
-1.3000E-01;1.0629E+03
-1.2900E-01;1.0638E+03
-1.2800E-01;1.0647E+03
-1.2700E-01;1.0656E+03
-1.2600E-01;1.0665E+03
-1.2500E-01;1.0674E+03
-1.2400E-01;1.0683E+03
-1.2300E-01;1.0692E+03
-1.2200E-01;1.0701E+03
-1.2100E-01;1.0710E+03
-1.2000E-01;1.0722E+03
-1.1900E-01;1.0733E+03
-1.1800E-01;1.0740E+03
-1.1700E-01;1.0748E+03
-1.1600E-01;1.0758E+03
-1.1500E-01;1.0767E+03
-1.1400E-01;1.0776E+03
-1.1300E-01;1.0785E+03
-1.1200E-01;1.0794E+03
-1.1100E-01;1.0803E+03
-1.1000E-01;1.0812E+03
-1.0900E-01;1.0821E+03
-1.0800E-01;1.0831E+03
-1.0700E-01;1.0840E+03
-1.0600E-01;1.0849E+03
-1.0500E-01;1.0858E+03
-1.0400E-01;1.0867E+03
-1.0300E-01;1.0877E+03
-1.0200E-01;1.0886E+03
-1.0100E-01;1.0895E+03
-1.0000E-01;1.0904E+03
-9.9000E-02;1.0913E+03
-9.8000E-02;1.0923E+03
-9.7000E-02;1.0932E+03
-9.6000E-02;1.0941E+03
-9.5000E-02;1.0950E+03
-9.4000E-02;1.0960E+03
-9.3000E-02;1.0969E+03
-9.2000E-02;1.0978E+03
-9.1000E-02;1.0988E+03
-9.0000E-02;1.0997E+03
-8.9000E-02;1.1006E+03
-8.8000E-02;1.1016E+03
-8.7000E-02;1.1025E+03
-8.6000E-02;1.1034E+03
-8.5000E-02;1.1044E+03
-8.4000E-02;1.1053E+03
-8.3000E-02;1.1062E+03
-8.2000E-02;1.1072E+03
-8.1000E-02;1.1081E+03
-8.0000E-02;1.1091E+03
-7.9000E-02;1.1100E+03
-7.8000E-02;1.1109E+03
-7.7000E-02;1.1119E+03
-7.6000E-02;1.1128E+03
-7.5000E-02;1.1138E+03
-7.4000E-02;1.1147E+03
-7.3000E-02;1.1157E+03
-7.2000E-02;1.1166E+03
-7.1000E-02;1.1176E+03
-7.0000E-02;1.1185E+03
-6.9000E-02;1.1195E+03
-6.8000E-02;1.1204E+03
-6.7000E-02;1.1214E+03
-6.6000E-02;1.1223E+03
-6.5000E-02;1.1233E+03
-6.4000E-02;1.1242E+03
-6.3000E-02;1.1252E+03
-6.2000E-02;1.1261E+03
-6.1000E-02;1.1271E+03
-6.0000E-02;1.1281E+03
-5.9000E-02;1.1290E+03
-5.8000E-02;1.1300E+03
-5.7000E-02;1.1309E+03
-5.6000E-02;1.1319E+03
-5.5000E-02;1.1328E+03
-5.4000E-02;1.1338E+03
-5.3000E-02;1.1348E+03
-5.2000E-02;1.1357E+03
-5.1000E-02;1.1367E+03
-5.0000E-02;1.1377E+03
-4.9000E-02;1.1386E+03
-4.8000E-02;1.1396E+03
-4.7000E-02;1.1406E+03
-4.6000E-02;1.1415E+03
-4.5000E-02;1.1425E+03
-4.4000E-02;1.1435E+03
-4.3000E-02;1.1444E+03
-4.2000E-02;1.1454E+03
-4.1000E-02;1.1464E+03
-4.0000E-02;1.1474E+03
-3.9000E-02;1.1483E+03
-3.8000E-02;1.1493E+03
-3.7000E-02;1.1503E+03
-3.6000E-02;1.1513E+03
-3.5000E-02;1.1522E+03
-3.4000E-02;1.1532E+03
-3.3000E-02;1.1542E+03
-3.2000E-02;1.1552E+03
-3.1000E-02;1.1561E+03
-3.0000E-02;1.1571E+03
-2.9000E-02;1.1581E+03
-2.8000E-02;1.1591E+03
-2.7000E-02;1.1601E+03
-2.6000E-02;1.1611E+03
-2.5000E-02;1.1620E+03
-2.4000E-02;1.1630E+03
-2.3000E-02;1.1640E+03
-2.2000E-02;1.1650E+03
-2.1000E-02;1.1660E+03
-2.0000E-02;1.1670E+03
-1.9000E-02;1.1680E+03
-1.8000E-02;1.1690E+03
-1.7000E-02;1.1699E+03
-1.6000E-02;1.1709E+03
-1.5000E-02;1.1719E+03
-1.4000E-02;1.1729E+03
-1.3000E-02;1.1739E+03
-1.2000E-02;1.1749E+03
-1.1000E-02;1.1759E+03
-1.0000E-02;1.1769E+03
-9.0000E-03;1.1779E+03
-8.0000E-03;1.1789E+03
-7.0000E-03;1.1799E+03
-6.0000E-03;1.1809E+03
-5.0000E-03;1.1819E+03
-4.0000E-03;1.1829E+03
-3.0000E-03;1.1839E+03
-2.0000E-03;1.1849E+03
-1.0000E-03;1.1859E+03
4.4409E-16;1.1450E+03
1.0000E-03;1.1448E+03
2.0000E-03;1.1445E+03
3.0000E-03;1.1442E+03
4.0000E-03;1.1440E+03
5.0000E-03;1.1437E+03
6.0000E-03;1.1435E+03
7.0000E-03;1.1432E+03
8.0000E-03;1.1430E+03
9.0000E-03;1.1427E+03
1.0000E-02;1.1425E+03
1.1000E-02;1.1422E+03
1.2000E-02;1.1420E+03
1.3000E-02;1.1417E+03
1.4000E-02;1.1415E+03
1.5000E-02;1.1412E+03
1.6000E-02;1.1410E+03
1.7000E-02;1.1407E+03
1.8000E-02;1.1405E+03
1.9000E-02;1.1402E+03
2.0000E-02;1.1400E+03
2.1000E-02;1.1397E+03
2.2000E-02;1.1395E+03
2.3000E-02;1.1392E+03
2.4000E-02;1.1390E+03
2.5000E-02;1.1387E+03
2.6000E-02;1.1385E+03
2.7000E-02;1.1383E+03
2.8000E-02;1.1380E+03
2.9000E-02;1.1378E+03
3.0000E-02;1.1375E+03
3.1000E-02;1.1373E+03
3.2000E-02;1.1370E+03
3.3000E-02;1.1368E+03
3.4000E-02;1.1366E+03
3.5000E-02;1.1363E+03
3.6000E-02;1.1361E+03
3.7000E-02;1.1358E+03
3.8000E-02;1.1356E+03
3.9000E-02;1.1354E+03
4.0000E-02;1.1351E+03
4.1000E-02;1.1349E+03
4.2000E-02;1.1347E+03
4.3000E-02;1.1344E+03
4.4000E-02;1.1342E+03
4.5000E-02;1.1340E+03
4.6000E-02;1.1337E+03
4.7000E-02;1.1335E+03
4.8000E-02;1.1333E+03
4.9000E-02;1.1330E+03
5.0000E-02;1.1328E+03
5.1000E-02;1.1326E+03
5.2000E-02;1.1323E+03
5.3000E-02;1.1321E+03
5.4000E-02;1.1319E+03
5.5000E-02;1.1317E+03
5.6000E-02;1.1314E+03
5.7000E-02;1.1312E+03
5.8000E-02;1.1310E+03
5.9000E-02;1.1307E+03
6.0000E-02;1.1305E+03
6.1000E-02;1.1303E+03
6.2000E-02;1.1301E+03
6.3000E-02;1.1298E+03
6.4000E-02;1.1296E+03
6.5000E-02;1.1294E+03
6.6000E-02;1.1292E+03
6.7000E-02;1.1290E+03
6.8000E-02;1.1287E+03
6.9000E-02;1.1285E+03
7.0000E-02;1.1283E+03
7.1000E-02;1.1281E+03
7.2000E-02;1.1279E+03
7.3000E-02;1.1276E+03
7.4000E-02;1.1274E+03
7.5000E-02;1.1272E+03
7.6000E-02;1.1270E+03
7.7000E-02;1.1268E+03
7.8000E-02;1.1266E+03
7.9000E-02;1.1263E+03
8.0000E-02;1.1261E+03
8.1000E-02;1.1259E+03
8.2000E-02;1.1257E+03
8.3000E-02;1.1255E+03
8.4000E-02;1.1253E+03
8.5000E-02;1.1251E+03
8.6000E-02;1.1248E+03
8.7000E-02;1.1246E+03
8.8000E-02;1.1244E+03
8.9000E-02;1.1242E+03
9.0000E-02;1.1240E+03
9.1000E-02;1.1238E+03
9.2000E-02;1.1236E+03
9.3000E-02;1.1234E+03
9.4000E-02;1.1232E+03
9.5000E-02;1.1230E+03
9.6000E-02;1.1228E+03
9.7000E-02;1.1226E+03
9.8000E-02;1.1224E+03
9.9000E-02;1.1222E+03
1.0000E-01;1.1220E+03
1.0100E-01;1.1217E+03
1.0200E-01;1.1215E+03
1.0300E-01;1.1213E+03
1.0400E-01;1.1211E+03
1.0500E-01;1.1209E+03
1.0600E-01;1.1207E+03
1.0700E-01;1.1205E+03
1.0800E-01;1.1203E+03
1.0900E-01;1.1201E+03
1.1000E-01;1.1199E+03
1.1100E-01;1.1198E+03
1.1200E-01;1.1196E+03
1.1300E-01;1.1194E+03
1.1400E-01;1.1192E+03
1.1500E-01;1.1190E+03
1.1600E-01;1.1188E+03
1.1700E-01;1.1186E+03
1.1800E-01;1.1184E+03
1.1900E-01;1.1182E+03
1.2000E-01;1.1180E+03
1.2100E-01;1.1178E+03
1.2200E-01;1.1176E+03
1.2300E-01;1.1174E+03
1.2400E-01;1.1172E+03
1.2500E-01;1.1171E+03
1.2600E-01;1.1169E+03
1.2700E-01;1.1167E+03
1.2800E-01;1.1165E+03
1.2900E-01;1.1163E+03
1.3000E-01;1.1161E+03
1.3100E-01;1.1159E+03
1.3200E-01;1.1157E+03
1.3300E-01;1.1156E+03
1.3400E-01;1.1154E+03
1.3500E-01;1.1152E+03
1.3600E-01;1.1150E+03
1.3700E-01;1.1148E+03
1.3800E-01;1.1146E+03
1.3900E-01;1.1145E+03
1.4000E-01;1.1143E+03
1.4100E-01;1.1141E+03
1.4200E-01;1.1139E+03
1.4300E-01;1.1138E+03
1.4400E-01;1.1136E+03
1.4500E-01;1.1134E+03
1.4600E-01;1.1132E+03
1.4700E-01;1.1130E+03
1.4800E-01;1.1129E+03
1.4900E-01;1.1127E+03
1.5000E-01;1.1125E+03
1.5100E-01;1.1123E+03
1.5200E-01;1.1122E+03
1.5300E-01;1.1120E+03
1.5400E-01;1.1118E+03
1.5500E-01;1.1117E+03
1.5600E-01;1.1115E+03
1.5700E-01;1.1113E+03
1.5800E-01;1.1111E+03
1.5900E-01;1.1110E+03
1.6000E-01;1.1108E+03
1.6100E-01;1.1106E+03
1.6200E-01;1.1105E+03
1.6300E-01;1.1103E+03
1.6400E-01;1.1101E+03
1.6500E-01;1.1100E+03
1.6600E-01;1.1098E+03
1.6700E-01;1.1096E+03
1.6800E-01;1.1095E+03
1.6900E-01;1.1093E+03
1.7000E-01;1.1091E+03
1.7100E-01;1.1090E+03
1.7200E-01;1.1088E+03
1.7300E-01;1.1087E+03
1.7400E-01;1.1085E+03
1.7500E-01;1.1083E+03
1.7600E-01;1.1082E+03
1.7700E-01;1.1080E+03
1.7800E-01;1.1079E+03
1.7900E-01;1.1077E+03
1.8000E-01;1.1075E+03
1.8100E-01;1.1074E+03
1.8200E-01;1.1072E+03
1.8300E-01;1.1071E+03
1.8400E-01;1.1069E+03
1.8500E-01;1.1068E+03
1.8600E-01;1.1066E+03
1.8700E-01;1.1065E+03
1.8800E-01;1.1063E+03
1.8900E-01;1.1062E+03
1.9000E-01;1.1060E+03
1.9100E-01;1.1059E+03
1.9200E-01;1.1057E+03
1.9300E-01;1.1056E+03
1.9400E-01;1.1054E+03
1.9500E-01;1.1053E+03
1.9600E-01;1.1051E+03
1.9700E-01;1.1050E+03
1.9800E-01;1.1048E+03
1.9900E-01;1.1047E+03
2.0000E-01;1.1047E+03
2.0100E-01;1.1038E+03
2.0200E-01;1.1030E+03
2.0300E-01;1.1021E+03
2.0400E-01;1.1012E+03
2.0500E-01;1.1004E+03
2.0600E-01;1.0995E+03
2.0700E-01;1.0987E+03
2.0800E-01;1.0978E+03
2.0900E-01;1.0969E+03
2.1000E-01;1.0961E+03
2.1100E-01;1.0952E+03
2.1200E-01;1.0944E+03
2.1300E-01;1.0935E+03
2.1400E-01;1.0927E+03
2.1500E-01;1.0918E+03
2.1600E-01;1.0910E+03
2.1700E-01;1.0901E+03
2.1800E-01;1.0892E+03
2.1900E-01;1.0884E+03
2.2000E-01;1.0875E+03
2.2100E-01;1.0867E+03
2.2200E-01;1.0858E+03
2.2300E-01;1.0850E+03
2.2400E-01;1.0841E+03
2.2500E-01;1.0833E+03
2.2600E-01;1.0824E+03
2.2700E-01;1.0816E+03
2.2800E-01;1.0807E+03
2.2900E-01;1.0799E+03
2.3000E-01;1.0790E+03
2.3100E-01;1.0782E+03
2.3200E-01;1.0773E+03
2.3300E-01;1.0765E+03
2.3400E-01;1.0756E+03
2.3500E-01;1.0748E+03
2.3600E-01;1.0739E+03
2.3700E-01;1.0731E+03
2.3800E-01;1.0722E+03
2.3900E-01;1.0714E+03
2.4000E-01;1.0705E+03
2.4100E-01;1.0697E+03
2.4200E-01;1.0689E+03
2.4300E-01;1.0680E+03
2.4400E-01;1.0672E+03
2.4500E-01;1.0663E+03
2.4600E-01;1.0655E+03
2.4700E-01;1.0646E+03
2.4800E-01;1.0638E+03
2.4900E-01;1.0629E+03
2.5000E-01;1.0621E+03
2.5100E-01;1.0613E+03
2.5200E-01;1.0604E+03
2.5300E-01;1.0596E+03
2.5400E-01;1.0587E+03
2.5500E-01;1.0579E+03
2.5600E-01;1.0571E+03
2.5700E-01;1.0562E+03
2.5800E-01;1.0554E+03
2.5900E-01;1.0545E+03
2.6000E-01;1.0537E+03
2.6100E-01;1.0529E+03
2.6200E-01;1.0520E+03
2.6300E-01;1.0512E+03
2.6400E-01;1.0504E+03
2.6500E-01;1.0495E+03
2.6600E-01;1.0487E+03
2.6700E-01;1.0479E+03
2.6800E-01;1.0470E+03
2.6900E-01;1.0462E+03
2.7000E-01;1.0454E+03
2.7100E-01;1.0445E+03
2.7200E-01;1.0437E+03
2.7300E-01;1.0429E+03
2.7400E-01;1.0420E+03
2.7500E-01;1.0412E+03
2.7600E-01;1.0404E+03
2.7700E-01;1.0395E+03
2.7800E-01;1.0387E+03
2.7900E-01;1.0379E+03
2.8000E-01;1.0370E+03
2.8100E-01;1.0362E+03
2.8200E-01;1.0354E+03
2.8300E-01;1.0346E+03
2.8400E-01;1.0337E+03
2.8500E-01;1.0329E+03
2.8600E-01;1.0321E+03
2.8700E-01;1.0312E+03
2.8800E-01;1.0304E+03
2.8900E-01;1.0296E+03
2.9000E-01;1.0288E+03
2.9100E-01;1.0279E+03
2.9200E-01;1.0271E+03
2.9300E-01;1.0263E+03
2.9400E-01;1.0255E+03
2.9500E-01;1.0246E+03
2.9600E-01;1.0238E+03
2.9700E-01;1.0230E+03
2.9800E-01;1.0222E+03
2.9900E-01;1.0214E+03
3.0000E-01;1.0205E+03
3.0100E-01;1.0197E+03
3.0200E-01;1.0189E+03
3.0300E-01;1.0181E+03
3.0400E-01;1.0173E+03
3.0500E-01;1.0164E+03
3.0600E-01;1.0156E+03
3.0700E-01;1.0148E+03
3.0800E-01;1.0140E+03
3.0900E-01;1.0132E+03
3.1000E-01;1.0124E+03
3.1100E-01;1.0115E+03
3.1200E-01;1.0107E+03
3.1300E-01;1.0099E+03
3.1400E-01;1.0091E+03
3.1500E-01;1.0083E+03
3.1600E-01;1.0075E+03
3.1700E-01;1.0067E+03
3.1800E-01;1.0059E+03
3.1900E-01;1.0050E+03
3.2000E-01;1.0042E+03
3.2100E-01;1.0034E+03
3.2200E-01;1.0026E+03
3.2300E-01;1.0018E+03
3.2400E-01;1.0010E+03
3.2500E-01;1.0002E+03
3.2600E-01;9.9937E+02
3.2700E-01;9.9856E+02
3.2800E-01;9.9776E+02
3.2900E-01;9.9695E+02
3.3000E-01;9.9614E+02
3.3100E-01;9.9534E+02
3.3200E-01;9.9453E+02
3.3300E-01;9.9373E+02
3.3400E-01;9.9292E+02
3.3500E-01;9.9212E+02
3.3600E-01;9.9131E+02
3.3700E-01;9.9051E+02
3.3800E-01;9.8971E+02
3.3900E-01;9.8891E+02
3.4000E-01;9.8811E+02
3.4100E-01;9.8730E+02
3.4200E-01;9.8650E+02
3.4300E-01;9.8570E+02
3.4400E-01;9.8490E+02
3.4500E-01;9.8411E+02
3.4600E-01;9.8331E+02
3.4700E-01;9.8251E+02
3.4800E-01;9.8171E+02
3.4900E-01;9.8092E+02
3.5000E-01;9.8012E+02
3.5100E-01;9.7932E+02
3.5200E-01;9.7853E+02
3.5300E-01;9.7773E+02
3.5400E-01;9.7694E+02
3.5500E-01;9.7614E+02
3.5600E-01;9.7535E+02
3.5700E-01;9.7456E+02
3.5800E-01;9.7377E+02
3.5900E-01;9.7297E+02
3.6000E-01;9.7218E+02
3.6100E-01;9.7139E+02
3.6200E-01;9.7060E+02
3.6300E-01;9.6981E+02
3.6400E-01;9.6902E+02
3.6500E-01;9.6824E+02
3.6600E-01;9.6745E+02
3.6700E-01;9.6666E+02
3.6800E-01;9.6587E+02
3.6900E-01;9.6509E+02
3.7000E-01;9.6430E+02
3.7100E-01;9.6352E+02
3.7200E-01;9.6273E+02
3.7300E-01;9.6195E+02
3.7400E-01;9.6116E+02
3.7500E-01;9.6038E+02
3.7600E-01;9.5960E+02
3.7700E-01;9.5881E+02
3.7800E-01;9.5803E+02
3.7900E-01;9.5725E+02
3.8000E-01;9.5647E+02
3.8100E-01;9.5569E+02
3.8200E-01;9.5491E+02
3.8300E-01;9.5413E+02
3.8400E-01;9.5336E+02
3.8500E-01;9.5258E+02
3.8600E-01;9.5180E+02
3.8700E-01;9.5102E+02
3.8800E-01;9.5025E+02
3.8900E-01;9.4947E+02
3.9000E-01;9.4870E+02
3.9100E-01;9.4792E+02
3.9200E-01;9.4715E+02
3.9300E-01;9.4638E+02
3.9400E-01;9.4560E+02
3.9500E-01;9.4483E+02
3.9600E-01;9.4406E+02
3.9700E-01;9.4329E+02
3.9800E-01;9.4252E+02
3.9900E-01;9.4175E+02
4.0000E-01;9.4098E+02
4.0100E-01;9.4021E+02
4.0200E-01;9.3944E+02
4.0300E-01;9.3868E+02
4.0400E-01;9.3791E+02
4.0500E-01;9.3714E+02
4.0600E-01;9.3638E+02
4.0700E-01;9.3561E+02
4.0800E-01;9.3485E+02
4.0900E-01;9.3409E+02
4.1000E-01;9.3332E+02
4.1100E-01;9.3256E+02
4.1200E-01;9.3180E+02
4.1300E-01;9.3104E+02
4.1400E-01;9.3028E+02
4.1500E-01;9.2951E+02
4.1600E-01;9.2876E+02
4.1700E-01;9.2800E+02
4.1800E-01;9.2724E+02
4.1900E-01;9.2649E+02
4.2000E-01;9.2573E+02
4.2100E-01;9.2498E+02
4.2200E-01;9.2422E+02
4.2300E-01;9.2347E+02
4.2400E-01;9.2272E+02
4.2500E-01;9.2196E+02
4.2600E-01;9.2121E+02
4.2700E-01;9.2046E+02
4.2800E-01;9.1971E+02
4.2900E-01;9.1896E+02
4.3000E-01;9.1821E+02
4.3100E-01;9.1746E+02
4.3200E-01;9.1672E+02
4.3300E-01;9.1597E+02
4.3400E-01;9.1522E+02
4.3500E-01;9.1448E+02
4.3600E-01;9.1373E+02
4.3700E-01;9.1299E+02
4.3800E-01;9.1224E+02
4.3900E-01;9.1150E+02
4.4000E-01;9.1076E+02
4.4100E-01;9.1001E+02
4.4200E-01;9.0927E+02
4.4300E-01;9.0853E+02
4.4400E-01;9.0779E+02
4.4500E-01;9.0705E+02
4.4600E-01;9.0631E+02
4.4700E-01;9.0558E+02
4.4800E-01;9.0484E+02
4.4900E-01;9.0410E+02
4.5000E-01;9.0336E+02
4.5100E-01;9.0263E+02
4.5200E-01;9.0189E+02
4.5300E-01;9.0116E+02
4.5400E-01;9.0043E+02
4.5500E-01;8.9969E+02
4.5600E-01;8.9896E+02
4.5700E-01;8.9823E+02
4.5800E-01;8.9750E+02
4.5900E-01;8.9677E+02
4.6000E-01;8.9604E+02
4.6100E-01;8.9531E+02
4.6200E-01;8.9458E+02
4.6300E-01;8.9385E+02
4.6400E-01;8.9313E+02
4.6500E-01;8.9240E+02
4.6600E-01;8.9167E+02
4.6700E-01;8.9095E+02
4.6800E-01;8.9023E+02
4.6900E-01;8.8950E+02
4.7000E-01;8.8878E+02
4.7100E-01;8.8806E+02
4.7200E-01;8.8734E+02
4.7300E-01;8.8662E+02
4.7400E-01;8.8589E+02
4.7500E-01;8.8518E+02
4.7600E-01;8.8446E+02
4.7700E-01;8.8374E+02
4.7800E-01;8.8302E+02
4.7900E-01;8.8231E+02
4.8000E-01;8.8159E+02
4.8100E-01;8.8087E+02
4.8200E-01;8.8016E+02
4.8300E-01;8.7945E+02
4.8400E-01;8.7873E+02
4.8500E-01;8.7802E+02
4.8600E-01;8.7731E+02
4.8700E-01;8.7660E+02
4.8800E-01;8.7589E+02
4.8900E-01;8.7518E+02
4.9000E-01;8.7447E+02
4.9100E-01;8.7376E+02
4.9200E-01;8.7305E+02
4.9300E-01;8.7235E+02
4.9400E-01;8.7164E+02
4.9500E-01;8.7094E+02
4.9600E-01;8.7023E+02
4.9700E-01;8.6953E+02
4.9800E-01;8.6883E+02
4.9900E-01;8.6812E+02
5.0000E-01;8.6742E+02
5.0100E-01;8.6672E+02
5.0200E-01;8.6602E+02
5.0300E-01;8.6532E+02
5.0400E-01;8.6462E+02
5.0500E-01;8.6393E+02
5.0600E-01;8.6323E+02
5.0700E-01;8.6253E+02
5.0800E-01;8.6184E+02
5.0900E-01;8.6114E+02
5.1000E-01;8.6045E+02
5.1100E-01;8.5976E+02
5.1200E-01;8.5906E+02
5.1300E-01;8.5837E+02
5.1400E-01;8.5768E+02
5.1500E-01;8.5699E+02
5.1600E-01;8.5630E+02
5.1700E-01;8.5561E+02
5.1800E-01;8.5492E+02
5.1900E-01;8.5424E+02
5.2000E-01;8.5355E+02
5.2100E-01;8.5287E+02
5.2200E-01;8.5218E+02
5.2300E-01;8.5150E+02
5.2400E-01;8.5081E+02
5.2500E-01;8.5013E+02
5.2600E-01;8.4945E+02
5.2700E-01;8.4877E+02
5.2800E-01;8.4809E+02
5.2900E-01;8.4741E+02
5.3000E-01;8.4673E+02
5.3100E-01;8.4605E+02
5.3200E-01;8.4538E+02
5.3300E-01;8.4470E+02
5.3400E-01;8.4403E+02
5.3500E-01;8.4332E+02
5.3600E-01;8.4221E+02
5.3700E-01;8.4127E+02
5.3800E-01;8.4034E+02
5.3900E-01;8.3941E+02
5.4000E-01;8.3849E+02
5.4100E-01;8.3756E+02
5.4200E-01;8.3663E+02
5.4300E-01;8.3570E+02
5.4400E-01;8.3477E+02
5.4500E-01;8.3384E+02
5.4600E-01;8.3292E+02
5.4700E-01;8.3199E+02
5.4800E-01;8.3106E+02
5.4900E-01;8.3014E+02
5.5000E-01;8.2921E+02
5.5100E-01;8.2828E+02
5.5200E-01;8.2736E+02
5.5300E-01;8.2644E+02
5.5400E-01;8.2551E+02
5.5500E-01;8.2459E+02
5.5600E-01;8.2366E+02
5.5700E-01;8.2274E+02
5.5800E-01;8.2182E+02
5.5900E-01;8.2090E+02
5.6000E-01;8.1997E+02
5.6100E-01;8.1905E+02
5.6200E-01;8.1813E+02
5.6300E-01;8.1721E+02
5.6400E-01;8.1629E+02
5.6500E-01;8.1537E+02
5.6600E-01;8.1445E+02
5.6700E-01;8.1353E+02
5.6800E-01;8.1261E+02
5.6900E-01;8.1170E+02
5.7000E-01;8.1078E+02
5.7100E-01;8.0986E+02
5.7200E-01;8.0894E+02
5.7300E-01;8.0803E+02
5.7400E-01;8.0711E+02
5.7500E-01;8.0620E+02
5.7600E-01;8.0528E+02
5.7700E-01;8.0437E+02
5.7800E-01;8.0345E+02
5.7900E-01;8.0254E+02
5.8000E-01;8.0162E+02
5.8100E-01;8.0071E+02
5.8200E-01;7.9980E+02
5.8300E-01;7.9889E+02
5.8400E-01;7.9798E+02
5.8500E-01;7.9706E+02
5.8600E-01;7.9615E+02
5.8700E-01;7.9524E+02
5.8800E-01;7.9433E+02
5.8900E-01;7.9342E+02
5.9000E-01;7.9251E+02
5.9100E-01;7.9161E+02
5.9200E-01;7.9070E+02
5.9300E-01;7.8979E+02
5.9400E-01;7.8888E+02
5.9500E-01;7.8798E+02
5.9600E-01;7.8707E+02
5.9700E-01;7.8616E+02
5.9800E-01;7.8526E+02
5.9900E-01;7.8435E+02
6.0000E-01;7.8345E+02
6.0100E-01;7.8254E+02
6.0200E-01;7.8164E+02
6.0300E-01;7.8074E+02
6.0400E-01;7.7983E+02
6.0500E-01;7.7893E+02
6.0600E-01;7.7803E+02
6.0700E-01;7.7713E+02
6.0800E-01;7.7623E+02
6.0900E-01;7.7533E+02
6.1000E-01;7.7443E+02
6.1100E-01;7.7353E+02
6.1200E-01;7.7263E+02
6.1300E-01;7.7173E+02
6.1400E-01;7.7083E+02
6.1500E-01;7.6994E+02
6.1600E-01;7.6904E+02
6.1700E-01;7.6814E+02
6.1800E-01;7.6725E+02
6.1900E-01;7.6635E+02
6.2000E-01;7.6546E+02
6.2100E-01;7.6456E+02
6.2200E-01;7.6367E+02
6.2300E-01;7.6277E+02
6.2400E-01;7.6188E+02
6.2500E-01;7.6099E+02
6.2600E-01;7.6010E+02
6.2700E-01;7.5921E+02
6.2800E-01;7.5831E+02
6.2900E-01;7.5742E+02
6.3000E-01;7.5653E+02
6.3100E-01;7.5564E+02
6.3200E-01;7.5476E+02
6.3300E-01;7.5387E+02
6.3400E-01;7.5298E+02
6.3500E-01;7.5209E+02
6.3600E-01;7.5120E+02
6.3700E-01;7.5032E+02
6.3800E-01;7.4943E+02
6.3900E-01;7.4855E+02
6.4000E-01;7.4766E+02
6.4100E-01;7.4678E+02
6.4200E-01;7.4589E+02
6.4300E-01;7.4501E+02
6.4400E-01;7.4413E+02
6.4500E-01;7.4325E+02
6.4600E-01;7.4237E+02
6.4700E-01;7.4148E+02
6.4800E-01;7.4060E+02
6.4900E-01;7.3972E+02
6.5000E-01;7.3884E+02
6.5100E-01;7.3797E+02
6.5200E-01;7.3709E+02
6.5300E-01;7.3621E+02
6.5400E-01;7.3533E+02
6.5500E-01;7.3446E+02
6.5600E-01;7.3358E+02
6.5700E-01;7.3270E+02
6.5800E-01;7.3183E+02
6.5900E-01;7.3096E+02
6.6000E-01;7.3008E+02
6.6100E-01;7.2921E+02
6.6200E-01;7.2834E+02
6.6300E-01;7.2746E+02
6.6400E-01;7.2659E+02
6.6500E-01;7.2572E+02
6.6600E-01;7.2485E+02
6.6700E-01;7.2398E+02
6.6800E-01;7.2311E+02
6.6900E-01;7.2224E+02
6.7000E-01;7.2138E+02
6.7100E-01;7.2051E+02
6.7200E-01;7.1964E+02
6.7300E-01;7.1878E+02
6.7400E-01;7.1791E+02
6.7500E-01;7.1705E+02
6.7600E-01;7.1618E+02
6.7700E-01;7.1532E+02
6.7800E-01;7.1445E+02
6.7900E-01;7.1359E+02
6.8000E-01;7.1273E+02
6.8100E-01;7.1187E+02
6.8200E-01;7.1101E+02
6.8300E-01;7.1015E+02
6.8400E-01;7.0929E+02
6.8500E-01;7.0843E+02
6.8600E-01;7.0757E+02
6.8700E-01;7.0671E+02
6.8800E-01;7.0586E+02
6.8900E-01;7.0500E+02
6.9000E-01;7.0414E+02
6.9100E-01;7.0329E+02
6.9200E-01;7.0243E+02
6.9300E-01;7.0158E+02
6.9400E-01;7.0073E+02
6.9500E-01;6.9988E+02
6.9600E-01;6.9902E+02
6.9700E-01;6.9817E+02
6.9800E-01;6.9732E+02
6.9900E-01;6.9647E+02
7.0000E-01;6.9562E+02
7.0100E-01;6.9477E+02
7.0200E-01;6.9393E+02
7.0300E-01;6.9308E+02
7.0400E-01;6.9223E+02
7.0500E-01;6.9139E+02
7.0600E-01;6.9054E+02
7.0700E-01;6.8970E+02
7.0800E-01;6.8885E+02
7.0900E-01;6.8801E+02
7.1000E-01;6.8717E+02
7.1100E-01;6.8633E+02
7.1200E-01;6.8548E+02
7.1300E-01;6.8464E+02
7.1400E-01;6.8380E+02
7.1500E-01;6.8296E+02
7.1600E-01;6.8213E+02
7.1700E-01;6.8129E+02
7.1800E-01;6.8045E+02
7.1900E-01;6.7962E+02
7.2000E-01;6.7878E+02
7.2100E-01;6.7795E+02
7.2200E-01;6.7711E+02
7.2300E-01;6.7628E+02
7.2400E-01;6.7545E+02
7.2500E-01;6.7461E+02
7.2600E-01;6.7378E+02
7.2700E-01;6.7295E+02
7.2800E-01;6.7212E+02
7.2900E-01;6.7129E+02
7.3000E-01;6.7046E+02
7.3100E-01;6.6964E+02
7.3200E-01;6.6881E+02
7.3300E-01;6.6798E+02
7.3400E-01;6.6716E+02
7.3500E-01;6.6633E+02
7.3600E-01;6.6551E+02
7.3700E-01;6.6469E+02
7.3800E-01;6.6386E+02
7.3900E-01;6.6304E+02
7.4000E-01;6.6222E+02
7.4100E-01;6.6140E+02
7.4200E-01;6.6058E+02
7.4300E-01;6.5976E+02
7.4400E-01;6.5895E+02
7.4500E-01;6.5813E+02
7.4600E-01;6.5731E+02
7.4700E-01;6.5650E+02
7.4800E-01;6.5568E+02
7.4900E-01;6.5487E+02
7.5000E-01;6.5406E+02
7.5100E-01;6.5324E+02
7.5200E-01;6.5243E+02
7.5300E-01;6.5162E+02
7.5400E-01;6.5081E+02
7.5500E-01;6.5000E+02
7.5600E-01;6.4919E+02
7.5700E-01;6.4839E+02
7.5800E-01;6.4758E+02
7.5900E-01;6.4677E+02
7.6000E-01;6.4597E+02
7.6100E-01;6.4517E+02
7.6200E-01;6.4436E+02
7.6300E-01;6.4356E+02
7.6400E-01;6.4276E+02
7.6500E-01;6.4196E+02
7.6600E-01;6.4115E+02
7.6700E-01;6.4035E+02
7.6800E-01;6.3955E+02
7.6900E-01;6.3875E+02
7.7000E-01;6.3794E+02
7.7100E-01;6.3714E+02
7.7200E-01;6.3634E+02
7.7300E-01;6.3554E+02
7.7400E-01;6.3474E+02
7.7500E-01;6.3393E+02
7.7600E-01;6.3313E+02
7.7700E-01;6.3233E+02
7.7800E-01;6.3153E+02
7.7900E-01;6.3073E+02
7.8000E-01;6.2993E+02
7.8100E-01;6.2913E+02
7.8200E-01;6.2833E+02
7.8300E-01;6.2753E+02
7.8400E-01;6.2673E+02
7.8500E-01;6.2593E+02
7.8600E-01;6.2513E+02
7.8700E-01;6.2433E+02
7.8800E-01;6.2353E+02
7.8900E-01;6.2273E+02
7.9000E-01;6.2193E+02
7.9100E-01;6.2113E+02
7.9200E-01;6.2033E+02
7.9300E-01;6.1953E+02
7.9400E-01;6.1873E+02
7.9500E-01;6.1793E+02
7.9600E-01;6.1713E+02
7.9700E-01;6.1634E+02
7.9800E-01;6.1554E+02
7.9900E-01;6.1474E+02
8.0000E-01;6.1394E+02
8.0100E-01;6.1314E+02
8.0200E-01;6.1235E+02
8.0300E-01;6.1155E+02
8.0400E-01;6.1075E+02
8.0500E-01;6.0996E+02
8.0600E-01;6.0916E+02
8.0700E-01;6.0836E+02
8.0800E-01;6.0757E+02
8.0900E-01;6.0677E+02
8.1000E-01;6.0597E+02
8.1100E-01;6.0518E+02
8.1200E-01;6.0438E+02
8.1300E-01;6.0359E+02
8.1400E-01;6.0279E+02
8.1500E-01;6.0199E+02
8.1600E-01;6.0120E+02
8.1700E-01;6.0040E+02
8.1800E-01;5.9961E+02
8.1900E-01;5.9882E+02
8.2000E-01;5.9802E+02
8.2100E-01;5.9723E+02
8.2200E-01;5.9643E+02
8.2300E-01;5.9564E+02
8.2400E-01;5.9484E+02
8.2500E-01;5.9405E+02
8.2600E-01;5.9326E+02
8.2700E-01;5.9246E+02
8.2800E-01;5.9167E+02
8.2900E-01;5.9088E+02
8.3000E-01;5.9009E+02
8.3100E-01;5.8929E+02
8.3200E-01;5.8850E+02
8.3300E-01;5.8771E+02
8.3400E-01;5.8692E+02
8.3500E-01;5.8613E+02
8.3600E-01;5.8533E+02
8.3700E-01;5.8454E+02
8.3800E-01;5.8375E+02
8.3900E-01;5.8296E+02
8.4000E-01;5.8217E+02
8.4100E-01;5.8138E+02
8.4200E-01;5.8059E+02
8.4300E-01;5.7980E+02
8.4400E-01;5.7901E+02
8.4500E-01;5.7822E+02
8.4600E-01;5.7743E+02
8.4700E-01;5.7664E+02
8.4800E-01;5.7585E+02
8.4900E-01;5.7506E+02
8.5000E-01;5.7427E+02
8.5100E-01;5.7348E+02
8.5200E-01;5.7269E+02
8.5300E-01;5.7191E+02
8.5400E-01;5.7112E+02
8.5500E-01;5.7033E+02
8.5600E-01;5.6954E+02
8.5700E-01;5.6875E+02
8.5800E-01;5.6797E+02
8.5900E-01;5.6718E+02
8.6000E-01;5.6639E+02
8.6100E-01;5.6561E+02
8.6200E-01;5.6482E+02
8.6300E-01;5.6403E+02
8.6400E-01;5.6325E+02
8.6500E-01;5.6246E+02
8.6600E-01;5.6168E+02
8.6700E-01;5.6089E+02
8.6800E-01;5.6011E+02
8.6900E-01;5.5932E+02
8.7000E-01;5.5854E+02
8.7100E-01;5.5775E+02
8.7200E-01;5.5697E+02
8.7300E-01;5.5618E+02
8.7400E-01;5.5540E+02
8.7500E-01;5.5462E+02
8.7600E-01;5.5383E+02
8.7700E-01;5.5305E+02
8.7800E-01;5.5227E+02
8.7900E-01;5.5148E+02
8.8000E-01;5.5070E+02
8.8100E-01;5.4992E+02
8.8200E-01;5.4914E+02
8.8300E-01;5.4835E+02
8.8400E-01;5.4757E+02
8.8500E-01;5.4679E+02
8.8600E-01;5.4601E+02
8.8700E-01;5.4523E+02
8.8800E-01;5.4445E+02
8.8900E-01;5.4367E+02
8.9000E-01;5.4289E+02
8.9100E-01;5.4211E+02
8.9200E-01;5.4133E+02
8.9300E-01;5.4055E+02
8.9400E-01;5.3977E+02
8.9500E-01;5.3899E+02
8.9600E-01;5.3821E+02
8.9700E-01;5.3743E+02
8.9800E-01;5.3665E+02
8.9900E-01;5.3587E+02
9.0000E-01;5.3510E+02
9.0100E-01;5.3432E+02
9.0200E-01;5.3354E+02
9.0300E-01;5.3276E+02
9.0400E-01;5.3199E+02
9.0500E-01;5.3121E+02
9.0600E-01;5.3043E+02
9.0700E-01;5.2966E+02
9.0800E-01;5.2888E+02
9.0900E-01;5.2811E+02
9.1000E-01;5.2733E+02
9.1100E-01;5.2656E+02
9.1200E-01;5.2578E+02
9.1300E-01;5.2501E+02
9.1400E-01;5.2423E+02
9.1500E-01;5.2346E+02
9.1600E-01;5.2268E+02
9.1700E-01;5.2191E+02
9.1800E-01;5.2114E+02
9.1900E-01;5.2036E+02
9.2000E-01;5.1959E+02
9.2100E-01;5.1882E+02
9.2200E-01;5.1805E+02
9.2300E-01;5.1727E+02
9.2400E-01;5.1650E+02
9.2500E-01;5.1573E+02
9.2600E-01;5.1496E+02
9.2700E-01;5.1419E+02
9.2800E-01;5.1342E+02
9.2900E-01;5.1265E+02
9.3000E-01;5.1188E+02
9.3100E-01;5.1111E+02
9.3200E-01;5.1034E+02
9.3300E-01;5.0957E+02
9.3400E-01;5.0880E+02
9.3500E-01;5.0803E+02
9.3600E-01;5.0726E+02
9.3700E-01;5.0649E+02
9.3800E-01;5.0573E+02
9.3900E-01;5.0496E+02
9.4000E-01;5.0419E+02
9.4100E-01;5.0342E+02
9.4200E-01;5.0266E+02
9.4300E-01;5.0189E+02
9.4400E-01;5.0113E+02
9.4500E-01;5.0036E+02
9.4600E-01;4.9959E+02
9.4700E-01;4.9883E+02
9.4800E-01;4.9806E+02
9.4900E-01;4.9730E+02
9.5000E-01;4.9653E+02
9.5100E-01;4.9577E+02
9.5200E-01;4.9501E+02
9.5300E-01;4.9424E+02
9.5400E-01;4.9348E+02
9.5500E-01;4.9272E+02
9.5600E-01;4.9196E+02
9.5700E-01;4.9119E+02
9.5800E-01;4.9043E+02
9.5900E-01;4.8967E+02
9.6000E-01;4.8891E+02
9.6100E-01;4.8815E+02
9.6200E-01;4.8739E+02
9.6300E-01;4.8663E+02
9.6400E-01;4.8587E+02
9.6500E-01;4.8511E+02
9.6600E-01;4.8435E+02
9.6700E-01;4.8359E+02
9.6800E-01;4.8283E+02
9.6900E-01;4.8207E+02
9.7000E-01;4.8131E+02
9.7100E-01;4.8056E+02
9.7200E-01;4.7980E+02
9.7300E-01;4.7904E+02
9.7400E-01;4.7829E+02
9.7500E-01;4.7753E+02
9.7600E-01;4.7677E+02
9.7700E-01;4.7602E+02
9.7800E-01;4.7526E+02
9.7900E-01;4.7451E+02
9.8000E-01;4.7375E+02
9.8100E-01;4.7300E+02
9.8200E-01;4.7225E+02
9.8300E-01;4.7149E+02
9.8400E-01;4.7074E+02
9.8500E-01;4.6999E+02
9.8600E-01;4.6923E+02
9.8700E-01;4.6848E+02
9.8800E-01;4.6773E+02
9.8900E-01;4.6698E+02
9.9000E-01;4.6623E+02
9.9100E-01;4.6548E+02
9.9200E-01;4.6473E+02
9.9300E-01;4.6398E+02
9.9400E-01;4.6323E+02
9.9500E-01;4.6248E+02
9.9600E-01;4.6151E+02
9.9700E-01;4.6043E+02
9.9800E-01;4.5935E+02
9.9900E-01;4.5860E+02
1.0000E+00;4.5795E+02
1.0010E+00;4.5730E+02
1.0020E+00;4.5666E+02
1.0030E+00;4.5604E+02
1.0040E+00;4.5554E+02
1.0050E+00;4.5504E+02
1.0060E+00;4.5453E+02
1.0070E+00;4.5403E+02
1.0080E+00;4.5353E+02
1.0090E+00;4.5303E+02
1.0100E+00;4.5252E+02
1.0110E+00;4.5202E+02
1.0120E+00;4.5152E+02
1.0130E+00;4.5102E+02
1.0140E+00;4.5052E+02
1.0150E+00;4.5001E+02
1.0160E+00;4.4951E+02
1.0170E+00;4.4901E+02
1.0180E+00;4.4851E+02
1.0190E+00;4.4801E+02
1.0200E+00;4.4751E+02
1.0210E+00;4.4701E+02
1.0220E+00;4.4651E+02
1.0230E+00;4.4601E+02
1.0240E+00;4.4551E+02
1.0250E+00;4.4501E+02
1.0260E+00;4.4451E+02
1.0270E+00;4.4401E+02
1.0280E+00;4.4351E+02
1.0290E+00;4.4301E+02
1.0300E+00;4.4251E+02
1.0310E+00;4.4201E+02
1.0320E+00;4.4151E+02
1.0330E+00;4.4101E+02
1.0340E+00;4.4051E+02
1.0350E+00;4.4001E+02
1.0360E+00;4.3951E+02
1.0370E+00;4.3902E+02
1.0380E+00;4.3852E+02
1.0390E+00;4.3802E+02
1.0400E+00;4.3752E+02
1.0410E+00;4.3702E+02
1.0420E+00;4.3653E+02
1.0430E+00;4.3603E+02
1.0440E+00;4.3553E+02
1.0450E+00;4.3503E+02
1.0460E+00;4.3454E+02
1.0470E+00;4.3404E+02
1.0480E+00;4.3354E+02
1.0490E+00;4.3305E+02
1.0500E+00;4.3255E+02
1.0510E+00;4.3205E+02
1.0520E+00;4.3156E+02
1.0530E+00;4.3106E+02
1.0540E+00;4.3057E+02
1.0550E+00;4.3007E+02
1.0560E+00;4.2958E+02
1.0570E+00;4.2908E+02
1.0580E+00;4.2858E+02
1.0590E+00;4.2809E+02
1.0600E+00;4.2759E+02
1.0610E+00;4.2710E+02
1.0620E+00;4.2661E+02
1.0630E+00;4.2611E+02
1.0640E+00;4.2562E+02
1.0650E+00;4.2512E+02
1.0660E+00;4.2463E+02
1.0670E+00;4.2413E+02
1.0680E+00;4.2364E+02
1.0690E+00;4.2315E+02
1.0700E+00;4.2265E+02
1.0710E+00;4.2216E+02
1.0720E+00;4.2167E+02
1.0730E+00;4.2118E+02
1.0740E+00;4.2068E+02
1.0750E+00;4.2019E+02
1.0760E+00;4.1970E+02
1.0770E+00;4.1921E+02
1.0780E+00;4.1871E+02
1.0790E+00;4.1822E+02
1.0800E+00;4.1773E+02
1.0810E+00;4.1724E+02
1.0820E+00;4.1675E+02
1.0830E+00;4.1626E+02
1.0840E+00;4.1577E+02
1.0850E+00;4.1528E+02
1.0860E+00;4.1479E+02
1.0870E+00;4.1429E+02
1.0880E+00;4.1380E+02
1.0890E+00;4.1331E+02
1.0900E+00;4.1282E+02
1.0910E+00;4.1233E+02
1.0920E+00;4.1185E+02
1.0930E+00;4.1136E+02
1.0940E+00;4.1087E+02
1.0950E+00;4.1038E+02
1.0960E+00;4.0989E+02
1.0970E+00;4.0940E+02
1.0980E+00;4.0891E+02
1.0990E+00;4.0842E+02
1.1000E+00;4.0794E+02
1.1010E+00;4.0745E+02
1.1020E+00;4.0696E+02
1.1030E+00;4.0647E+02
1.1040E+00;4.0599E+02
1.1050E+00;4.0550E+02
1.1060E+00;4.0501E+02
1.1070E+00;4.0452E+02
1.1080E+00;4.0404E+02
1.1090E+00;4.0355E+02
1.1100E+00;4.0307E+02
1.1110E+00;4.0258E+02
1.1120E+00;4.0209E+02
1.1130E+00;4.0161E+02
1.1140E+00;4.0112E+02
1.1150E+00;4.0064E+02
1.1160E+00;4.0015E+02
1.1170E+00;3.9967E+02
1.1180E+00;3.9918E+02
1.1190E+00;3.9870E+02
1.1200E+00;3.9821E+02
1.1210E+00;3.9773E+02
1.1220E+00;3.9725E+02
1.1230E+00;3.9676E+02
1.1240E+00;3.9628E+02
1.1250E+00;3.9580E+02
1.1260E+00;3.9531E+02
1.1270E+00;3.9483E+02
1.1280E+00;3.9435E+02
1.1290E+00;3.9386E+02
1.1300E+00;3.9338E+02
1.1310E+00;3.9290E+02
1.1320E+00;3.9242E+02
1.1330E+00;3.9194E+02
1.1340E+00;3.9146E+02
1.1350E+00;3.9097E+02
1.1360E+00;3.9049E+02
1.1370E+00;3.9001E+02
1.1380E+00;3.8953E+02
1.1390E+00;3.8905E+02
1.1400E+00;3.8857E+02
1.1410E+00;3.8809E+02
1.1420E+00;3.8761E+02
1.1430E+00;3.8713E+02
1.1440E+00;3.8665E+02
1.1450E+00;3.8617E+02
1.1460E+00;3.8570E+02
1.1470E+00;3.8522E+02
1.1480E+00;3.8474E+02
1.1490E+00;3.8426E+02
1.1500E+00;3.8378E+02
1.1510E+00;3.8330E+02
1.1520E+00;3.8283E+02
1.1530E+00;3.8235E+02
1.1540E+00;3.8187E+02
1.1550E+00;3.8140E+02
1.1560E+00;3.8092E+02
1.1570E+00;3.8044E+02
1.1580E+00;3.7997E+02
1.1590E+00;3.7949E+02
1.1600E+00;3.7901E+02
1.1610E+00;3.7854E+02
1.1620E+00;3.7806E+02
1.1630E+00;3.7759E+02
1.1640E+00;3.7711E+02
1.1650E+00;3.7664E+02
1.1660E+00;3.7616E+02
1.1670E+00;3.7569E+02
1.1680E+00;3.7522E+02
1.1690E+00;3.7474E+02
1.1700E+00;3.7427E+02
1.1710E+00;3.7380E+02
1.1720E+00;3.7332E+02
1.1730E+00;3.7285E+02
1.1740E+00;3.7238E+02
1.1750E+00;3.7191E+02
1.1760E+00;3.7143E+02
1.1770E+00;3.7096E+02
1.1780E+00;3.7049E+02
1.1790E+00;3.7002E+02
1.1800E+00;3.6955E+02
1.1810E+00;3.6908E+02
1.1820E+00;3.6861E+02
1.1830E+00;3.6814E+02
1.1840E+00;3.6767E+02
1.1850E+00;3.6720E+02
1.1860E+00;3.6673E+02
1.1870E+00;3.6626E+02
1.1880E+00;3.6579E+02
1.1890E+00;3.6532E+02
1.1900E+00;3.6485E+02
1.1910E+00;3.6438E+02
1.1920E+00;3.6392E+02
1.1930E+00;3.6345E+02
1.1940E+00;3.6298E+02
1.1950E+00;3.6251E+02
1.1960E+00;3.6205E+02
1.1970E+00;3.6158E+02
1.1980E+00;3.6111E+02
1.1990E+00;3.6065E+02
1.2000E+00;3.6018E+02
1.2010E+00;3.5972E+02
1.2020E+00;3.5925E+02
1.2030E+00;3.5878E+02
1.2040E+00;3.5832E+02
1.2050E+00;3.5786E+02
1.2060E+00;3.5739E+02
1.2070E+00;3.5693E+02
1.2080E+00;3.5646E+02
1.2090E+00;3.5600E+02
1.2100E+00;3.5554E+02
1.2110E+00;3.5507E+02
1.2120E+00;3.5461E+02
1.2130E+00;3.5415E+02
1.2140E+00;3.5369E+02
1.2150E+00;3.5323E+02
1.2160E+00;3.5276E+02
1.2170E+00;3.5230E+02
1.2180E+00;3.5184E+02
1.2190E+00;3.5138E+02
1.2200E+00;3.5092E+02
1.2210E+00;3.5046E+02
1.2220E+00;3.5000E+02
1.2230E+00;3.4954E+02
1.2240E+00;3.4908E+02
1.2250E+00;3.4862E+02
1.2260E+00;3.4816E+02
1.2270E+00;3.4771E+02
1.2280E+00;3.4725E+02
1.2290E+00;3.4679E+02
1.2300E+00;3.4633E+02
1.2310E+00;3.4588E+02
1.2320E+00;3.4542E+02
1.2330E+00;3.4496E+02
1.2340E+00;3.4451E+02
1.2350E+00;3.4405E+02
1.2360E+00;3.4360E+02
1.2370E+00;3.4314E+02
1.2380E+00;3.4268E+02
1.2390E+00;3.4223E+02
1.2400E+00;3.4178E+02
1.2410E+00;3.4132E+02
1.2420E+00;3.4087E+02
1.2430E+00;3.4041E+02
1.2440E+00;3.3996E+02
1.2450E+00;3.3951E+02
1.2460E+00;3.3906E+02
1.2470E+00;3.3860E+02
1.2480E+00;3.3815E+02
1.2490E+00;3.3770E+02
1.2500E+00;3.3725E+02
1.2510E+00;3.3680E+02
1.2520E+00;3.3635E+02
1.2530E+00;3.3590E+02
1.2540E+00;3.3545E+02
1.2550E+00;3.3499E+02
1.2560E+00;3.3453E+02
1.2570E+00;3.3407E+02
1.2580E+00;3.3361E+02
1.2590E+00;3.3315E+02
1.2600E+00;3.3269E+02
1.2610E+00;3.3223E+02
1.2620E+00;3.3177E+02
1.2630E+00;3.3131E+02
1.2640E+00;3.3085E+02
1.2650E+00;3.3039E+02
1.2660E+00;3.2993E+02
1.2670E+00;3.2947E+02
1.2680E+00;3.2901E+02
1.2690E+00;3.2855E+02
1.2700E+00;3.2809E+02
1.2710E+00;3.2763E+02
1.2720E+00;3.2717E+02
1.2730E+00;3.2671E+02
1.2740E+00;3.2625E+02
1.2750E+00;3.2579E+02
1.2760E+00;3.2533E+02
1.2770E+00;3.2488E+02
1.2780E+00;3.2442E+02
1.2790E+00;3.2396E+02
1.2800E+00;3.2350E+02
1.2810E+00;3.2304E+02
1.2820E+00;3.2258E+02
1.2830E+00;3.2213E+02
1.2840E+00;3.2167E+02
1.2850E+00;3.2121E+02
1.2860E+00;3.2075E+02
1.2870E+00;3.2030E+02
1.2880E+00;3.1984E+02
1.2890E+00;3.1938E+02
1.2900E+00;3.1893E+02
1.2910E+00;3.1847E+02
1.2920E+00;3.1801E+02
1.2930E+00;3.1756E+02
1.2940E+00;3.1710E+02
1.2950E+00;3.1664E+02
1.2960E+00;3.1619E+02
1.2970E+00;3.1573E+02
1.2980E+00;3.1528E+02
1.2990E+00;3.1482E+02
1.3000E+00;3.1436E+02
1.3010E+00;3.1391E+02
1.3020E+00;3.1345E+02
1.3030E+00;3.1300E+02
1.3040E+00;3.1254E+02
1.3050E+00;3.1209E+02
1.3060E+00;3.1163E+02
1.3070E+00;3.1118E+02
1.3080E+00;3.1073E+02
1.3090E+00;3.1027E+02
1.3100E+00;3.0982E+02
1.3110E+00;3.0936E+02
1.3120E+00;3.0891E+02
1.3130E+00;3.0846E+02
1.3140E+00;3.0800E+02
1.3150E+00;3.0755E+02
1.3160E+00;3.0710E+02
1.3170E+00;3.0664E+02
1.3180E+00;3.0619E+02
1.3190E+00;3.0574E+02
1.3200E+00;3.0528E+02
1.3210E+00;3.0483E+02
1.3220E+00;3.0438E+02
1.3230E+00;3.0393E+02
1.3240E+00;3.0348E+02
1.3250E+00;3.0302E+02
1.3260E+00;3.0257E+02
1.3270E+00;3.0212E+02
1.3280E+00;3.0167E+02
1.3290E+00;3.0122E+02
1.3300E+00;3.0077E+02
1.3310E+00;3.0032E+02
1.3320E+00;2.9986E+02
1.3330E+00;2.9941E+02
1.3340E+00;2.9896E+02
1.3350E+00;2.9851E+02
1.3360E+00;2.9806E+02
1.3370E+00;2.9761E+02
1.3380E+00;2.9716E+02
1.3390E+00;2.9671E+02
1.3400E+00;2.9626E+02
1.3410E+00;2.9582E+02
1.3420E+00;2.9537E+02
1.3430E+00;2.9492E+02
1.3440E+00;2.9447E+02
1.3450E+00;2.9402E+02
1.3460E+00;2.9357E+02
1.3470E+00;2.9312E+02
1.3480E+00;2.9267E+02
1.3490E+00;2.9223E+02
1.3500E+00;2.9178E+02
1.3510E+00;2.9133E+02
1.3520E+00;2.9088E+02
1.3530E+00;2.9044E+02
1.3540E+00;2.8999E+02
1.3550E+00;2.8954E+02
1.3560E+00;2.8914E+02
1.3570E+00;2.8887E+02
1.3580E+00;2.8860E+02
1.3590E+00;2.8832E+02
1.3600E+00;2.8805E+02
1.3610E+00;2.8778E+02
1.3620E+00;2.8750E+02
1.3630E+00;2.8723E+02
1.3640E+00;2.8696E+02
1.3650E+00;2.8668E+02
1.3660E+00;2.8641E+02
1.3670E+00;2.8614E+02
1.3680E+00;2.8586E+02
1.3690E+00;2.8559E+02
1.3700E+00;2.8532E+02
1.3710E+00;2.8505E+02
1.3720E+00;2.8477E+02
1.3730E+00;2.8450E+02
1.3740E+00;2.8423E+02
1.3750E+00;2.8395E+02
1.3760E+00;2.8368E+02
1.3770E+00;2.8341E+02
1.3780E+00;2.8314E+02
1.3790E+00;2.8286E+02
1.3800E+00;2.8259E+02
1.3810E+00;2.8232E+02
1.3820E+00;2.8205E+02
1.3830E+00;2.8177E+02
1.3840E+00;2.8150E+02
1.3850E+00;2.8123E+02
1.3860E+00;2.8095E+02
1.3870E+00;2.8068E+02
1.3880E+00;2.8041E+02
1.3890E+00;2.8014E+02
1.3900E+00;2.7986E+02
1.3910E+00;2.7959E+02
1.3920E+00;2.7932E+02
1.3930E+00;2.7905E+02
1.3940E+00;2.7877E+02
1.3950E+00;2.7850E+02
1.3960E+00;2.7823E+02
1.3970E+00;2.7796E+02
1.3980E+00;2.7769E+02
1.3990E+00;2.7741E+02
1.4000E+00;2.7714E+02
1.4010E+00;2.7687E+02
1.4020E+00;2.7660E+02
1.4030E+00;2.7632E+02
1.4040E+00;2.7605E+02
1.4050E+00;2.7578E+02
1.4060E+00;2.7551E+02
1.4070E+00;2.7524E+02
1.4080E+00;2.7496E+02
1.4090E+00;2.7469E+02
1.4100E+00;2.7442E+02
1.4110E+00;2.7415E+02
1.4120E+00;2.7387E+02
1.4130E+00;2.7360E+02
1.4140E+00;2.7333E+02
1.4150E+00;2.7306E+02
1.4160E+00;2.7279E+02
1.4170E+00;2.7251E+02
1.4180E+00;2.7224E+02
1.4190E+00;2.7197E+02
1.4200E+00;2.7170E+02
1.4210E+00;2.7143E+02
1.4220E+00;2.7116E+02
1.4230E+00;2.7088E+02
1.4240E+00;2.7061E+02
1.4250E+00;2.7034E+02
1.4260E+00;2.7007E+02
1.4270E+00;2.6980E+02
1.4280E+00;2.6952E+02
1.4290E+00;2.6925E+02
1.4300E+00;2.6898E+02
1.4310E+00;2.6871E+02
1.4320E+00;2.6844E+02
1.4330E+00;2.6817E+02
1.4340E+00;2.6790E+02
1.4350E+00;2.6762E+02
1.4360E+00;2.6735E+02
1.4370E+00;2.6708E+02
1.4380E+00;2.6681E+02
1.4390E+00;2.6654E+02
1.4400E+00;2.6627E+02
1.4410E+00;2.6600E+02
1.4420E+00;2.6572E+02
1.4430E+00;2.6545E+02
1.4440E+00;2.6518E+02
1.4450E+00;2.6491E+02
1.4460E+00;2.6464E+02
1.4470E+00;2.6437E+02
1.4480E+00;2.6410E+02
1.4490E+00;2.6383E+02
1.4500E+00;2.6355E+02
1.4510E+00;2.6328E+02
1.4520E+00;2.6301E+02
1.4530E+00;2.6274E+02
1.4540E+00;2.6247E+02
1.4550E+00;2.6220E+02
1.4560E+00;2.6193E+02
1.4570E+00;2.6166E+02
1.4580E+00;2.6139E+02
1.4590E+00;2.6111E+02
1.4600E+00;2.6084E+02
1.4610E+00;2.6057E+02
1.4620E+00;2.6030E+02
1.4630E+00;2.6003E+02
1.4640E+00;2.5976E+02
1.4650E+00;2.5949E+02
1.4660E+00;2.5922E+02
1.4670E+00;2.5895E+02
1.4680E+00;2.5868E+02
1.4690E+00;2.5841E+02
1.4700E+00;2.5814E+02
1.4710E+00;2.5787E+02
1.4720E+00;2.5760E+02
1.4730E+00;2.5732E+02
1.4740E+00;2.5705E+02
1.4750E+00;2.5678E+02
1.4760E+00;2.5651E+02
1.4770E+00;2.5624E+02
1.4780E+00;2.5597E+02
1.4790E+00;2.5570E+02
1.4800E+00;2.5543E+02
1.4810E+00;2.5516E+02
1.4820E+00;2.5489E+02
1.4830E+00;2.5462E+02
1.4840E+00;2.5435E+02
1.4850E+00;2.5408E+02
1.4860E+00;2.5381E+02
1.4870E+00;2.5354E+02
1.4880E+00;2.5327E+02
1.4890E+00;2.5300E+02
1.4900E+00;2.5273E+02
1.4910E+00;2.5246E+02
1.4920E+00;2.5219E+02
1.4930E+00;2.5192E+02
1.4940E+00;2.5165E+02
1.4950E+00;2.5138E+02
1.4960E+00;2.5111E+02
1.4970E+00;2.5084E+02
1.4980E+00;2.5057E+02
1.4990E+00;2.5030E+02
1.5000E+00;2.5003E+02
1.5010E+00;2.4976E+02
1.5020E+00;2.4949E+02
1.5030E+00;2.4922E+02
1.5040E+00;2.4895E+02
1.5050E+00;2.4868E+02
1.5060E+00;2.4841E+02
1.5070E+00;2.4814E+02
1.5080E+00;2.4787E+02
1.5090E+00;2.4760E+02
1.5100E+00;2.4733E+02
1.5110E+00;2.4706E+02
1.5120E+00;2.4680E+02
1.5130E+00;2.4653E+02
1.5140E+00;2.4626E+02
1.5150E+00;2.4599E+02
1.5160E+00;2.4572E+02
1.5170E+00;2.4545E+02
1.5180E+00;2.4518E+02
1.5190E+00;2.4491E+02
1.5200E+00;2.4464E+02
1.5210E+00;2.4437E+02
1.5220E+00;2.4410E+02
1.5230E+00;2.4383E+02
1.5240E+00;2.4356E+02
1.5250E+00;2.4330E+02
1.5260E+00;2.4303E+02
1.5270E+00;2.4276E+02
1.5280E+00;2.4249E+02
1.5290E+00;2.4222E+02
1.5300E+00;2.4195E+02
1.5310E+00;2.4168E+02
1.5320E+00;2.4141E+02
1.5330E+00;2.4114E+02
1.5340E+00;2.4088E+02
1.5350E+00;2.4061E+02
1.5360E+00;2.4034E+02
1.5370E+00;2.4007E+02
1.5380E+00;2.3980E+02
1.5390E+00;2.3953E+02
1.5400E+00;2.3926E+02
1.5410E+00;2.3900E+02
1.5420E+00;2.3873E+02
1.5430E+00;2.3846E+02
1.5440E+00;2.3819E+02
1.5450E+00;2.3792E+02
1.5460E+00;2.3765E+02
1.5470E+00;2.3738E+02
1.5480E+00;2.3712E+02
1.5490E+00;2.3685E+02
1.5500E+00;2.3658E+02
1.5510E+00;2.3631E+02
1.5520E+00;2.3604E+02
1.5530E+00;2.3578E+02
1.5540E+00;2.3551E+02
1.5550E+00;2.3524E+02
1.5560E+00;2.3497E+02
1.5570E+00;2.3470E+02
1.5580E+00;2.3444E+02
1.5590E+00;2.3417E+02
1.5600E+00;2.3390E+02
1.5610E+00;2.3363E+02
1.5620E+00;2.3336E+02
1.5630E+00;2.3310E+02
1.5640E+00;2.3283E+02
1.5650E+00;2.3256E+02
1.5660E+00;2.3229E+02
1.5670E+00;2.3203E+02
1.5680E+00;2.3176E+02
1.5690E+00;2.3149E+02
1.5700E+00;2.3122E+02
1.5710E+00;2.3096E+02
1.5720E+00;2.3069E+02
1.5730E+00;2.3042E+02
1.5740E+00;2.3015E+02
1.5750E+00;2.2989E+02
1.5760E+00;2.2962E+02
1.5770E+00;2.2935E+02
1.5780E+00;2.2909E+02
1.5790E+00;2.2882E+02
1.5800E+00;2.2855E+02
1.5810E+00;2.2828E+02
1.5820E+00;2.2802E+02
1.5830E+00;2.2775E+02
1.5840E+00;2.2748E+02
1.5850E+00;2.2722E+02
1.5860E+00;2.2695E+02
1.5870E+00;2.2668E+02
1.5880E+00;2.2642E+02
1.5890E+00;2.2615E+02
1.5900E+00;2.2588E+02
1.5910E+00;2.2562E+02
1.5920E+00;2.2535E+02
1.5930E+00;2.2508E+02
1.5940E+00;2.2482E+02
1.5950E+00;2.2455E+02
1.5960E+00;2.2428E+02
1.5970E+00;2.2402E+02
1.5980E+00;2.2375E+02
1.5990E+00;2.2348E+02
1.6000E+00;2.2322E+02
1.6010E+00;2.2295E+02
1.6020E+00;2.2268E+02
1.6030E+00;2.2242E+02
1.6040E+00;2.2215E+02
1.6050E+00;2.2189E+02
1.6060E+00;2.2162E+02
1.6070E+00;2.2135E+02
1.6080E+00;2.2109E+02
1.6090E+00;2.2082E+02
1.6100E+00;2.2056E+02
1.6110E+00;2.2029E+02
1.6120E+00;2.2002E+02
1.6130E+00;2.1976E+02
1.6140E+00;2.1949E+02
1.6150E+00;2.1923E+02
1.6160E+00;2.1896E+02
1.6170E+00;2.1870E+02
1.6180E+00;2.1843E+02
1.6190E+00;2.1817E+02
1.6200E+00;2.1790E+02
1.6210E+00;2.1763E+02
1.6220E+00;2.1737E+02
1.6230E+00;2.1710E+02
1.6240E+00;2.1684E+02
1.6250E+00;2.1657E+02
1.6260E+00;2.1631E+02
1.6270E+00;2.1604E+02
1.6280E+00;2.1578E+02
1.6290E+00;2.1551E+02
1.6300E+00;2.1525E+02
1.6310E+00;2.1498E+02
1.6320E+00;2.1472E+02
1.6330E+00;2.1445E+02
1.6340E+00;2.1419E+02
1.6350E+00;2.1392E+02
1.6360E+00;2.1366E+02
1.6370E+00;2.1339E+02
1.6380E+00;2.1313E+02
1.6390E+00;2.1286E+02
1.6400E+00;2.1260E+02
1.6410E+00;2.1234E+02
1.6420E+00;2.1207E+02
1.6430E+00;2.1181E+02
1.6440E+00;2.1154E+02
1.6450E+00;2.1128E+02
1.6460E+00;2.1101E+02
1.6470E+00;2.1075E+02
1.6480E+00;2.1049E+02
1.6490E+00;2.1022E+02
1.6500E+00;2.0996E+02
1.6510E+00;2.0969E+02
1.6520E+00;2.0943E+02
1.6530E+00;2.0917E+02
1.6540E+00;2.0890E+02
1.6550E+00;2.0864E+02
1.6560E+00;2.0837E+02
1.6570E+00;2.0811E+02
1.6580E+00;2.0785E+02
1.6590E+00;2.0758E+02
1.6600E+00;2.0732E+02
1.6610E+00;2.0706E+02
1.6620E+00;2.0679E+02
1.6630E+00;2.0653E+02
1.6640E+00;2.0627E+02
1.6650E+00;2.0600E+02
1.6660E+00;2.0574E+02
1.6670E+00;2.0548E+02
1.6680E+00;2.0521E+02
1.6690E+00;2.0495E+02
1.6700E+00;2.0469E+02
1.6710E+00;2.0442E+02
1.6720E+00;2.0416E+02
1.6730E+00;2.0390E+02
1.6740E+00;2.0364E+02
1.6750E+00;2.0337E+02
1.6760E+00;2.0311E+02
1.6770E+00;2.0285E+02
1.6780E+00;2.0258E+02
1.6790E+00;2.0232E+02
1.6800E+00;2.0206E+02
1.6810E+00;2.0180E+02
1.6820E+00;2.0153E+02
1.6830E+00;2.0127E+02
1.6840E+00;2.0101E+02
1.6850E+00;2.0075E+02
1.6860E+00;2.0049E+02
1.6870E+00;2.0022E+02
1.6880E+00;1.9996E+02
1.6890E+00;1.9970E+02
1.6900E+00;1.9944E+02
1.6910E+00;1.9918E+02
1.6920E+00;1.9891E+02
1.6930E+00;1.9865E+02
1.6940E+00;1.9839E+02
1.6950E+00;1.9813E+02
1.6960E+00;1.9787E+02
1.6970E+00;1.9761E+02
1.6980E+00;1.9736E+02
1.6990E+00;1.9715E+02
1.7000E+00;1.9693E+02
1.7010E+00;1.9672E+02
1.7020E+00;1.9651E+02
1.7030E+00;1.9630E+02
1.7040E+00;1.9609E+02
1.7050E+00;1.9588E+02
1.7060E+00;1.9567E+02
1.7070E+00;1.9546E+02
1.7080E+00;1.9525E+02
1.7090E+00;1.9504E+02
1.7100E+00;1.9483E+02
1.7110E+00;1.9462E+02
1.7120E+00;1.9442E+02
1.7130E+00;1.9421E+02
1.7140E+00;1.9400E+02
1.7150E+00;1.9379E+02
1.7160E+00;1.9358E+02
1.7170E+00;1.9337E+02
1.7180E+00;1.9316E+02
1.7190E+00;1.9296E+02
1.7200E+00;1.9275E+02
1.7210E+00;1.9254E+02
1.7220E+00;1.9233E+02
1.7230E+00;1.9213E+02
1.7240E+00;1.9192E+02
1.7250E+00;1.9171E+02
1.7260E+00;1.9150E+02
1.7270E+00;1.9130E+02
1.7280E+00;1.9114E+02
1.7290E+00;1.9106E+02
1.7300E+00;1.9097E+02
1.7310E+00;1.9089E+02
1.7320E+00;1.9080E+02
1.7330E+00;1.9072E+02
1.7340E+00;1.9063E+02
1.7350E+00;1.9055E+02
1.7360E+00;1.9046E+02
1.7370E+00;1.9038E+02
1.7380E+00;1.9030E+02
1.7390E+00;1.9021E+02
1.7400E+00;1.9013E+02
1.7410E+00;1.9004E+02
1.7420E+00;1.8996E+02
1.7430E+00;1.8987E+02
1.7440E+00;1.8974E+02
1.7450E+00;1.8957E+02
1.7460E+00;1.8939E+02
1.7470E+00;1.8922E+02
1.7480E+00;1.8905E+02
1.7490E+00;1.8888E+02
1.7500E+00;1.8871E+02
1.7510E+00;1.8854E+02
1.7520E+00;1.8836E+02
1.7530E+00;1.8819E+02
1.7540E+00;1.8802E+02
1.7550E+00;1.8785E+02
1.7560E+00;1.8768E+02
1.7570E+00;1.8751E+02
1.7580E+00;1.8733E+02
1.7590E+00;1.8716E+02
1.7600E+00;1.8699E+02
1.7610E+00;1.8682E+02
1.7620E+00;1.8665E+02
1.7630E+00;1.8648E+02
1.7640E+00;1.8630E+02
1.7650E+00;1.8613E+02
1.7660E+00;1.8596E+02
1.7670E+00;1.8579E+02
1.7680E+00;1.8562E+02
1.7690E+00;1.8545E+02
1.7700E+00;1.8527E+02
1.7710E+00;1.8510E+02
1.7720E+00;1.8493E+02
1.7730E+00;1.8476E+02
1.7740E+00;1.8459E+02
1.7750E+00;1.8442E+02
1.7760E+00;1.8424E+02
1.7770E+00;1.8407E+02
1.7780E+00;1.8390E+02
1.7790E+00;1.8373E+02
1.7800E+00;1.8356E+02
1.7810E+00;1.8338E+02
1.7820E+00;1.8321E+02
1.7830E+00;1.8304E+02
1.7840E+00;1.8287E+02
1.7850E+00;1.8270E+02
1.7860E+00;1.8253E+02
1.7870E+00;1.8235E+02
1.7880E+00;1.8218E+02
1.7890E+00;1.8201E+02
1.7900E+00;1.8184E+02
1.7910E+00;1.8167E+02
1.7920E+00;1.8150E+02
1.7930E+00;1.8132E+02
1.7940E+00;1.8115E+02
1.7950E+00;1.8098E+02
1.7960E+00;1.8081E+02
1.7970E+00;1.8064E+02
1.7980E+00;1.8047E+02
1.7990E+00;1.8029E+02
1.8000E+00;1.8012E+02
1.8010E+00;1.7995E+02
1.8020E+00;1.7978E+02
1.8030E+00;1.7961E+02
1.8040E+00;1.7944E+02
1.8050E+00;1.7926E+02
1.8060E+00;1.7909E+02
1.8070E+00;1.7892E+02
1.8080E+00;1.7875E+02
1.8090E+00;1.7858E+02
1.8100E+00;1.7841E+02
1.8110E+00;1.7823E+02
1.8120E+00;1.7806E+02
1.8130E+00;1.7789E+02
1.8140E+00;1.7772E+02
1.8150E+00;1.7755E+02
1.8160E+00;1.7738E+02
1.8170E+00;1.7720E+02
1.8180E+00;1.7703E+02
1.8190E+00;1.7686E+02
1.8200E+00;1.7669E+02
1.8210E+00;1.7652E+02
1.8220E+00;1.7635E+02
1.8230E+00;1.7617E+02
1.8240E+00;1.7600E+02
1.8250E+00;1.7583E+02
1.8260E+00;1.7566E+02
1.8270E+00;1.7549E+02
1.8280E+00;1.7532E+02
1.8290E+00;1.7514E+02
1.8300E+00;1.7497E+02
1.8310E+00;1.7480E+02
1.8320E+00;1.7463E+02
1.8330E+00;1.7446E+02
1.8340E+00;1.7429E+02
1.8350E+00;1.7411E+02
1.8360E+00;1.7394E+02
1.8370E+00;1.7377E+02
1.8380E+00;1.7360E+02
1.8390E+00;1.7343E+02
1.8400E+00;1.7326E+02
1.8410E+00;1.7308E+02
1.8420E+00;1.7291E+02
1.8430E+00;1.7274E+02
1.8440E+00;1.7257E+02
1.8450E+00;1.7240E+02
1.8460E+00;1.7223E+02
1.8470E+00;1.7205E+02
1.8480E+00;1.7188E+02
1.8490E+00;1.7171E+02
1.8500E+00;1.7154E+02
1.8510E+00;1.7137E+02
1.8520E+00;1.7120E+02
1.8530E+00;1.7103E+02
1.8540E+00;1.7085E+02
1.8550E+00;1.7068E+02
1.8560E+00;1.7051E+02
1.8570E+00;1.7034E+02
1.8580E+00;1.7017E+02
1.8590E+00;1.7000E+02
1.8600E+00;1.6982E+02
1.8610E+00;1.6965E+02
1.8620E+00;1.6948E+02
1.8630E+00;1.6931E+02
1.8640E+00;1.6914E+02
1.8650E+00;1.6897E+02
1.8660E+00;1.6879E+02
1.8670E+00;1.6862E+02
1.8680E+00;1.6845E+02
1.8690E+00;1.6828E+02
1.8700E+00;1.6811E+02
1.8710E+00;1.6794E+02
1.8720E+00;1.6776E+02
1.8730E+00;1.6759E+02
1.8740E+00;1.6742E+02
1.8750E+00;1.6725E+02
1.8760E+00;1.6708E+02
1.8770E+00;1.6691E+02
1.8780E+00;1.6673E+02
1.8790E+00;1.6656E+02
1.8800E+00;1.6639E+02
1.8810E+00;1.6622E+02
1.8820E+00;1.6605E+02
1.8830E+00;1.6588E+02
1.8840E+00;1.6571E+02
1.8850E+00;1.6553E+02
1.8860E+00;1.6536E+02
1.8870E+00;1.6519E+02
1.8880E+00;1.6502E+02
1.8890E+00;1.6485E+02
1.8900E+00;1.6468E+02
1.8910E+00;1.6450E+02
1.8920E+00;1.6433E+02
1.8930E+00;1.6416E+02
1.8940E+00;1.6399E+02
1.8950E+00;1.6382E+02
1.8960E+00;1.6365E+02
1.8970E+00;1.6347E+02
1.8980E+00;1.6330E+02
1.8990E+00;1.6313E+02
1.9000E+00;1.6296E+02
1.9010E+00;1.6279E+02
1.9020E+00;1.6262E+02
1.9030E+00;1.6244E+02
1.9040E+00;1.6227E+02
1.9050E+00;1.6210E+02
1.9060E+00;1.6193E+02
1.9070E+00;1.6176E+02
1.9080E+00;1.6159E+02
1.9090E+00;1.6142E+02
1.9100E+00;1.6124E+02
1.9110E+00;1.6107E+02
1.9120E+00;1.6090E+02
1.9130E+00;1.6073E+02
1.9140E+00;1.6056E+02
1.9150E+00;1.6039E+02
1.9160E+00;1.6021E+02
1.9170E+00;1.6004E+02
1.9180E+00;1.5987E+02
1.9190E+00;1.5970E+02
1.9200E+00;1.5953E+02
1.9210E+00;1.5936E+02
1.9220E+00;1.5919E+02
1.9230E+00;1.5901E+02
1.9240E+00;1.5884E+02
1.9250E+00;1.5867E+02
1.9260E+00;1.5850E+02
1.9270E+00;1.5833E+02
1.9280E+00;1.5816E+02
1.9290E+00;1.5798E+02
1.9300E+00;1.5781E+02
1.9310E+00;1.5764E+02
1.9320E+00;1.5747E+02
1.9330E+00;1.5730E+02
1.9340E+00;1.5713E+02
1.9350E+00;1.5696E+02
1.9360E+00;1.5678E+02
1.9370E+00;1.5661E+02
1.9380E+00;1.5644E+02
1.9390E+00;1.5627E+02
1.9400E+00;1.5610E+02
1.9410E+00;1.5593E+02
1.9420E+00;1.5575E+02
1.9430E+00;1.5558E+02
1.9440E+00;1.5541E+02
1.9450E+00;1.5524E+02
1.9460E+00;1.5507E+02
1.9470E+00;1.5490E+02
1.9480E+00;1.5473E+02
1.9490E+00;1.5455E+02
1.9500E+00;1.5438E+02
1.9510E+00;1.5421E+02
1.9520E+00;1.5404E+02
1.9530E+00;1.5387E+02
1.9540E+00;1.5370E+02
1.9550E+00;1.5352E+02
1.9560E+00;1.5335E+02
1.9570E+00;1.5318E+02
1.9580E+00;1.5301E+02
1.9590E+00;1.5284E+02
1.9600E+00;1.5267E+02
1.9610E+00;1.5250E+02
1.9620E+00;1.5232E+02
1.9630E+00;1.5215E+02
1.9640E+00;1.5198E+02
1.9650E+00;1.5181E+02
1.9660E+00;1.5164E+02
1.9670E+00;1.5147E+02
1.9680E+00;1.5130E+02
1.9690E+00;1.5112E+02
1.9700E+00;1.5095E+02
1.9710E+00;1.5078E+02
1.9720E+00;1.5061E+02
1.9730E+00;1.5044E+02
1.9740E+00;1.5027E+02
1.9750E+00;1.5010E+02
1.9760E+00;1.4992E+02
1.9770E+00;1.4975E+02
1.9780E+00;1.4958E+02
1.9790E+00;1.4941E+02
1.9800E+00;1.4924E+02
1.9810E+00;1.4907E+02
1.9820E+00;1.4889E+02
1.9830E+00;1.4872E+02
1.9840E+00;1.4855E+02
1.9850E+00;1.4838E+02
1.9860E+00;1.4821E+02
1.9870E+00;1.4804E+02
1.9880E+00;1.4787E+02
1.9890E+00;1.4769E+02
1.9900E+00;1.4752E+02
1.9910E+00;1.4735E+02
1.9920E+00;1.4718E+02
1.9930E+00;1.4701E+02
1.9940E+00;1.4684E+02
1.9950E+00;1.4667E+02
1.9960E+00;1.4649E+02
1.9970E+00;1.4632E+02
1.9980E+00;1.4615E+02
1.9990E+00;1.4598E+02
2.0000E+00;1.4581E+02
2.0010E+00;1.4564E+02
2.0020E+00;1.4547E+02
2.0030E+00;1.4529E+02
2.0040E+00;1.4512E+02
2.0050E+00;1.4495E+02
2.0060E+00;1.4478E+02
2.0070E+00;1.4461E+02
2.0080E+00;1.4444E+02
2.0090E+00;1.4427E+02
2.0100E+00;1.4409E+02
2.0110E+00;1.4392E+02
2.0120E+00;1.4375E+02
2.0130E+00;1.4358E+02
2.0140E+00;1.4341E+02
2.0150E+00;1.4324E+02
2.0160E+00;1.4307E+02
2.0170E+00;1.4289E+02
2.0180E+00;1.4272E+02
2.0190E+00;1.4255E+02
2.0200E+00;1.4238E+02
2.0210E+00;1.4221E+02
2.0220E+00;1.4204E+02
2.0230E+00;1.4187E+02
2.0240E+00;1.4169E+02
2.0250E+00;1.4152E+02
2.0260E+00;1.4135E+02
2.0270E+00;1.4118E+02
2.0280E+00;1.4101E+02
2.0290E+00;1.4084E+02
2.0300E+00;1.4067E+02
2.0310E+00;1.4049E+02
2.0320E+00;1.4032E+02
2.0330E+00;1.4015E+02
2.0340E+00;1.3998E+02
2.0350E+00;1.3981E+02
2.0360E+00;1.3964E+02
2.0370E+00;1.3947E+02
2.0380E+00;1.3930E+02
2.0390E+00;1.3912E+02
2.0400E+00;1.3895E+02
2.0410E+00;1.3878E+02
2.0420E+00;1.3861E+02
2.0430E+00;1.3844E+02
2.0440E+00;1.3827E+02
2.0450E+00;1.3810E+02
2.0460E+00;1.3792E+02
2.0470E+00;1.3775E+02
2.0480E+00;1.3758E+02
2.0490E+00;1.3741E+02
2.0500E+00;1.3724E+02
2.0510E+00;1.3707E+02
2.0520E+00;1.3690E+02
2.0530E+00;1.3672E+02
2.0540E+00;1.3655E+02
2.0550E+00;1.3638E+02
2.0560E+00;1.3621E+02
2.0570E+00;1.3604E+02
2.0580E+00;1.3587E+02
2.0590E+00;1.3570E+02
2.0600E+00;1.3553E+02
2.0610E+00;1.3535E+02
2.0620E+00;1.3518E+02
2.0630E+00;1.3501E+02
2.0640E+00;1.3484E+02
2.0650E+00;1.3467E+02
2.0660E+00;1.3450E+02
2.0670E+00;1.3433E+02
2.0680E+00;1.3415E+02
2.0690E+00;1.3398E+02
2.0700E+00;1.3381E+02
2.0710E+00;1.3364E+02
2.0720E+00;1.3347E+02
2.0730E+00;1.3330E+02
2.0740E+00;1.3313E+02
2.0750E+00;1.3296E+02
2.0760E+00;1.3278E+02
2.0770E+00;1.3261E+02
2.0780E+00;1.3244E+02
2.0790E+00;1.3227E+02
2.0800E+00;1.3210E+02
2.0810E+00;1.3193E+02
2.0820E+00;1.3176E+02
2.0830E+00;1.3159E+02
2.0840E+00;1.3141E+02
2.0850E+00;1.3124E+02
2.0860E+00;1.3107E+02
2.0870E+00;1.3090E+02
2.0880E+00;1.3073E+02
2.0890E+00;1.3056E+02
2.0900E+00;1.3039E+02
2.0910E+00;1.3022E+02
2.0920E+00;1.3004E+02
2.0930E+00;1.2987E+02
2.0940E+00;1.2970E+02
2.0950E+00;1.2953E+02
2.0960E+00;1.2936E+02
2.0970E+00;1.2919E+02
2.0980E+00;1.2902E+02
2.0990E+00;1.2885E+02
2.1000E+00;1.2867E+02
2.1010E+00;1.2850E+02
2.1020E+00;1.2833E+02
2.1030E+00;1.2816E+02
2.1040E+00;1.2799E+02
2.1050E+00;1.2782E+02
2.1060E+00;1.2765E+02
2.1070E+00;1.2748E+02
2.1080E+00;1.2730E+02
2.1090E+00;1.2713E+02
2.1100E+00;1.2696E+02
2.1110E+00;1.2679E+02
2.1120E+00;1.2662E+02
2.1130E+00;1.2645E+02
2.1140E+00;1.2628E+02
2.1150E+00;1.2611E+02
2.1160E+00;1.2593E+02
2.1170E+00;1.2576E+02
2.1180E+00;1.2559E+02
2.1190E+00;1.2542E+02
2.1200E+00;1.2525E+02
2.1210E+00;1.2508E+02
2.1220E+00;1.2491E+02
2.1230E+00;1.2474E+02
2.1240E+00;1.2457E+02
2.1250E+00;1.2439E+02
2.1260E+00;1.2422E+02
2.1270E+00;1.2405E+02
2.1280E+00;1.2388E+02
2.1290E+00;1.2371E+02
2.1300E+00;1.2354E+02
2.1310E+00;1.2337E+02
2.1320E+00;1.2320E+02
2.1330E+00;1.2302E+02
2.1340E+00;1.2285E+02
2.1350E+00;1.2268E+02
2.1360E+00;1.2251E+02
2.1370E+00;1.2234E+02
2.1380E+00;1.2217E+02
2.1390E+00;1.2200E+02
2.1400E+00;1.2183E+02
2.1410E+00;1.2166E+02
2.1420E+00;1.2148E+02
2.1430E+00;1.2131E+02
2.1440E+00;1.2114E+02
2.1450E+00;1.2097E+02
2.1460E+00;1.2080E+02
2.1470E+00;1.2063E+02
2.1480E+00;1.2046E+02
2.1490E+00;1.2029E+02
2.1500E+00;1.2012E+02
2.1510E+00;1.1994E+02
2.1520E+00;1.1977E+02
2.1530E+00;1.1960E+02
2.1540E+00;1.1943E+02
2.1550E+00;1.1926E+02
2.1560E+00;1.1909E+02
2.1570E+00;1.1892E+02
2.1580E+00;1.1875E+02
2.1590E+00;1.1858E+02
2.1600E+00;1.1840E+02
2.1610E+00;1.1823E+02
2.1620E+00;1.1806E+02
2.1630E+00;1.1789E+02
2.1640E+00;1.1772E+02
2.1650E+00;1.1755E+02
2.1660E+00;1.1738E+02
2.1670E+00;1.1721E+02
2.1680E+00;1.1704E+02
2.1690E+00;1.1686E+02
2.1700E+00;1.1669E+02
2.1710E+00;1.1652E+02
2.1720E+00;1.1635E+02
2.1730E+00;1.1618E+02
2.1740E+00;1.1601E+02
2.1750E+00;1.1584E+02
2.1760E+00;1.1567E+02
2.1770E+00;1.1550E+02
2.1780E+00;1.1533E+02
2.1790E+00;1.1515E+02
2.1800E+00;1.1498E+02
2.1810E+00;1.1481E+02
2.1820E+00;1.1464E+02
2.1830E+00;1.1447E+02
2.1840E+00;1.1430E+02
2.1850E+00;1.1413E+02
2.1860E+00;1.1396E+02
2.1870E+00;1.1379E+02
2.1880E+00;1.1362E+02
2.1890E+00;1.1344E+02
2.1900E+00;1.1327E+02
2.1910E+00;1.1310E+02
2.1920E+00;1.1293E+02
2.1930E+00;1.1276E+02
2.1940E+00;1.1259E+02
2.1950E+00;1.1242E+02
2.1960E+00;1.1225E+02
2.1970E+00;1.1208E+02
2.1980E+00;1.1191E+02
2.1990E+00;1.1173E+02
2.2000E+00;1.1156E+02
2.2010E+00;1.1139E+02
2.2020E+00;1.1122E+02
2.2030E+00;1.1105E+02
2.2040E+00;1.1088E+02
2.2050E+00;1.1071E+02
2.2060E+00;1.1054E+02
2.2070E+00;1.1037E+02
2.2080E+00;1.1020E+02
2.2090E+00;1.1003E+02
2.2100E+00;1.0985E+02
2.2110E+00;1.0968E+02
2.2120E+00;1.0951E+02
2.2130E+00;1.0934E+02
2.2140E+00;1.0917E+02
2.2150E+00;1.0900E+02
2.2160E+00;1.0883E+02
2.2170E+00;1.0866E+02
2.2180E+00;1.0849E+02
2.2190E+00;1.0832E+02
2.2200E+00;1.0815E+02
2.2210E+00;1.0797E+02
2.2220E+00;1.0780E+02
2.2230E+00;1.0763E+02
2.2240E+00;1.0746E+02
2.2250E+00;1.0729E+02
2.2260E+00;1.0712E+02
2.2270E+00;1.0695E+02
2.2280E+00;1.0678E+02
2.2290E+00;1.0661E+02
2.2300E+00;1.0644E+02
2.2310E+00;1.0627E+02
2.2320E+00;1.0610E+02
2.2330E+00;1.0592E+02
2.2340E+00;1.0575E+02
2.2350E+00;1.0558E+02
2.2360E+00;1.0541E+02
2.2370E+00;1.0524E+02
2.2380E+00;1.0507E+02
2.2390E+00;1.0490E+02
2.2400E+00;1.0473E+02
2.2410E+00;1.0456E+02
2.2420E+00;1.0439E+02
2.2430E+00;1.0422E+02
2.2440E+00;1.0405E+02
2.2450E+00;1.0388E+02
2.2460E+00;1.0370E+02
2.2470E+00;1.0353E+02
2.2480E+00;1.0336E+02
2.2490E+00;1.0319E+02
2.2500E+00;1.0302E+02
2.2510E+00;1.0285E+02
2.2520E+00;1.0268E+02
2.2530E+00;1.0251E+02
2.2540E+00;1.0234E+02
2.2550E+00;1.0217E+02
2.2560E+00;1.0200E+02
2.2570E+00;1.0183E+02
2.2580E+00;1.0166E+02
2.2590E+00;1.0149E+02
2.2600E+00;1.0131E+02
2.2610E+00;1.0114E+02
2.2620E+00;1.0097E+02
2.2630E+00;1.0080E+02
2.2640E+00;1.0063E+02
2.2650E+00;1.0046E+02
2.2660E+00;1.0029E+02
2.2670E+00;1.0012E+02
2.2680E+00;9.9949E+01
2.2690E+00;9.9779E+01
2.2700E+00;9.9608E+01
2.2710E+00;9.9437E+01
2.2720E+00;9.9267E+01
2.2730E+00;9.9096E+01
2.2740E+00;9.8925E+01
2.2750E+00;9.8755E+01
2.2760E+00;9.8584E+01
2.2770E+00;9.8414E+01
2.2780E+00;9.8243E+01
2.2790E+00;9.8072E+01
2.2800E+00;9.7902E+01
2.2810E+00;9.7731E+01
2.2820E+00;9.7561E+01
2.2830E+00;9.7390E+01
2.2840E+00;9.7220E+01
2.2850E+00;9.7049E+01
2.2860E+00;9.6878E+01
2.2870E+00;9.6708E+01
2.2880E+00;9.6537E+01
2.2890E+00;9.6367E+01
2.2900E+00;9.6196E+01
2.2910E+00;9.6026E+01
2.2920E+00;9.5855E+01
2.2930E+00;9.5685E+01
2.2940E+00;9.5514E+01
2.2950E+00;9.5344E+01
2.2960E+00;9.5173E+01
2.2970E+00;9.5003E+01
2.2980E+00;9.4832E+01
2.2990E+00;9.4662E+01
2.3000E+00;9.4491E+01
2.3010E+00;9.4321E+01
2.3020E+00;9.4150E+01
2.3030E+00;9.3980E+01
2.3040E+00;9.3809E+01
2.3050E+00;9.3639E+01
2.3060E+00;9.3469E+01
2.3070E+00;9.3298E+01
2.3080E+00;9.3128E+01
2.3090E+00;9.2957E+01
2.3100E+00;9.2787E+01
2.3110E+00;9.2616E+01
2.3120E+00;9.2446E+01
2.3130E+00;9.2276E+01
2.3140E+00;9.2105E+01
2.3150E+00;9.1935E+01
2.3160E+00;9.1765E+01
2.3170E+00;9.1594E+01
2.3180E+00;9.1424E+01
2.3190E+00;9.1253E+01
2.3200E+00;9.1083E+01
2.3210E+00;9.0913E+01
2.3220E+00;9.0742E+01
2.3230E+00;9.0572E+01
2.3240E+00;9.0402E+01
2.3250E+00;9.0231E+01
2.3260E+00;9.0061E+01
2.3270E+00;8.9891E+01
2.3280E+00;8.9721E+01
2.3290E+00;8.9550E+01
2.3300E+00;8.9380E+01
2.3310E+00;8.9210E+01
2.3320E+00;8.9040E+01
2.3330E+00;8.8869E+01
2.3340E+00;8.8699E+01
2.3350E+00;8.8529E+01
2.3360E+00;8.8359E+01
2.3370E+00;8.8188E+01
2.3380E+00;8.8018E+01
2.3390E+00;8.7848E+01
2.3400E+00;8.7678E+01
2.3410E+00;8.7507E+01
2.3420E+00;8.7337E+01
2.3430E+00;8.7167E+01
2.3440E+00;8.6997E+01
2.3450E+00;8.6827E+01
2.3460E+00;8.6657E+01
2.3470E+00;8.6486E+01
2.3480E+00;8.6316E+01
2.3490E+00;8.6146E+01
2.3500E+00;8.5976E+01
2.3510E+00;8.5806E+01
2.3520E+00;8.5636E+01
2.3530E+00;8.5466E+01
2.3540E+00;8.5296E+01
2.3550E+00;8.5126E+01
2.3560E+00;8.4955E+01
2.3570E+00;8.4785E+01
2.3580E+00;8.4615E+01
2.3590E+00;8.4445E+01
2.3600E+00;8.4275E+01
2.3610E+00;8.4105E+01
2.3620E+00;8.3935E+01
2.3630E+00;8.3765E+01
2.3640E+00;8.3595E+01
2.3650E+00;8.3425E+01
2.3660E+00;8.3255E+01
2.3670E+00;8.3085E+01
2.3680E+00;8.2915E+01
2.3690E+00;8.2745E+01
2.3700E+00;8.2575E+01
2.3710E+00;8.2405E+01
2.3720E+00;8.2235E+01
2.3730E+00;8.2065E+01
2.3740E+00;8.1896E+01
2.3750E+00;8.1726E+01
2.3760E+00;8.1556E+01
2.3770E+00;8.1386E+01
2.3780E+00;8.1216E+01
2.3790E+00;8.1046E+01
2.3800E+00;8.0876E+01
2.3810E+00;8.0706E+01
2.3820E+00;8.0537E+01
2.3830E+00;8.0367E+01
2.3840E+00;8.0197E+01
2.3850E+00;8.0027E+01
2.3860E+00;7.9857E+01
2.3870E+00;7.9687E+01
2.3880E+00;7.9518E+01
2.3890E+00;7.9348E+01
2.3900E+00;7.9178E+01
2.3910E+00;7.9008E+01
2.3920E+00;7.8839E+01
2.3930E+00;7.8669E+01
2.3940E+00;7.8499E+01
2.3950E+00;7.8329E+01
2.3960E+00;7.8160E+01
2.3970E+00;7.7990E+01
2.3980E+00;7.7820E+01
2.3990E+00;7.7651E+01
2.4000E+00;7.7481E+01
2.4010E+00;2.9136E+02
2.4020E+00;2.9119E+02
2.4030E+00;2.9103E+02
2.4040E+00;2.9086E+02
2.4050E+00;2.9070E+02
2.4060E+00;2.9053E+02
2.4070E+00;2.9037E+02
2.4080E+00;2.9020E+02
2.4090E+00;2.9004E+02
2.4100E+00;2.8987E+02
2.4110E+00;2.8971E+02
2.4120E+00;2.8954E+02
2.4130E+00;2.8938E+02
2.4140E+00;2.8921E+02
2.4150E+00;2.8905E+02
2.4160E+00;2.8888E+02
2.4170E+00;2.8872E+02
2.4180E+00;2.8855E+02
2.4190E+00;2.8839E+02
2.4200E+00;2.8822E+02
2.4210E+00;2.8806E+02
2.4220E+00;2.8789E+02
2.4230E+00;2.8772E+02
2.4240E+00;2.8756E+02
2.4250E+00;2.8739E+02
2.4260E+00;2.8723E+02
2.4270E+00;2.8706E+02
2.4280E+00;2.8690E+02
2.4290E+00;2.8673E+02
2.4300E+00;2.8657E+02
2.4310E+00;2.8640E+02
2.4320E+00;2.8624E+02
2.4330E+00;2.8607E+02
2.4340E+00;2.8591E+02
2.4350E+00;2.8574E+02
2.4360E+00;2.8558E+02
2.4370E+00;2.8541E+02
2.4380E+00;2.8525E+02
2.4390E+00;2.8508E+02
2.4400E+00;2.8492E+02
2.4410E+00;2.8475E+02
2.4420E+00;2.8459E+02
2.4430E+00;2.8442E+02
2.4440E+00;2.8426E+02
2.4450E+00;2.8409E+02
2.4460E+00;2.8393E+02
2.4470E+00;2.8376E+02
2.4480E+00;2.8360E+02
2.4490E+00;2.8343E+02
2.4500E+00;2.8327E+02
2.4510E+00;2.8310E+02
2.4520E+00;2.8294E+02
2.4530E+00;2.8277E+02
2.4540E+00;2.8261E+02
2.4550E+00;2.8244E+02
2.4560E+00;2.8227E+02
2.4570E+00;2.8211E+02
2.4580E+00;2.8194E+02
2.4590E+00;2.8178E+02
2.4600E+00;2.8161E+02
2.4610E+00;2.8145E+02
2.4620E+00;2.8128E+02
2.4630E+00;2.8112E+02
2.4640E+00;2.8095E+02
2.4650E+00;2.8079E+02
2.4660E+00;2.8062E+02
2.4670E+00;2.8046E+02
2.4680E+00;2.8029E+02
2.4690E+00;2.8013E+02
2.4700E+00;2.7996E+02
2.4710E+00;2.7980E+02
2.4720E+00;2.7963E+02
2.4730E+00;2.7947E+02
2.4740E+00;2.7930E+02
2.4750E+00;2.7914E+02
2.4760E+00;2.7897E+02
2.4770E+00;2.7881E+02
2.4780E+00;2.7864E+02
2.4790E+00;2.7848E+02
2.4800E+00;2.7831E+02
2.4810E+00;2.7815E+02
2.4820E+00;2.7798E+02
2.4830E+00;2.7782E+02
2.4840E+00;2.7765E+02
2.4850E+00;2.7749E+02
2.4860E+00;2.7732E+02
2.4870E+00;2.7716E+02
2.4880E+00;2.7699E+02
2.4890E+00;2.7683E+02
2.4900E+00;2.7666E+02
2.4910E+00;2.7650E+02
2.4920E+00;2.7633E+02
2.4930E+00;2.7617E+02
2.4940E+00;2.7600E+02
2.4950E+00;2.7584E+02
2.4960E+00;2.7567E+02
2.4970E+00;2.7550E+02
2.4980E+00;2.7534E+02
2.4990E+00;2.7517E+02
2.5000E+00;2.7501E+02
2.5010E+00;2.7484E+02
2.5020E+00;2.7468E+02
2.5030E+00;2.7451E+02
2.5040E+00;2.7435E+02
2.5050E+00;2.7418E+02
2.5060E+00;2.7402E+02
2.5070E+00;2.7385E+02
2.5080E+00;2.7369E+02
2.5090E+00;2.7352E+02
2.5100E+00;2.7336E+02
2.5110E+00;2.7319E+02
2.5120E+00;2.7303E+02
2.5130E+00;2.7286E+02
2.5140E+00;2.7270E+02
2.5150E+00;2.7253E+02
2.5160E+00;2.7237E+02
2.5170E+00;2.7220E+02
2.5180E+00;2.7204E+02
2.5190E+00;2.7187E+02
2.5200E+00;2.7171E+02
2.5210E+00;2.7154E+02
2.5220E+00;2.7138E+02
2.5230E+00;2.7121E+02
2.5240E+00;2.7105E+02
2.5250E+00;2.7088E+02
2.5260E+00;2.7072E+02
2.5270E+00;2.7055E+02
2.5280E+00;2.7039E+02
2.5290E+00;2.7022E+02
2.5300E+00;2.7006E+02
2.5310E+00;2.6989E+02
2.5320E+00;2.6973E+02
2.5330E+00;2.6956E+02
2.5340E+00;2.6940E+02
2.5350E+00;2.6923E+02
2.5360E+00;2.6907E+02
2.5370E+00;2.6890E+02
2.5380E+00;2.6874E+02
2.5390E+00;2.6857E+02
2.5400E+00;2.6841E+02
2.5410E+00;2.6824E+02
2.5420E+00;2.6808E+02
2.5430E+00;2.6791E+02
2.5440E+00;2.6775E+02
2.5450E+00;2.6758E+02
2.5460E+00;2.6742E+02
2.5470E+00;2.6725E+02
2.5480E+00;2.6709E+02
2.5490E+00;2.6692E+02
2.5500E+00;2.6676E+02
2.5510E+00;2.6659E+02
2.5520E+00;2.6643E+02
2.5530E+00;2.6626E+02
2.5540E+00;2.6610E+02
2.5550E+00;2.6593E+02
2.5560E+00;2.6577E+02
2.5570E+00;2.6560E+02
2.5580E+00;2.6544E+02
2.5590E+00;2.6527E+02
2.5600E+00;2.6511E+02
2.5610E+00;2.6494E+02
2.5620E+00;2.6478E+02
2.5630E+00;2.6461E+02
2.5640E+00;2.6445E+02
2.5650E+00;2.6428E+02
2.5660E+00;2.6412E+02
2.5670E+00;2.6395E+02
2.5680E+00;2.6379E+02
2.5690E+00;2.6362E+02
2.5700E+00;2.6346E+02
2.5710E+00;2.6329E+02
2.5720E+00;2.6313E+02
2.5730E+00;2.6296E+02
2.5740E+00;2.6280E+02
2.5750E+00;2.6263E+02
2.5760E+00;2.6247E+02
2.5770E+00;2.6230E+02
2.5780E+00;2.6214E+02
2.5790E+00;2.6197E+02
2.5800E+00;2.6181E+02
2.5810E+00;2.6164E+02
2.5820E+00;2.6148E+02
2.5830E+00;2.6131E+02
2.5840E+00;2.6115E+02
2.5850E+00;2.6098E+02
2.5860E+00;2.6082E+02
2.5870E+00;2.6065E+02
2.5880E+00;2.6049E+02
2.5890E+00;2.6032E+02
2.5900E+00;2.6016E+02
2.5910E+00;2.5999E+02
2.5920E+00;2.5983E+02
2.5930E+00;2.5966E+02
2.5940E+00;2.5950E+02
2.5950E+00;2.5933E+02
2.5960E+00;2.5917E+02
2.5970E+00;2.5900E+02
2.5980E+00;2.5884E+02
2.5990E+00;2.5867E+02
2.6000E+00;2.5851E+02
2.6010E+00;2.5834E+02
2.6020E+00;2.5818E+02
2.6030E+00;2.5801E+02
2.6040E+00;2.5785E+02
2.6050E+00;2.5768E+02
2.6060E+00;2.5752E+02
2.6070E+00;2.5735E+02
2.6080E+00;2.5719E+02
2.6090E+00;2.5702E+02
2.6100E+00;2.5686E+02
2.6110E+00;2.5669E+02
2.6120E+00;2.5653E+02
2.6130E+00;2.5636E+02
2.6140E+00;2.5620E+02
2.6150E+00;2.5603E+02
2.6160E+00;2.5587E+02
2.6170E+00;2.5570E+02
2.6180E+00;2.5554E+02
2.6190E+00;2.5537E+02
2.6200E+00;2.5521E+02
2.6210E+00;2.5504E+02
2.6220E+00;2.5488E+02
2.6230E+00;2.5471E+02
2.6240E+00;2.5455E+02
2.6250E+00;2.5438E+02
2.6260E+00;2.5422E+02
2.6270E+00;2.5405E+02
2.6280E+00;2.5389E+02
2.6290E+00;2.5372E+02
2.6300E+00;2.5356E+02
2.6310E+00;2.5339E+02
2.6320E+00;2.5323E+02
2.6330E+00;2.5306E+02
2.6340E+00;2.5290E+02
2.6350E+00;2.5273E+02
2.6360E+00;2.5257E+02
2.6370E+00;2.5240E+02
2.6380E+00;2.5224E+02
2.6390E+00;2.5207E+02
2.6400E+00;2.5191E+02
2.6410E+00;2.5174E+02
2.6420E+00;2.5158E+02
2.6430E+00;2.5141E+02
2.6440E+00;2.5125E+02
2.6450E+00;2.5108E+02
2.6460E+00;2.5092E+02
2.6470E+00;2.5075E+02
2.6480E+00;2.5059E+02
2.6490E+00;2.5042E+02
2.6500E+00;2.5026E+02
2.6510E+00;2.5009E+02
2.6520E+00;2.4993E+02
2.6530E+00;2.4976E+02
2.6540E+00;2.4960E+02
2.6550E+00;2.4943E+02
2.6560E+00;2.4927E+02
2.6570E+00;2.4910E+02
2.6580E+00;2.4894E+02
2.6590E+00;2.4877E+02
2.6600E+00;2.4861E+02
2.6610E+00;2.4844E+02
2.6620E+00;2.4828E+02
2.6630E+00;2.4811E+02
2.6640E+00;2.4795E+02
2.6650E+00;2.4778E+02
2.6660E+00;2.4762E+02
2.6670E+00;2.4745E+02
2.6680E+00;2.4729E+02
2.6690E+00;2.4712E+02
2.6700E+00;2.4696E+02
2.6710E+00;2.4679E+02
2.6720E+00;2.4663E+02
2.6730E+00;2.4646E+02
2.6740E+00;2.4630E+02
2.6750E+00;2.4614E+02
2.6760E+00;2.4597E+02
2.6770E+00;2.4581E+02
2.6780E+00;2.4564E+02
2.6790E+00;2.4548E+02
2.6800E+00;2.4531E+02
2.6810E+00;2.4515E+02
2.6820E+00;2.4498E+02
2.6830E+00;2.4482E+02
2.6840E+00;2.4465E+02
2.6850E+00;2.4449E+02
2.6860E+00;2.4432E+02
2.6870E+00;2.4416E+02
2.6880E+00;2.4399E+02
2.6890E+00;2.4383E+02
2.6900E+00;2.4366E+02
2.6910E+00;2.4350E+02
2.6920E+00;2.4333E+02
2.6930E+00;2.4317E+02
2.6940E+00;2.4300E+02
2.6950E+00;2.4284E+02
2.6960E+00;2.4267E+02
2.6970E+00;2.4251E+02
2.6980E+00;2.4234E+02
2.6990E+00;2.4218E+02
2.7000E+00;2.4201E+02
2.7010E+00;2.4185E+02
2.7020E+00;2.4168E+02
2.7030E+00;2.4152E+02
2.7040E+00;2.4135E+02
2.7050E+00;2.4119E+02
2.7060E+00;2.4102E+02
2.7070E+00;2.4086E+02
2.7080E+00;2.4069E+02
2.7090E+00;2.4053E+02
2.7100E+00;2.4036E+02
2.7110E+00;2.4020E+02
2.7120E+00;2.4004E+02
2.7130E+00;2.3987E+02
2.7140E+00;2.3971E+02
2.7150E+00;2.3954E+02
2.7160E+00;2.3938E+02
2.7170E+00;2.3921E+02
2.7180E+00;2.3905E+02
2.7190E+00;2.3888E+02
2.7200E+00;2.3872E+02
2.7210E+00;2.3855E+02
2.7220E+00;2.3839E+02
2.7230E+00;2.3822E+02
2.7240E+00;2.3806E+02
2.7250E+00;2.3789E+02
2.7260E+00;2.3773E+02
2.7270E+00;2.3756E+02
2.7280E+00;2.3740E+02
2.7290E+00;2.3723E+02
2.7300E+00;2.3707E+02
2.7310E+00;2.3690E+02
2.7320E+00;2.3674E+02
2.7330E+00;2.3657E+02
2.7340E+00;2.3641E+02
2.7350E+00;2.3624E+02
2.7360E+00;2.3608E+02
2.7370E+00;2.3592E+02
2.7380E+00;2.3575E+02
2.7390E+00;2.3559E+02
2.7400E+00;2.3542E+02
2.7410E+00;2.3526E+02
2.7420E+00;2.3509E+02
2.7430E+00;2.3493E+02
2.7440E+00;2.3476E+02
2.7450E+00;2.3460E+02
2.7460E+00;2.3443E+02
2.7470E+00;2.3427E+02
2.7480E+00;2.3410E+02
2.7490E+00;2.3394E+02
2.7500E+00;2.3377E+02
2.7510E+00;2.3361E+02
2.7520E+00;2.3344E+02
2.7530E+00;2.3328E+02
2.7540E+00;2.3311E+02
2.7550E+00;2.3295E+02
2.7560E+00;2.3278E+02
2.7570E+00;2.3262E+02
2.7580E+00;2.3245E+02
2.7590E+00;2.3229E+02
2.7600E+00;2.3213E+02
2.7610E+00;2.3196E+02
2.7620E+00;2.3180E+02
2.7630E+00;2.3163E+02
2.7640E+00;2.3147E+02
2.7650E+00;2.3130E+02
2.7660E+00;2.3114E+02
2.7670E+00;2.3097E+02
2.7680E+00;2.3081E+02
2.7690E+00;2.3064E+02
2.7700E+00;2.3048E+02
2.7710E+00;2.3031E+02
2.7720E+00;2.3015E+02
2.7730E+00;2.2998E+02
2.7740E+00;2.2982E+02
2.7750E+00;2.2965E+02
2.7760E+00;2.2949E+02
2.7770E+00;2.2932E+02
2.7780E+00;2.2916E+02
2.7790E+00;2.2900E+02
2.7800E+00;2.2883E+02
2.7810E+00;2.2867E+02
2.7820E+00;2.2850E+02
2.7830E+00;2.2834E+02
2.7840E+00;2.2817E+02
2.7850E+00;2.2801E+02
2.7860E+00;2.2784E+02
2.7870E+00;2.2768E+02
2.7880E+00;2.2751E+02
2.7890E+00;2.2735E+02
2.7900E+00;2.2718E+02
2.7910E+00;2.2702E+02
2.7920E+00;2.2685E+02
2.7930E+00;2.2669E+02
2.7940E+00;2.2652E+02
2.7950E+00;2.2636E+02
2.7960E+00;2.2620E+02
2.7970E+00;2.2603E+02
2.7980E+00;2.2587E+02
2.7990E+00;2.2570E+02
2.8000E+00;2.2554E+02
2.8010E+00;2.2537E+02
2.8020E+00;2.2521E+02
2.8030E+00;2.2504E+02
2.8040E+00;2.2488E+02
2.8050E+00;2.2471E+02
2.8060E+00;2.2455E+02
2.8070E+00;2.2438E+02
2.8080E+00;2.2422E+02
2.8090E+00;2.2405E+02
2.8100E+00;2.2389E+02
2.8110E+00;2.2373E+02
2.8120E+00;2.2356E+02
2.8130E+00;2.2340E+02
2.8140E+00;2.2323E+02
2.8150E+00;2.2307E+02
2.8160E+00;2.2290E+02
2.8170E+00;2.2274E+02
2.8180E+00;2.2257E+02
2.8190E+00;2.2241E+02
2.8200E+00;2.2224E+02
2.8210E+00;2.2208E+02
2.8220E+00;2.2191E+02
2.8230E+00;2.2175E+02
2.8240E+00;2.2158E+02
2.8250E+00;2.2142E+02
2.8260E+00;2.2126E+02
2.8270E+00;2.2109E+02
2.8280E+00;2.2093E+02
2.8290E+00;2.2076E+02
2.8300E+00;2.2060E+02
2.8310E+00;2.2043E+02
2.8320E+00;2.2027E+02
2.8330E+00;2.2010E+02
2.8340E+00;2.1994E+02
2.8350E+00;2.1977E+02
2.8360E+00;2.1961E+02
2.8370E+00;2.1944E+02
2.8380E+00;2.1928E+02
2.8390E+00;2.1912E+02
2.8400E+00;2.1895E+02
2.8410E+00;2.1879E+02
2.8420E+00;2.1862E+02
2.8430E+00;2.1846E+02
2.8440E+00;2.1829E+02
2.8450E+00;2.1813E+02
2.8460E+00;2.1796E+02
2.8470E+00;2.1780E+02
2.8480E+00;2.1763E+02
2.8490E+00;2.1747E+02
2.8500E+00;2.1731E+02
2.8510E+00;2.1714E+02
2.8520E+00;2.1698E+02
2.8530E+00;2.1681E+02
2.8540E+00;2.1665E+02
2.8550E+00;2.1648E+02
2.8560E+00;2.1632E+02
2.8570E+00;2.1615E+02
2.8580E+00;2.1599E+02
2.8590E+00;2.1582E+02
2.8600E+00;2.1566E+02
2.8610E+00;2.1549E+02
2.8620E+00;2.1533E+02
2.8630E+00;2.1517E+02
2.8640E+00;2.1500E+02
2.8650E+00;2.1484E+02
2.8660E+00;2.1467E+02
2.8670E+00;2.1451E+02
2.8680E+00;2.1434E+02
2.8690E+00;2.1418E+02
2.8700E+00;2.1401E+02
2.8710E+00;2.1385E+02
2.8720E+00;2.1368E+02
2.8730E+00;2.1352E+02
2.8740E+00;2.1336E+02
2.8750E+00;2.1319E+02
2.8760E+00;2.1303E+02
2.8770E+00;2.1286E+02
2.8780E+00;2.1270E+02
2.8790E+00;2.1253E+02
2.8800E+00;2.1237E+02
2.8810E+00;2.1220E+02
2.8820E+00;2.1204E+02
2.8830E+00;2.1187E+02
2.8840E+00;2.1171E+02
2.8850E+00;2.1155E+02
2.8860E+00;2.1138E+02
2.8870E+00;2.1122E+02
2.8880E+00;2.1105E+02
2.8890E+00;2.1089E+02
2.8900E+00;2.1072E+02
2.8910E+00;2.1056E+02
2.8920E+00;2.1039E+02
2.8930E+00;2.1023E+02
2.8940E+00;2.1007E+02
2.8950E+00;2.0990E+02
2.8960E+00;2.0974E+02
2.8970E+00;2.0957E+02
2.8980E+00;2.0941E+02
2.8990E+00;2.0924E+02
2.9000E+00;2.0908E+02
2.9010E+00;2.0891E+02
2.9020E+00;2.0875E+02
2.9030E+00;2.0859E+02
2.9040E+00;2.0842E+02
2.9050E+00;2.0826E+02
2.9060E+00;2.0809E+02
2.9070E+00;2.0793E+02
2.9080E+00;2.0776E+02
2.9090E+00;2.0760E+02
2.9100E+00;2.0743E+02
2.9110E+00;2.0727E+02
2.9120E+00;2.0711E+02
2.9130E+00;2.0694E+02
2.9140E+00;2.0678E+02
2.9150E+00;2.0661E+02
2.9160E+00;2.0645E+02
2.9170E+00;2.0628E+02
2.9180E+00;2.0612E+02
2.9190E+00;2.0595E+02
2.9200E+00;2.0579E+02
2.9210E+00;2.0563E+02
2.9220E+00;2.0546E+02
2.9230E+00;2.0530E+02
2.9240E+00;2.0513E+02
2.9250E+00;2.0497E+02
2.9260E+00;2.0480E+02
2.9270E+00;2.0464E+02
2.9280E+00;2.0447E+02
2.9290E+00;2.0431E+02
2.9300E+00;2.0415E+02
2.9310E+00;2.0398E+02
2.9320E+00;2.0382E+02
2.9330E+00;2.0365E+02
2.9340E+00;2.0349E+02
2.9350E+00;2.0332E+02
2.9360E+00;2.0316E+02
2.9370E+00;2.0299E+02
2.9380E+00;2.0283E+02
2.9390E+00;2.0267E+02
2.9400E+00;2.0250E+02
2.9410E+00;2.0234E+02
2.9420E+00;2.0217E+02
2.9430E+00;2.0201E+02
2.9440E+00;2.0184E+02
2.9450E+00;2.0168E+02
2.9460E+00;2.0152E+02
2.9470E+00;2.0135E+02
2.9480E+00;2.0119E+02
2.9490E+00;2.0102E+02
2.9500E+00;2.0086E+02
2.9510E+00;2.0069E+02
2.9520E+00;2.0053E+02
2.9530E+00;2.0036E+02
2.9540E+00;2.0020E+02
2.9550E+00;2.0004E+02
2.9560E+00;1.9987E+02
2.9570E+00;1.9971E+02
2.9580E+00;1.9954E+02
2.9590E+00;1.9938E+02
2.9600E+00;1.9921E+02
2.9610E+00;1.9905E+02
2.9620E+00;1.9889E+02
2.9630E+00;1.9872E+02
2.9640E+00;1.9856E+02
2.9650E+00;1.9839E+02
2.9660E+00;1.9823E+02
2.9670E+00;1.9806E+02
2.9680E+00;1.9790E+02
2.9690E+00;1.9774E+02
2.9700E+00;1.9757E+02
2.9710E+00;1.9741E+02
2.9720E+00;1.9724E+02
2.9730E+00;1.9708E+02
2.9740E+00;1.9691E+02
2.9750E+00;1.9675E+02
2.9760E+00;1.9659E+02
2.9770E+00;1.9642E+02
2.9780E+00;1.9626E+02
2.9790E+00;1.9609E+02
2.9800E+00;1.9593E+02
2.9810E+00;1.9576E+02
2.9820E+00;1.9560E+02
2.9830E+00;1.9544E+02
2.9840E+00;1.9527E+02
2.9850E+00;1.9511E+02
2.9860E+00;1.9494E+02
2.9870E+00;1.9478E+02
2.9880E+00;1.9461E+02
2.9890E+00;1.9445E+02
2.9900E+00;1.9429E+02
2.9910E+00;1.9412E+02
2.9920E+00;1.9396E+02
2.9930E+00;1.9384E+02
2.9940E+00;1.9374E+02
2.9950E+00;1.9363E+02
2.9960E+00;1.9353E+02
2.9970E+00;1.9343E+02
2.9980E+00;1.9332E+02
2.9990E+00;1.9322E+02
3.0000E+00;1.9311E+02
3.0010E+00;1.9301E+02
3.0020E+00;1.9290E+02
3.0030E+00;1.9280E+02
3.0040E+00;1.9269E+02
3.0050E+00;1.9259E+02
3.0060E+00;1.9248E+02
3.0070E+00;1.9238E+02
3.0080E+00;1.9227E+02
3.0090E+00;1.9217E+02
3.0100E+00;1.9207E+02
3.0110E+00;1.9196E+02
3.0120E+00;1.9186E+02
3.0130E+00;1.9175E+02
3.0140E+00;1.9165E+02
3.0150E+00;1.9154E+02
3.0160E+00;1.9144E+02
3.0170E+00;1.9133E+02
3.0180E+00;1.9123E+02
3.0190E+00;1.9112E+02
3.0200E+00;1.9102E+02
3.0210E+00;1.9091E+02
3.0220E+00;1.9081E+02
3.0230E+00;1.9071E+02
3.0240E+00;1.9060E+02
3.0250E+00;1.9050E+02
3.0260E+00;1.9039E+02
3.0270E+00;1.9029E+02
3.0280E+00;1.9018E+02
3.0290E+00;1.9008E+02
3.0300E+00;1.8997E+02
3.0310E+00;1.8987E+02
3.0320E+00;1.8976E+02
3.0330E+00;1.8966E+02
3.0340E+00;1.8955E+02
3.0350E+00;1.8945E+02
3.0360E+00;1.8935E+02
3.0370E+00;1.8924E+02
3.0380E+00;1.8914E+02
3.0390E+00;1.8903E+02
3.0400E+00;1.8893E+02
3.0410E+00;1.8882E+02
3.0420E+00;1.8872E+02
3.0430E+00;1.8861E+02
3.0440E+00;1.8851E+02
3.0450E+00;1.8840E+02
3.0460E+00;1.8830E+02
3.0470E+00;1.8819E+02
3.0480E+00;1.8809E+02
3.0490E+00;1.8799E+02
3.0500E+00;1.8788E+02
3.0510E+00;1.8778E+02
3.0520E+00;1.8767E+02
3.0530E+00;1.8757E+02
3.0540E+00;1.8746E+02
3.0550E+00;1.8736E+02
3.0560E+00;1.8725E+02
3.0570E+00;1.8715E+02
3.0580E+00;1.8704E+02
3.0590E+00;1.8694E+02
3.0600E+00;1.8683E+02
3.0610E+00;1.8673E+02
3.0620E+00;1.8663E+02
3.0630E+00;1.8652E+02
3.0640E+00;1.8642E+02
3.0650E+00;1.8631E+02
3.0660E+00;1.8621E+02
3.0670E+00;1.8610E+02
3.0680E+00;1.8600E+02
3.0690E+00;1.8589E+02
3.0700E+00;1.8579E+02
3.0710E+00;1.8568E+02
3.0720E+00;1.8558E+02
3.0730E+00;1.8547E+02
3.0740E+00;1.8537E+02
3.0750E+00;1.8527E+02
3.0760E+00;1.8516E+02
3.0770E+00;1.8506E+02
3.0780E+00;1.8495E+02
3.0790E+00;1.8485E+02
3.0800E+00;1.8474E+02
3.0810E+00;1.8464E+02
3.0820E+00;1.8453E+02
3.0830E+00;1.8443E+02
3.0840E+00;1.8432E+02
3.0850E+00;1.8422E+02
3.0860E+00;1.8411E+02
3.0870E+00;1.8401E+02
3.0880E+00;1.8391E+02
3.0890E+00;1.8380E+02
3.0900E+00;1.8370E+02
3.0910E+00;1.8359E+02
3.0920E+00;1.8349E+02
3.0930E+00;1.8338E+02
3.0940E+00;1.8328E+02
3.0950E+00;1.8317E+02
3.0960E+00;1.8307E+02
3.0970E+00;1.8296E+02
3.0980E+00;1.8286E+02
3.0990E+00;1.8275E+02
3.1000E+00;1.8265E+02
3.1010E+00;1.8254E+02
3.1020E+00;1.8244E+02
3.1030E+00;1.8234E+02
3.1040E+00;1.8223E+02
3.1050E+00;1.8213E+02
3.1060E+00;1.8202E+02
3.1070E+00;1.8192E+02
3.1080E+00;1.8181E+02
3.1090E+00;1.8171E+02
3.1100E+00;1.8160E+02
3.1110E+00;1.8150E+02
3.1120E+00;1.8139E+02
3.1130E+00;1.8129E+02
3.1140E+00;1.8118E+02
3.1150E+00;1.8108E+02
3.1160E+00;1.8098E+02
3.1170E+00;1.8087E+02
3.1180E+00;1.8077E+02
3.1190E+00;1.8066E+02
3.1200E+00;1.8056E+02
3.1210E+00;1.8045E+02
3.1220E+00;1.8035E+02
3.1230E+00;1.8024E+02
3.1240E+00;1.8014E+02
3.1250E+00;1.8003E+02
3.1260E+00;1.7993E+02
3.1270E+00;1.7982E+02
3.1280E+00;1.7972E+02
3.1290E+00;1.7962E+02
3.1300E+00;1.7951E+02
3.1310E+00;1.7941E+02
3.1320E+00;1.7930E+02
3.1330E+00;1.7920E+02
3.1340E+00;1.7909E+02
3.1350E+00;1.7899E+02
3.1360E+00;1.7888E+02
3.1370E+00;1.7878E+02
3.1380E+00;1.7867E+02
3.1390E+00;1.7857E+02
3.1400E+00;1.7846E+02
3.1410E+00;1.7836E+02
3.1420E+00;1.7826E+02
3.1430E+00;1.7815E+02
3.1440E+00;1.7805E+02
3.1450E+00;1.7794E+02
3.1460E+00;1.7784E+02
3.1470E+00;1.7773E+02
3.1480E+00;1.7763E+02
3.1490E+00;1.7752E+02
3.1500E+00;1.7742E+02
3.1510E+00;1.7731E+02
3.1520E+00;1.7721E+02
3.1530E+00;1.7710E+02
3.1540E+00;1.7700E+02
3.1550E+00;1.7690E+02
3.1560E+00;1.7679E+02
3.1570E+00;1.7669E+02
3.1580E+00;1.7658E+02
3.1590E+00;1.7648E+02
3.1600E+00;1.7637E+02
3.1610E+00;1.7627E+02
3.1620E+00;1.7616E+02
3.1630E+00;1.7606E+02
3.1640E+00;1.7595E+02
3.1650E+00;1.7585E+02
3.1660E+00;1.7574E+02
3.1670E+00;1.7564E+02
3.1680E+00;1.7554E+02
3.1690E+00;1.7543E+02
3.1700E+00;1.7533E+02
3.1710E+00;1.7522E+02
3.1720E+00;1.7512E+02
3.1730E+00;1.7501E+02
3.1740E+00;1.7491E+02
3.1750E+00;1.7480E+02
3.1760E+00;1.7470E+02
3.1770E+00;1.7459E+02
3.1780E+00;1.7449E+02
3.1790E+00;1.7438E+02
3.1800E+00;1.7428E+02
3.1810E+00;1.7418E+02
3.1820E+00;1.7407E+02
3.1830E+00;1.7397E+02
3.1840E+00;1.7386E+02
3.1850E+00;1.7376E+02
3.1860E+00;1.7365E+02
3.1870E+00;1.7355E+02
3.1880E+00;1.7344E+02
3.1890E+00;1.7334E+02
3.1900E+00;1.7323E+02
3.1910E+00;1.7313E+02
3.1920E+00;1.7302E+02
3.1930E+00;1.7292E+02
3.1940E+00;1.7282E+02
3.1950E+00;1.7271E+02
3.1960E+00;1.7261E+02
3.1970E+00;1.7250E+02
3.1980E+00;1.7240E+02
3.1990E+00;1.7229E+02
3.2000E+00;1.7219E+02
3.2010E+00;1.7208E+02
3.2020E+00;1.7198E+02
3.2030E+00;1.7187E+02
3.2040E+00;1.7177E+02
3.2050E+00;1.7166E+02
3.2060E+00;1.7156E+02
3.2070E+00;1.7146E+02
3.2080E+00;1.7135E+02
3.2090E+00;1.7125E+02
3.2100E+00;1.7114E+02
3.2110E+00;1.7104E+02
3.2120E+00;1.7093E+02
3.2130E+00;1.7083E+02
3.2140E+00;1.7072E+02
3.2150E+00;1.7062E+02
3.2160E+00;1.7051E+02
3.2170E+00;1.7041E+02
3.2180E+00;1.7030E+02
3.2190E+00;1.7020E+02
3.2200E+00;1.7010E+02
3.2210E+00;1.6999E+02
3.2220E+00;1.6989E+02
3.2230E+00;1.6978E+02
3.2240E+00;1.6968E+02
3.2250E+00;1.6957E+02
3.2260E+00;1.6947E+02
3.2270E+00;1.6936E+02
3.2280E+00;1.6926E+02
3.2290E+00;1.6915E+02
3.2300E+00;1.6905E+02
3.2310E+00;1.6894E+02
3.2320E+00;1.6884E+02
3.2330E+00;1.6874E+02
3.2340E+00;1.6863E+02
3.2350E+00;1.6853E+02
3.2360E+00;1.6842E+02
3.2370E+00;1.6832E+02
3.2380E+00;1.6821E+02
3.2390E+00;1.6811E+02
3.2400E+00;1.6800E+02
3.2410E+00;1.6790E+02
3.2420E+00;1.6779E+02
3.2430E+00;1.6769E+02
3.2440E+00;1.6758E+02
3.2450E+00;1.6748E+02
3.2460E+00;1.6738E+02
3.2470E+00;1.6727E+02
3.2480E+00;1.6717E+02
3.2490E+00;1.6706E+02
3.2500E+00;1.6696E+02
3.2510E+00;1.6685E+02
3.2520E+00;1.6675E+02
3.2530E+00;1.6664E+02
3.2540E+00;1.6654E+02
3.2550E+00;1.6643E+02
3.2560E+00;1.6633E+02
3.2570E+00;1.6622E+02
3.2580E+00;1.6612E+02
3.2590E+00;1.6602E+02
3.2600E+00;1.6591E+02
3.2610E+00;1.6581E+02
3.2620E+00;1.6570E+02
3.2630E+00;1.6560E+02
3.2640E+00;1.6549E+02
3.2650E+00;1.6539E+02
3.2660E+00;1.6528E+02
3.2670E+00;1.6518E+02
3.2680E+00;1.6507E+02
3.2690E+00;1.6497E+02
3.2700E+00;1.6486E+02
3.2710E+00;1.6476E+02
3.2720E+00;1.6465E+02
3.2730E+00;1.6455E+02
3.2740E+00;1.6445E+02
3.2750E+00;1.6434E+02
3.2760E+00;1.6424E+02
3.2770E+00;1.6413E+02
3.2780E+00;1.6403E+02
3.2790E+00;1.6392E+02
3.2800E+00;1.6382E+02
3.2810E+00;1.6371E+02
3.2820E+00;1.6361E+02
3.2830E+00;1.6350E+02
3.2840E+00;1.6340E+02
3.2850E+00;1.6329E+02
3.2860E+00;1.6319E+02
3.2870E+00;1.6309E+02
3.2880E+00;1.6298E+02
3.2890E+00;1.6288E+02
3.2900E+00;1.6277E+02
3.2910E+00;1.6267E+02
3.2920E+00;1.6256E+02
3.2930E+00;1.6246E+02
3.2940E+00;1.6235E+02
3.2950E+00;1.6225E+02
3.2960E+00;1.6214E+02
3.2970E+00;1.6204E+02
3.2980E+00;1.6193E+02
3.2990E+00;1.6183E+02
3.3000E+00;1.6173E+02
3.3010E+00;1.6162E+02
3.3020E+00;1.6152E+02
3.3030E+00;1.6141E+02
3.3040E+00;1.6131E+02
3.3050E+00;1.6120E+02
3.3060E+00;1.6110E+02
3.3070E+00;1.6099E+02
3.3080E+00;1.6089E+02
3.3090E+00;1.6078E+02
3.3100E+00;1.6068E+02
3.3110E+00;1.6057E+02
3.3120E+00;1.6047E+02
3.3130E+00;1.6037E+02
3.3140E+00;1.6026E+02
3.3150E+00;1.6016E+02
3.3160E+00;1.6005E+02
3.3170E+00;1.5995E+02
3.3180E+00;1.5984E+02
3.3190E+00;1.5974E+02
3.3200E+00;1.5963E+02
3.3210E+00;1.5953E+02
3.3220E+00;1.5942E+02
3.3230E+00;1.5932E+02
3.3240E+00;1.5921E+02
3.3250E+00;1.5911E+02
3.3260E+00;1.5901E+02
3.3270E+00;1.5890E+02
3.3280E+00;1.5880E+02
3.3290E+00;1.5869E+02
3.3300E+00;1.5859E+02
3.3310E+00;1.5848E+02
3.3320E+00;1.5838E+02
3.3330E+00;1.5827E+02
3.3340E+00;1.5817E+02
3.3350E+00;1.5806E+02
3.3360E+00;1.5796E+02
3.3370E+00;1.5785E+02
3.3380E+00;1.5775E+02
3.3390E+00;1.5765E+02
3.3400E+00;1.5754E+02
3.3410E+00;1.5744E+02
3.3420E+00;1.5733E+02
3.3430E+00;1.5723E+02
3.3440E+00;1.5712E+02
3.3450E+00;1.5702E+02
3.3460E+00;1.5691E+02
3.3470E+00;1.5681E+02
3.3480E+00;1.5670E+02
3.3490E+00;1.5660E+02
3.3500E+00;1.5649E+02
3.3510E+00;1.5639E+02
3.3520E+00;1.5629E+02
3.3530E+00;1.5618E+02
3.3540E+00;1.5608E+02
3.3550E+00;1.5597E+02
3.3560E+00;1.5587E+02
3.3570E+00;1.5576E+02
3.3580E+00;1.5566E+02
3.3590E+00;1.5555E+02
3.3600E+00;1.5545E+02
3.3610E+00;1.5534E+02
3.3620E+00;1.5524E+02
3.3630E+00;1.5513E+02
3.3640E+00;1.5503E+02
3.3650E+00;1.5493E+02
3.3660E+00;1.5482E+02
3.3670E+00;1.5472E+02
3.3680E+00;1.5461E+02
3.3690E+00;1.5451E+02
3.3700E+00;1.5440E+02
3.3710E+00;1.5430E+02
3.3720E+00;1.5419E+02
3.3730E+00;1.5409E+02
3.3740E+00;1.5398E+02
3.3750E+00;1.5388E+02
3.3760E+00;1.5377E+02
3.3770E+00;1.5367E+02
3.3780E+00;1.5357E+02
3.3790E+00;1.5346E+02
3.3800E+00;1.5336E+02
3.3810E+00;1.5325E+02
3.3820E+00;1.5315E+02
3.3830E+00;1.5304E+02
3.3840E+00;1.5294E+02
3.3850E+00;1.5283E+02
3.3860E+00;1.5273E+02
3.3870E+00;1.5262E+02
3.3880E+00;1.5252E+02
3.3890E+00;1.5241E+02
3.3900E+00;1.5231E+02
3.3910E+00;1.5221E+02
3.3920E+00;1.5210E+02
3.3930E+00;1.5200E+02
3.3940E+00;1.5189E+02
3.3950E+00;1.5179E+02
3.3960E+00;1.5168E+02
3.3970E+00;1.5158E+02
3.3980E+00;1.5147E+02
3.3990E+00;1.5137E+02
3.4000E+00;1.5126E+02
3.4010E+00;1.5116E+02
3.4020E+00;1.5105E+02
3.4030E+00;1.5095E+02
3.4040E+00;1.5085E+02
3.4050E+00;1.5074E+02
3.4060E+00;1.5064E+02
3.4070E+00;1.5053E+02
3.4080E+00;1.5043E+02
3.4090E+00;1.5032E+02
3.4100E+00;1.5022E+02
3.4110E+00;1.5011E+02
3.4120E+00;1.5001E+02
3.4130E+00;1.4990E+02
3.4140E+00;1.4980E+02
3.4150E+00;1.4969E+02
3.4160E+00;1.4959E+02
3.4170E+00;1.4949E+02
3.4180E+00;1.4938E+02
3.4190E+00;1.4928E+02
3.4200E+00;1.4917E+02
3.4210E+00;1.4907E+02
3.4220E+00;1.4896E+02
3.4230E+00;1.4886E+02
3.4240E+00;1.4875E+02
3.4250E+00;1.4865E+02
3.4260E+00;1.4854E+02
3.4270E+00;1.4844E+02
3.4280E+00;1.4833E+02
3.4290E+00;1.4823E+02
3.4300E+00;1.4813E+02
3.4310E+00;1.4802E+02
3.4320E+00;1.4792E+02
3.4330E+00;1.4781E+02
3.4340E+00;1.4771E+02
3.4350E+00;1.4760E+02
3.4360E+00;1.4750E+02
3.4370E+00;1.4739E+02
3.4380E+00;1.4729E+02
3.4390E+00;1.4718E+02
3.4400E+00;1.4708E+02
3.4410E+00;1.4697E+02
3.4420E+00;1.4687E+02
3.4430E+00;1.4677E+02
3.4440E+00;1.4666E+02
3.4450E+00;1.4656E+02
3.4460E+00;1.4645E+02
3.4470E+00;1.4635E+02
3.4480E+00;1.4624E+02
3.4490E+00;1.4614E+02
3.4500E+00;1.4603E+02
3.4510E+00;1.4593E+02
3.4520E+00;1.4582E+02
3.4530E+00;1.4572E+02
3.4540E+00;1.4561E+02
3.4550E+00;1.4551E+02
3.4560E+00;1.4541E+02
3.4570E+00;1.4530E+02
3.4580E+00;1.4520E+02
3.4590E+00;1.4509E+02
3.4600E+00;1.4499E+02
3.4610E+00;1.4488E+02
3.4620E+00;1.4478E+02
3.4630E+00;1.4467E+02
3.4640E+00;1.4457E+02
3.4650E+00;1.4446E+02
3.4660E+00;1.4436E+02
3.4670E+00;1.4425E+02
3.4680E+00;1.4415E+02
3.4690E+00;1.4405E+02
3.4700E+00;1.4394E+02
3.4710E+00;1.4384E+02
3.4720E+00;1.4373E+02
3.4730E+00;1.4363E+02
3.4740E+00;1.4352E+02
3.4750E+00;1.4342E+02
3.4760E+00;1.4331E+02
3.4770E+00;1.4321E+02
3.4780E+00;1.4310E+02
3.4790E+00;1.4300E+02
3.4800E+00;1.4290E+02
3.4810E+00;1.4279E+02
3.4820E+00;1.4269E+02
3.4830E+00;1.4258E+02
3.4840E+00;1.4248E+02
3.4850E+00;1.4237E+02
3.4860E+00;1.4227E+02
3.4870E+00;1.4216E+02
3.4880E+00;1.4206E+02
3.4890E+00;1.4195E+02
3.4900E+00;1.4185E+02
3.4910E+00;1.4174E+02
3.4920E+00;1.4164E+02
3.4930E+00;1.4154E+02
3.4940E+00;1.4143E+02
3.4950E+00;1.4133E+02
3.4960E+00;1.4122E+02
3.4970E+00;1.4112E+02
3.4980E+00;1.4101E+02
3.4990E+00;1.4091E+02
3.5000E+00;1.4080E+02
3.5010E+00;1.4070E+02
3.5020E+00;1.4059E+02
3.5030E+00;1.4049E+02
3.5040E+00;1.4038E+02
3.5050E+00;1.4028E+02
3.5060E+00;1.4018E+02
3.5070E+00;1.4007E+02
3.5080E+00;1.3997E+02
3.5090E+00;1.3986E+02
3.5100E+00;1.3976E+02
3.5110E+00;1.3965E+02
3.5120E+00;1.3955E+02
3.5130E+00;1.3944E+02
3.5140E+00;1.3934E+02
3.5150E+00;1.3923E+02
3.5160E+00;1.3913E+02
3.5170E+00;1.3902E+02
3.5180E+00;1.3892E+02
3.5190E+00;1.3882E+02
3.5200E+00;1.3871E+02
3.5210E+00;1.3861E+02
3.5220E+00;1.3850E+02
3.5230E+00;1.3840E+02
3.5240E+00;1.3829E+02
3.5250E+00;1.3819E+02
3.5260E+00;1.3808E+02
3.5270E+00;1.3798E+02
3.5280E+00;1.3787E+02
3.5290E+00;1.3777E+02
3.5300E+00;1.3766E+02
3.5310E+00;1.3756E+02
3.5320E+00;1.3746E+02
3.5330E+00;1.3735E+02
3.5340E+00;1.3725E+02
3.5350E+00;1.3714E+02
3.5360E+00;1.3704E+02
3.5370E+00;1.3693E+02
3.5380E+00;1.3683E+02
3.5390E+00;1.3672E+02
3.5400E+00;1.3662E+02
3.5410E+00;1.3651E+02
3.5420E+00;1.3641E+02
3.5430E+00;1.3629E+02
3.5440E+00;1.3617E+02
3.5450E+00;1.3605E+02
3.5460E+00;1.3593E+02
3.5470E+00;1.3581E+02
3.5480E+00;1.3569E+02
3.5490E+00;1.3557E+02
3.5500E+00;1.3545E+02
3.5510E+00;1.3533E+02
3.5520E+00;1.3521E+02
3.5530E+00;1.3509E+02
3.5540E+00;1.3497E+02
3.5550E+00;1.3485E+02
3.5560E+00;1.3473E+02
3.5570E+00;1.3461E+02
3.5580E+00;1.3449E+02
3.5590E+00;1.3437E+02
3.5600E+00;1.3425E+02
3.5610E+00;1.3413E+02
3.5620E+00;1.3401E+02
3.5630E+00;1.3389E+02
3.5640E+00;1.3377E+02
3.5650E+00;1.3365E+02
3.5660E+00;1.3353E+02
3.5670E+00;1.3341E+02
3.5680E+00;1.3329E+02
3.5690E+00;1.3317E+02
3.5700E+00;1.3305E+02
3.5710E+00;1.3293E+02
3.5720E+00;1.3281E+02
3.5730E+00;1.3269E+02
3.5740E+00;1.3256E+02
3.5750E+00;1.3246E+02
3.5760E+00;1.3240E+02
3.5770E+00;1.3234E+02
3.5780E+00;1.3228E+02
3.5790E+00;1.3222E+02
3.5800E+00;1.3216E+02
3.5810E+00;1.3210E+02
3.5820E+00;1.3204E+02
3.5830E+00;1.3198E+02
3.5840E+00;1.3193E+02
3.5850E+00;1.3187E+02
3.5860E+00;1.3181E+02
3.5870E+00;1.3175E+02
3.5880E+00;1.3169E+02
3.5890E+00;1.3163E+02
3.5900E+00;1.3157E+02
3.5910E+00;1.3151E+02
3.5920E+00;1.3145E+02
3.5930E+00;1.3139E+02
3.5940E+00;1.3133E+02
3.5950E+00;1.3127E+02
3.5960E+00;1.3121E+02
3.5970E+00;1.3115E+02
3.5980E+00;1.3110E+02
3.5990E+00;1.3104E+02
3.6000E+00;1.3098E+02
3.6010E+00;1.3092E+02
3.6020E+00;1.3086E+02
3.6030E+00;1.3080E+02
3.6040E+00;1.3074E+02
3.6050E+00;1.3068E+02
3.6060E+00;1.3062E+02
3.6070E+00;1.3056E+02
3.6080E+00;1.3050E+02
3.6090E+00;1.3044E+02
3.6100E+00;1.3038E+02
3.6110E+00;1.3033E+02
3.6120E+00;1.3027E+02
3.6130E+00;1.3021E+02
3.6140E+00;1.3015E+02
3.6150E+00;1.3009E+02
3.6160E+00;1.3002E+02
3.6170E+00;1.2996E+02
3.6180E+00;1.2989E+02
3.6190E+00;1.2983E+02
3.6200E+00;1.2976E+02
3.6210E+00;1.2970E+02
3.6220E+00;1.2963E+02
3.6230E+00;1.2956E+02
3.6240E+00;1.2950E+02
3.6250E+00;1.2943E+02
3.6260E+00;1.2937E+02
3.6270E+00;1.2930E+02
3.6280E+00;1.2924E+02
3.6290E+00;1.2917E+02
3.6300E+00;1.2911E+02
3.6310E+00;1.2904E+02
3.6320E+00;1.2898E+02
3.6330E+00;1.2891E+02
3.6340E+00;1.2884E+02
3.6350E+00;1.2878E+02
3.6360E+00;1.2871E+02
3.6370E+00;1.2865E+02
3.6380E+00;1.2858E+02
3.6390E+00;1.2852E+02
3.6400E+00;1.2845E+02
3.6410E+00;1.2839E+02
3.6420E+00;1.2832E+02
3.6430E+00;1.2826E+02
3.6440E+00;1.2819E+02
3.6450E+00;1.2812E+02
3.6460E+00;1.2806E+02
3.6470E+00;1.2799E+02
3.6480E+00;1.2793E+02
3.6490E+00;1.2786E+02
3.6500E+00;1.2780E+02
3.6510E+00;1.2773E+02
3.6520E+00;1.2767E+02
3.6530E+00;1.2760E+02
3.6540E+00;1.2754E+02
3.6550E+00;1.2747E+02
3.6560E+00;1.2741E+02
3.6570E+00;1.2734E+02
3.6580E+00;1.2727E+02
3.6590E+00;1.2721E+02
3.6600E+00;1.2714E+02
3.6610E+00;1.2708E+02
3.6620E+00;1.2701E+02
3.6630E+00;1.2695E+02
3.6640E+00;1.2688E+02
3.6650E+00;1.2682E+02
3.6660E+00;1.2675E+02
3.6670E+00;1.2669E+02
3.6680E+00;1.2662E+02
3.6690E+00;1.2655E+02
3.6700E+00;1.2649E+02
3.6710E+00;1.2642E+02
3.6720E+00;1.2636E+02
3.6730E+00;1.2629E+02
3.6740E+00;1.2623E+02
3.6750E+00;1.2616E+02
3.6760E+00;1.2610E+02
3.6770E+00;1.2603E+02
3.6780E+00;1.2597E+02
3.6790E+00;1.2590E+02
3.6800E+00;1.2583E+02
3.6810E+00;1.2577E+02
3.6820E+00;1.2570E+02
3.6830E+00;1.2564E+02
3.6840E+00;1.2557E+02
3.6850E+00;1.2551E+02
3.6860E+00;1.2544E+02
3.6870E+00;1.2538E+02
3.6880E+00;1.2531E+02
3.6890E+00;1.2525E+02
3.6900E+00;1.2518E+02
3.6910E+00;1.2511E+02
3.6920E+00;1.2505E+02
3.6930E+00;1.2498E+02
3.6940E+00;1.2492E+02
3.6950E+00;1.2485E+02
3.6960E+00;1.2479E+02
3.6970E+00;1.2472E+02
3.6980E+00;1.2466E+02
3.6990E+00;1.2459E+02
3.7000E+00;1.2453E+02
3.7010E+00;1.2446E+02
3.7020E+00;1.2440E+02
3.7030E+00;1.2433E+02
3.7040E+00;1.2426E+02
3.7050E+00;1.2420E+02
3.7060E+00;1.2413E+02
3.7070E+00;1.2407E+02
3.7080E+00;1.2400E+02
3.7090E+00;1.2394E+02
3.7100E+00;1.2387E+02
3.7110E+00;1.2381E+02
3.7120E+00;1.2374E+02
3.7130E+00;1.2368E+02
3.7140E+00;1.2361E+02
3.7150E+00;1.2354E+02
3.7160E+00;1.2348E+02
3.7170E+00;1.2341E+02
3.7180E+00;1.2335E+02
3.7190E+00;1.2328E+02
3.7200E+00;1.2322E+02
3.7210E+00;1.2315E+02
3.7220E+00;1.2309E+02
3.7230E+00;1.2302E+02
3.7240E+00;1.2296E+02
3.7250E+00;1.2289E+02
3.7260E+00;1.2282E+02
3.7270E+00;1.2276E+02
3.7280E+00;1.2269E+02
3.7290E+00;1.2263E+02
3.7300E+00;1.2256E+02
3.7310E+00;1.2250E+02
3.7320E+00;1.2243E+02
3.7330E+00;1.2237E+02
3.7340E+00;1.2230E+02
3.7350E+00;1.2224E+02
3.7360E+00;1.2217E+02
3.7370E+00;1.2210E+02
3.7380E+00;1.2204E+02
3.7390E+00;1.2197E+02
3.7400E+00;1.2191E+02
3.7410E+00;1.2184E+02
3.7420E+00;1.2178E+02
3.7430E+00;1.2171E+02
3.7440E+00;1.2165E+02
3.7450E+00;1.2158E+02
3.7460E+00;1.2152E+02
3.7470E+00;1.2145E+02
3.7480E+00;1.2139E+02
3.7490E+00;1.2132E+02
3.7500E+00;1.2125E+02
3.7510E+00;1.2119E+02
3.7520E+00;1.2112E+02
3.7530E+00;1.2106E+02
3.7540E+00;1.2099E+02
3.7550E+00;1.2093E+02
3.7560E+00;1.2086E+02
3.7570E+00;1.2080E+02
3.7580E+00;1.2073E+02
3.7590E+00;1.2067E+02
3.7600E+00;1.2060E+02
3.7610E+00;1.2053E+02
3.7620E+00;1.2047E+02
3.7630E+00;1.2040E+02
3.7640E+00;1.2034E+02
3.7650E+00;1.2027E+02
3.7660E+00;1.2021E+02
3.7670E+00;1.2014E+02
3.7680E+00;1.2008E+02
3.7690E+00;1.2001E+02
3.7700E+00;1.1995E+02
3.7710E+00;1.1988E+02
3.7720E+00;1.1981E+02
3.7730E+00;1.1975E+02
3.7740E+00;1.1968E+02
3.7750E+00;1.1962E+02
3.7760E+00;1.1955E+02
3.7770E+00;1.1949E+02
3.7780E+00;1.1942E+02
3.7790E+00;1.1936E+02
3.7800E+00;1.1929E+02
3.7810E+00;1.1923E+02
3.7820E+00;1.1916E+02
3.7830E+00;1.1909E+02
3.7840E+00;1.1903E+02
3.7850E+00;1.1896E+02
3.7860E+00;1.1890E+02
3.7870E+00;1.1883E+02
3.7880E+00;1.1877E+02
3.7890E+00;1.1870E+02
3.7900E+00;1.1864E+02
3.7910E+00;1.1857E+02
3.7920E+00;1.1851E+02
3.7930E+00;1.1844E+02
3.7940E+00;1.1837E+02
3.7950E+00;1.1831E+02
3.7960E+00;1.1824E+02
3.7970E+00;1.1818E+02
3.7980E+00;1.1811E+02
3.7990E+00;1.1805E+02
3.8000E+00;1.1798E+02
3.8010E+00;1.1792E+02
3.8020E+00;1.1785E+02
3.8030E+00;1.1779E+02
3.8040E+00;1.1772E+02
3.8050E+00;1.1766E+02
3.8060E+00;1.1759E+02
3.8070E+00;1.1752E+02
3.8080E+00;1.1746E+02
3.8090E+00;1.1739E+02
3.8100E+00;1.1733E+02
3.8110E+00;1.1726E+02
3.8120E+00;1.1720E+02
3.8130E+00;1.1713E+02
3.8140E+00;1.1707E+02
3.8150E+00;1.1700E+02
3.8160E+00;1.1694E+02
3.8170E+00;1.1687E+02
3.8180E+00;1.1680E+02
3.8190E+00;1.1674E+02
3.8200E+00;1.1667E+02
3.8210E+00;1.1661E+02
3.8220E+00;1.1654E+02
3.8230E+00;1.1648E+02
3.8240E+00;1.1641E+02
3.8250E+00;1.1635E+02
3.8260E+00;1.1628E+02
3.8270E+00;1.1622E+02
3.8280E+00;1.1615E+02
3.8290E+00;1.1608E+02
3.8300E+00;1.1602E+02
3.8310E+00;1.1595E+02
3.8320E+00;1.1589E+02
3.8330E+00;1.1582E+02
3.8340E+00;1.1576E+02
3.8350E+00;1.1569E+02
3.8360E+00;1.1563E+02
3.8370E+00;1.1556E+02
3.8380E+00;1.1550E+02
3.8390E+00;1.1543E+02
3.8400E+00;1.1536E+02
3.8410E+00;1.1530E+02
3.8420E+00;1.1523E+02
3.8430E+00;1.1517E+02
3.8440E+00;1.1510E+02
3.8450E+00;1.1504E+02
3.8460E+00;1.1497E+02
3.8470E+00;1.1491E+02
3.8480E+00;1.1484E+02
3.8490E+00;1.1478E+02
3.8500E+00;1.1471E+02
3.8510E+00;1.1465E+02
3.8520E+00;1.1458E+02
3.8530E+00;1.1451E+02
3.8540E+00;1.1445E+02
3.8550E+00;1.1438E+02
3.8560E+00;1.1432E+02
3.8570E+00;1.1425E+02
3.8580E+00;1.1419E+02
3.8590E+00;1.1412E+02
3.8600E+00;1.1406E+02
3.8610E+00;1.1399E+02
3.8620E+00;1.1393E+02
3.8630E+00;1.1386E+02
3.8640E+00;1.1379E+02
3.8650E+00;1.1373E+02
3.8660E+00;1.1366E+02
3.8670E+00;1.1360E+02
3.8680E+00;1.1353E+02
3.8690E+00;1.1347E+02
3.8700E+00;1.1340E+02
3.8710E+00;1.1334E+02
3.8720E+00;1.1327E+02
3.8730E+00;1.1321E+02
3.8740E+00;1.1314E+02
3.8750E+00;1.1307E+02
3.8760E+00;1.1301E+02
3.8770E+00;1.1294E+02
3.8780E+00;1.1288E+02
3.8790E+00;1.1281E+02
3.8800E+00;1.1275E+02
3.8810E+00;1.1268E+02
3.8820E+00;1.1262E+02
3.8830E+00;1.1255E+02
3.8840E+00;1.1249E+02
3.8850E+00;1.1242E+02
3.8860E+00;1.1235E+02
3.8870E+00;1.1229E+02
3.8880E+00;1.1222E+02
3.8890E+00;1.1216E+02
3.8900E+00;1.1209E+02
3.8910E+00;1.1203E+02
3.8920E+00;1.1196E+02
3.8930E+00;1.1190E+02
3.8940E+00;1.1183E+02
3.8950E+00;1.1177E+02
3.8960E+00;1.1170E+02
3.8970E+00;1.1164E+02
3.8980E+00;1.1157E+02
3.8990E+00;1.1150E+02
3.9000E+00;1.1144E+02
3.9010E+00;1.1137E+02
3.9020E+00;1.1131E+02
3.9030E+00;1.1124E+02
3.9040E+00;1.1118E+02
3.9050E+00;1.1111E+02
3.9060E+00;1.1105E+02
3.9070E+00;1.1098E+02
3.9080E+00;1.1092E+02
3.9090E+00;1.1085E+02
3.9100E+00;1.1078E+02
3.9110E+00;1.1072E+02
3.9120E+00;1.1065E+02
3.9130E+00;1.1059E+02
3.9140E+00;1.1052E+02
3.9150E+00;1.1046E+02
3.9160E+00;1.1039E+02
3.9170E+00;1.1033E+02
3.9180E+00;1.1026E+02
3.9190E+00;1.1020E+02
3.9200E+00;1.1013E+02
3.9210E+00;1.1006E+02
3.9220E+00;1.1000E+02
3.9230E+00;1.0993E+02
3.9240E+00;1.0987E+02
3.9250E+00;1.0980E+02
3.9260E+00;1.0974E+02
3.9270E+00;1.0967E+02
3.9280E+00;1.0961E+02
3.9290E+00;1.0954E+02
3.9300E+00;1.0948E+02
3.9310E+00;1.0941E+02
3.9320E+00;1.0934E+02
3.9330E+00;1.0928E+02
3.9340E+00;1.0921E+02
3.9350E+00;1.0915E+02
3.9360E+00;1.0908E+02
3.9370E+00;1.0902E+02
3.9380E+00;1.0895E+02
3.9390E+00;1.0889E+02
3.9400E+00;1.0882E+02
3.9410E+00;1.0876E+02
3.9420E+00;1.0869E+02
3.9430E+00;1.0863E+02
3.9440E+00;1.0856E+02
3.9450E+00;1.0849E+02
3.9460E+00;1.0843E+02
3.9470E+00;1.0836E+02
3.9480E+00;1.0830E+02
3.9490E+00;1.0823E+02
3.9500E+00;1.0817E+02
3.9510E+00;1.0810E+02
3.9520E+00;1.0804E+02
3.9530E+00;1.0797E+02
3.9540E+00;1.0791E+02
3.9550E+00;1.0784E+02
3.9560E+00;1.0777E+02
3.9570E+00;1.0771E+02
3.9580E+00;1.0764E+02
3.9590E+00;1.0758E+02
3.9600E+00;1.0751E+02
3.9610E+00;1.0745E+02
3.9620E+00;1.0738E+02
3.9630E+00;1.0732E+02
3.9640E+00;1.0725E+02
3.9650E+00;1.0719E+02
3.9660E+00;1.0712E+02
3.9670E+00;1.0705E+02
3.9680E+00;1.0699E+02
3.9690E+00;1.0692E+02
3.9700E+00;1.0686E+02
3.9710E+00;1.0679E+02
3.9720E+00;1.0673E+02
3.9730E+00;1.0666E+02
3.9740E+00;1.0660E+02
3.9750E+00;1.0653E+02
3.9760E+00;1.0647E+02
3.9770E+00;1.0640E+02
3.9780E+00;1.0633E+02
3.9790E+00;1.0627E+02
3.9800E+00;1.0620E+02
3.9810E+00;1.0614E+02
3.9820E+00;1.0607E+02
3.9830E+00;1.0601E+02
3.9840E+00;1.0594E+02
3.9850E+00;1.0588E+02
3.9860E+00;1.0581E+02
3.9870E+00;1.0575E+02
3.9880E+00;1.0568E+02
3.9890E+00;1.0562E+02
3.9900E+00;1.0555E+02
3.9910E+00;1.0548E+02
3.9920E+00;1.0542E+02
3.9930E+00;1.0535E+02
3.9940E+00;1.0529E+02
3.9950E+00;1.0522E+02
3.9960E+00;1.0516E+02
3.9970E+00;1.0509E+02
3.9980E+00;1.0503E+02
3.9990E+00;1.0496E+02
4.0000E+00;1.0490E+02
4.0010E+00;1.0483E+02
4.0020E+00;1.0476E+02
4.0030E+00;1.0470E+02
4.0040E+00;1.0463E+02
4.0050E+00;1.0457E+02
4.0060E+00;1.0450E+02
4.0070E+00;1.0444E+02
4.0080E+00;1.0437E+02
4.0090E+00;1.0431E+02
4.0100E+00;1.0424E+02
4.0110E+00;1.0418E+02
4.0120E+00;1.0411E+02
4.0130E+00;1.0404E+02
4.0140E+00;1.0398E+02
4.0150E+00;1.0391E+02
4.0160E+00;1.0385E+02
4.0170E+00;1.0378E+02
4.0180E+00;1.0372E+02
4.0190E+00;1.0365E+02
4.0200E+00;1.0359E+02
4.0210E+00;1.0352E+02
4.0220E+00;1.0346E+02
4.0230E+00;1.0339E+02
4.0240E+00;1.0332E+02
4.0250E+00;1.0326E+02
4.0260E+00;1.0319E+02
4.0270E+00;1.0313E+02
4.0280E+00;1.0306E+02
4.0290E+00;1.0300E+02
4.0300E+00;1.0293E+02
4.0310E+00;1.0287E+02
4.0320E+00;1.0280E+02
4.0330E+00;1.0274E+02
4.0340E+00;1.0267E+02
4.0350E+00;1.0261E+02
4.0360E+00;1.0254E+02
4.0370E+00;1.0247E+02
4.0380E+00;1.0241E+02
4.0390E+00;1.0234E+02
4.0400E+00;1.0228E+02
4.0410E+00;1.0221E+02
4.0420E+00;1.0215E+02
4.0430E+00;1.0208E+02
4.0440E+00;1.0202E+02
4.0450E+00;1.0195E+02
4.0460E+00;1.0189E+02
4.0470E+00;1.0182E+02
4.0480E+00;1.0175E+02
4.0490E+00;1.0169E+02
4.0500E+00;1.0162E+02
4.0510E+00;1.0156E+02
4.0520E+00;1.0149E+02
4.0530E+00;1.0143E+02
4.0540E+00;1.0136E+02
4.0550E+00;1.0130E+02
4.0560E+00;1.0123E+02
4.0570E+00;1.0117E+02
4.0580E+00;1.0110E+02
4.0590E+00;1.0103E+02
4.0600E+00;1.0097E+02
4.0610E+00;1.0090E+02
4.0620E+00;1.0084E+02
4.0630E+00;1.0077E+02
4.0640E+00;1.0071E+02
4.0650E+00;1.0064E+02
4.0660E+00;1.0058E+02
4.0670E+00;1.0051E+02
4.0680E+00;1.0045E+02
4.0690E+00;1.0038E+02
4.0700E+00;1.0031E+02
4.0710E+00;1.0025E+02
4.0720E+00;1.0018E+02
4.0730E+00;1.0012E+02
4.0740E+00;1.0005E+02
4.0750E+00;9.9988E+01
4.0760E+00;9.9922E+01
4.0770E+00;9.9857E+01
4.0780E+00;9.9791E+01
4.0790E+00;9.9726E+01
4.0800E+00;9.9660E+01
4.0810E+00;9.9595E+01
4.0820E+00;9.9530E+01
4.0830E+00;9.9464E+01
4.0840E+00;9.9399E+01
4.0850E+00;9.9333E+01
4.0860E+00;9.9268E+01
4.0870E+00;9.9202E+01
4.0880E+00;9.9137E+01
4.0890E+00;9.9071E+01
4.0900E+00;9.9006E+01
4.0910E+00;9.8941E+01
4.0920E+00;9.8875E+01
4.0930E+00;9.8810E+01
4.0940E+00;9.8744E+01
4.0950E+00;9.8679E+01
4.0960E+00;9.8613E+01
4.0970E+00;9.8548E+01
4.0980E+00;9.8483E+01
4.0990E+00;9.8417E+01
4.1000E+00;9.8352E+01
4.1010E+00;9.8286E+01
4.1020E+00;9.8221E+01
4.1030E+00;9.8155E+01
4.1040E+00;9.8090E+01
4.1050E+00;9.8025E+01
4.1060E+00;9.7959E+01
4.1070E+00;9.7894E+01
4.1080E+00;9.7828E+01
4.1090E+00;9.7763E+01
4.1100E+00;9.7697E+01
4.1110E+00;9.7632E+01
4.1120E+00;9.7566E+01
4.1130E+00;9.7501E+01
4.1140E+00;9.7436E+01
4.1150E+00;9.7370E+01
4.1160E+00;9.7305E+01
4.1170E+00;9.7239E+01
4.1180E+00;9.7174E+01
4.1190E+00;9.7108E+01
4.1200E+00;9.7043E+01
4.1210E+00;9.6978E+01
4.1220E+00;9.6912E+01
4.1230E+00;9.6847E+01
4.1240E+00;9.6781E+01
4.1250E+00;9.6716E+01
4.1260E+00;9.6650E+01
4.1270E+00;9.6585E+01
4.1280E+00;9.6520E+01
4.1290E+00;9.6454E+01
4.1300E+00;9.6389E+01
4.1310E+00;9.6323E+01
4.1320E+00;9.6258E+01
4.1330E+00;9.6192E+01
4.1340E+00;9.6127E+01
4.1350E+00;9.6061E+01
4.1360E+00;9.5996E+01
4.1370E+00;9.5931E+01
4.1380E+00;9.5865E+01
4.1390E+00;9.5800E+01
4.1400E+00;9.5734E+01
4.1410E+00;9.5669E+01
4.1420E+00;9.5603E+01
4.1430E+00;9.5538E+01
4.1440E+00;9.5473E+01
4.1450E+00;9.5407E+01
4.1460E+00;9.5342E+01
4.1470E+00;9.5276E+01
4.1480E+00;9.5211E+01
4.1490E+00;9.5145E+01
4.1500E+00;9.5080E+01
4.1510E+00;9.5015E+01
4.1520E+00;9.4949E+01
4.1530E+00;9.4884E+01
4.1540E+00;9.4818E+01
4.1550E+00;9.4753E+01
4.1560E+00;9.4687E+01
4.1570E+00;9.4622E+01
4.1580E+00;9.4556E+01
4.1590E+00;9.4491E+01
4.1600E+00;9.4426E+01
4.1610E+00;9.4360E+01
4.1620E+00;9.4295E+01
4.1630E+00;9.4229E+01
4.1640E+00;9.4164E+01
4.1650E+00;9.4098E+01
4.1660E+00;9.4033E+01
4.1670E+00;9.3968E+01
4.1680E+00;9.3902E+01
4.1690E+00;9.3837E+01
4.1700E+00;9.3771E+01
4.1710E+00;9.3706E+01
4.1720E+00;9.3640E+01
4.1730E+00;9.3575E+01
4.1740E+00;9.3510E+01
4.1750E+00;9.3444E+01
4.1760E+00;9.3379E+01
4.1770E+00;9.3313E+01
4.1780E+00;9.3248E+01
4.1790E+00;9.3182E+01
4.1800E+00;9.3117E+01
4.1810E+00;9.3051E+01
4.1820E+00;9.2986E+01
4.1830E+00;9.2921E+01
4.1840E+00;9.2855E+01
4.1850E+00;9.2790E+01
4.1860E+00;9.2724E+01
4.1870E+00;9.2659E+01
4.1880E+00;9.2593E+01
4.1890E+00;9.2528E+01
4.1900E+00;9.2463E+01
4.1910E+00;9.2397E+01
4.1920E+00;9.2332E+01
4.1930E+00;9.2266E+01
4.1940E+00;9.2201E+01
4.1950E+00;9.2135E+01
4.1960E+00;9.2070E+01
4.1970E+00;9.2005E+01
4.1980E+00;9.1939E+01
4.1990E+00;9.1874E+01
4.2000E+00;9.1808E+01
4.2010E+00;9.1743E+01
4.2020E+00;9.1677E+01
4.2030E+00;9.1612E+01
4.2040E+00;9.1546E+01
4.2050E+00;9.1481E+01
4.2060E+00;9.1416E+01
4.2070E+00;9.1350E+01
4.2080E+00;9.1285E+01
4.2090E+00;9.1219E+01
4.2100E+00;9.1154E+01
4.2110E+00;9.1088E+01
4.2120E+00;9.1023E+01
4.2130E+00;9.0958E+01
4.2140E+00;9.0892E+01
4.2150E+00;9.0827E+01
4.2160E+00;9.0761E+01
4.2170E+00;9.0696E+01
4.2180E+00;9.0630E+01
4.2190E+00;9.0565E+01
4.2200E+00;9.0500E+01
4.2210E+00;9.0434E+01
4.2220E+00;9.0369E+01
4.2230E+00;9.0303E+01
4.2240E+00;9.0238E+01
4.2250E+00;9.0172E+01
4.2260E+00;9.0107E+01
4.2270E+00;9.0041E+01
4.2280E+00;8.9976E+01
4.2290E+00;8.9911E+01
4.2300E+00;8.9845E+01
4.2310E+00;8.9780E+01
4.2320E+00;8.9714E+01
4.2330E+00;8.9649E+01
4.2340E+00;8.9583E+01
4.2350E+00;8.9518E+01
4.2360E+00;8.9453E+01
4.2370E+00;8.9387E+01
4.2380E+00;8.9322E+01
4.2390E+00;8.9256E+01
4.2400E+00;8.9191E+01
4.2410E+00;8.9125E+01
4.2420E+00;8.9060E+01
4.2430E+00;8.8994E+01
4.2440E+00;8.8929E+01
4.2450E+00;8.8864E+01
4.2460E+00;8.8798E+01
4.2470E+00;8.8733E+01
4.2480E+00;8.8667E+01
4.2490E+00;8.8602E+01
4.2500E+00;8.8536E+01
4.2510E+00;8.8471E+01
4.2520E+00;8.8406E+01
4.2530E+00;8.8340E+01
4.2540E+00;8.8275E+01
4.2550E+00;8.8209E+01
4.2560E+00;8.8144E+01
4.2570E+00;8.8078E+01
4.2580E+00;8.8013E+01
4.2590E+00;8.7948E+01
4.2600E+00;8.7882E+01
4.2610E+00;8.7817E+01
4.2620E+00;8.7751E+01
4.2630E+00;8.7686E+01
4.2640E+00;8.7620E+01
4.2650E+00;8.7555E+01
4.2660E+00;8.7490E+01
4.2670E+00;8.7424E+01
4.2680E+00;8.7359E+01
4.2690E+00;8.7293E+01
4.2700E+00;8.7228E+01
4.2710E+00;8.7162E+01
4.2720E+00;8.7097E+01
4.2730E+00;8.7031E+01
4.2740E+00;8.6966E+01
4.2750E+00;8.6901E+01
4.2760E+00;8.6835E+01
4.2770E+00;8.6770E+01
4.2780E+00;8.6704E+01
4.2790E+00;8.6639E+01
4.2800E+00;8.6573E+01
4.2810E+00;8.6508E+01
4.2820E+00;8.6443E+01
4.2830E+00;8.6377E+01
4.2840E+00;8.6312E+01
4.2850E+00;8.6246E+01
4.2860E+00;8.6181E+01
4.2870E+00;8.6115E+01
4.2880E+00;8.6050E+01
4.2890E+00;8.5985E+01
4.2900E+00;8.5919E+01
4.2910E+00;8.5854E+01
4.2920E+00;8.5788E+01
4.2930E+00;8.5723E+01
4.2940E+00;8.5657E+01
4.2950E+00;8.5592E+01
4.2960E+00;8.5526E+01
4.2970E+00;8.5461E+01
4.2980E+00;8.5396E+01
4.2990E+00;8.5330E+01
4.3000E+00;8.5265E+01
4.3010E+00;8.5199E+01
4.3020E+00;8.5134E+01
4.3030E+00;8.5068E+01
4.3040E+00;8.5003E+01
4.3050E+00;8.4938E+01
4.3060E+00;8.4872E+01
4.3070E+00;8.4834E+01
4.3080E+00;8.4797E+01
4.3090E+00;8.4760E+01
4.3100E+00;8.4723E+01
4.3110E+00;8.4686E+01
4.3120E+00;8.4649E+01
4.3130E+00;8.4611E+01
4.3140E+00;8.4574E+01
4.3150E+00;8.4537E+01
4.3160E+00;8.4500E+01
4.3170E+00;8.4463E+01
4.3180E+00;8.4425E+01
4.3190E+00;8.4388E+01
4.3200E+00;8.4351E+01
4.3210E+00;8.4314E+01
4.3220E+00;8.4277E+01
4.3230E+00;8.4240E+01
4.3240E+00;8.4202E+01
4.3250E+00;8.4165E+01
4.3260E+00;8.4128E+01
4.3270E+00;8.4091E+01
4.3280E+00;8.4054E+01
4.3290E+00;8.4017E+01
4.3300E+00;8.3979E+01
4.3310E+00;8.3942E+01
4.3320E+00;8.3905E+01
4.3330E+00;8.3868E+01
4.3340E+00;8.3831E+01
4.3350E+00;8.3794E+01
4.3360E+00;8.3756E+01
4.3370E+00;8.3719E+01
4.3380E+00;8.3682E+01
4.3390E+00;8.3645E+01
4.3400E+00;8.3608E+01
4.3410E+00;8.3570E+01
4.3420E+00;8.3533E+01
4.3430E+00;8.3496E+01
4.3440E+00;8.3459E+01
4.3450E+00;8.3422E+01
4.3460E+00;8.3385E+01
4.3470E+00;8.3347E+01
4.3480E+00;8.3310E+01
4.3490E+00;8.3273E+01
4.3500E+00;8.3236E+01
4.3510E+00;8.3199E+01
4.3520E+00;8.3162E+01
4.3530E+00;8.3124E+01
4.3540E+00;8.3087E+01
4.3550E+00;8.3050E+01
4.3560E+00;8.3013E+01
4.3570E+00;8.2976E+01
4.3580E+00;8.2939E+01
4.3590E+00;8.2901E+01
4.3600E+00;8.2864E+01
4.3610E+00;8.2827E+01
4.3620E+00;8.2790E+01
4.3630E+00;8.2753E+01
4.3640E+00;8.2715E+01
4.3650E+00;8.2678E+01
4.3660E+00;8.2641E+01
4.3670E+00;8.2604E+01
4.3680E+00;8.2567E+01
4.3690E+00;8.2530E+01
4.3700E+00;8.2492E+01
4.3710E+00;8.2455E+01
4.3720E+00;8.2418E+01
4.3730E+00;8.2381E+01
4.3740E+00;8.2344E+01
4.3750E+00;8.2307E+01
4.3760E+00;8.2269E+01
4.3770E+00;8.2232E+01
4.3780E+00;8.2195E+01
4.3790E+00;8.2158E+01
4.3800E+00;8.2121E+01
4.3810E+00;8.2084E+01
4.3820E+00;8.2046E+01
4.3830E+00;8.2009E+01
4.3840E+00;8.1972E+01
4.3850E+00;8.1935E+01
4.3860E+00;8.1898E+01
4.3870E+00;8.1860E+01
4.3880E+00;8.1823E+01
4.3890E+00;8.1786E+01
4.3900E+00;8.1749E+01
4.3910E+00;8.1712E+01
4.3920E+00;8.1675E+01
4.3930E+00;8.1637E+01
4.3940E+00;8.1600E+01
4.3950E+00;8.1563E+01
4.3960E+00;8.1526E+01
4.3970E+00;8.1489E+01
4.3980E+00;8.1452E+01
4.3990E+00;8.1414E+01
4.4000E+00;8.1377E+01
4.4010E+00;8.1340E+01
4.4020E+00;8.1303E+01
4.4030E+00;8.1266E+01
4.4040E+00;8.1229E+01
4.4050E+00;8.1191E+01
4.4060E+00;8.1154E+01
4.4070E+00;8.1117E+01
4.4080E+00;8.1080E+01
4.4090E+00;8.1043E+01
4.4100E+00;8.1005E+01
4.4110E+00;8.0968E+01
4.4120E+00;8.0931E+01
4.4130E+00;8.0894E+01
4.4140E+00;8.0857E+01
4.4150E+00;8.0820E+01
4.4160E+00;8.0782E+01
4.4170E+00;8.0745E+01
4.4180E+00;8.0708E+01
4.4190E+00;8.0671E+01
4.4200E+00;8.0634E+01
4.4210E+00;8.0597E+01
4.4220E+00;8.0559E+01
4.4230E+00;8.0522E+01
4.4240E+00;8.0485E+01
4.4250E+00;8.0448E+01
4.4260E+00;8.0411E+01
4.4270E+00;8.0374E+01
4.4280E+00;8.0336E+01
4.4290E+00;8.0299E+01
4.4300E+00;8.0262E+01
4.4310E+00;8.0225E+01
4.4320E+00;8.0188E+01
4.4330E+00;8.0150E+01
4.4340E+00;8.0113E+01
4.4350E+00;8.0076E+01
4.4360E+00;8.0039E+01
4.4370E+00;8.0002E+01
4.4380E+00;7.9965E+01
4.4390E+00;7.9927E+01
4.4400E+00;7.9890E+01
4.4410E+00;7.9853E+01
4.4420E+00;7.9816E+01
4.4430E+00;7.9779E+01
4.4440E+00;7.9742E+01
4.4450E+00;7.9704E+01
4.4460E+00;7.9667E+01
4.4470E+00;7.9630E+01
4.4480E+00;7.9593E+01
4.4490E+00;7.9556E+01
4.4500E+00;7.9519E+01
4.4510E+00;7.9481E+01
4.4520E+00;7.9444E+01
4.4530E+00;7.9407E+01
4.4540E+00;7.9370E+01
4.4550E+00;7.9333E+01
4.4560E+00;7.9296E+01
4.4570E+00;7.9258E+01
4.4580E+00;7.9221E+01
4.4590E+00;7.9184E+01
4.4600E+00;7.9147E+01
4.4610E+00;7.9110E+01
4.4620E+00;7.9072E+01
4.4630E+00;7.9035E+01
4.4640E+00;7.8998E+01
4.4650E+00;7.8961E+01
4.4660E+00;7.8924E+01
4.4670E+00;7.8887E+01
4.4680E+00;7.8849E+01
4.4690E+00;7.8812E+01
4.4700E+00;7.8775E+01
4.4710E+00;7.8738E+01
4.4720E+00;7.8701E+01
4.4730E+00;7.8664E+01
4.4740E+00;7.8626E+01
4.4750E+00;7.8589E+01
4.4760E+00;7.8552E+01
4.4770E+00;7.8515E+01
4.4780E+00;7.8478E+01
4.4790E+00;7.8441E+01
4.4800E+00;7.8403E+01
4.4810E+00;7.8366E+01
4.4820E+00;7.8329E+01
4.4830E+00;7.8292E+01
4.4840E+00;7.8255E+01
4.4850E+00;7.8217E+01
4.4860E+00;7.8180E+01
4.4870E+00;7.8143E+01
4.4880E+00;7.8106E+01
4.4890E+00;7.8069E+01
4.4900E+00;7.8032E+01
4.4910E+00;7.7994E+01
4.4920E+00;7.7957E+01
4.4930E+00;7.7920E+01
4.4940E+00;7.7883E+01
4.4950E+00;7.7846E+01
4.4960E+00;7.7809E+01
4.4970E+00;7.7771E+01
4.4980E+00;7.7734E+01
4.4990E+00;7.7697E+01
4.5000E+00;7.7660E+01
4.5010E+00;7.7623E+01
4.5020E+00;7.7586E+01
4.5030E+00;7.7548E+01
4.5040E+00;7.7511E+01
4.5050E+00;7.7474E+01
4.5060E+00;7.7437E+01
4.5070E+00;7.7400E+01
4.5080E+00;7.7362E+01
4.5090E+00;7.7325E+01
4.5100E+00;7.7288E+01
4.5110E+00;7.7251E+01
4.5120E+00;7.7214E+01
4.5130E+00;7.7177E+01
4.5140E+00;7.7139E+01
4.5150E+00;7.7102E+01
4.5160E+00;7.7065E+01
4.5170E+00;7.7028E+01
4.5180E+00;7.6991E+01
4.5190E+00;7.6954E+01
4.5200E+00;7.6916E+01
4.5210E+00;7.6879E+01
4.5220E+00;7.6842E+01
4.5230E+00;7.6805E+01
4.5240E+00;7.6768E+01
4.5250E+00;7.6731E+01
4.5260E+00;7.6693E+01
4.5270E+00;7.6656E+01
4.5280E+00;7.6619E+01
4.5290E+00;7.6582E+01
4.5300E+00;7.6545E+01
4.5310E+00;7.6508E+01
4.5320E+00;7.6470E+01
4.5330E+00;7.6433E+01
4.5340E+00;7.6396E+01
4.5350E+00;7.6359E+01
4.5360E+00;7.6322E+01
4.5370E+00;7.6284E+01
4.5380E+00;7.6247E+01
4.5390E+00;7.6210E+01
4.5400E+00;7.6173E+01
4.5410E+00;7.6136E+01
4.5420E+00;7.6099E+01
4.5430E+00;7.6061E+01
4.5440E+00;7.6024E+01
4.5450E+00;7.5987E+01
4.5460E+00;7.5950E+01
4.5470E+00;7.5913E+01
4.5480E+00;7.5876E+01
4.5490E+00;7.5838E+01
4.5500E+00;7.5801E+01
4.5510E+00;7.5764E+01
4.5520E+00;7.5727E+01
4.5530E+00;7.5690E+01
4.5540E+00;7.5653E+01
4.5550E+00;7.5615E+01
4.5560E+00;7.5578E+01
4.5570E+00;7.5541E+01
4.5580E+00;7.5504E+01
4.5590E+00;7.5467E+01
4.5600E+00;7.5429E+01
4.5610E+00;7.5392E+01
4.5620E+00;7.5355E+01
4.5630E+00;7.5318E+01
4.5640E+00;7.5281E+01
4.5650E+00;7.5244E+01
4.5660E+00;7.5206E+01
4.5670E+00;7.5169E+01
4.5680E+00;7.5132E+01
4.5690E+00;7.5095E+01
4.5700E+00;7.5058E+01
4.5710E+00;7.5021E+01
4.5720E+00;7.4983E+01
4.5730E+00;7.4946E+01
4.5740E+00;7.4909E+01
4.5750E+00;7.4872E+01
4.5760E+00;7.4835E+01
4.5770E+00;7.4798E+01
4.5780E+00;7.4760E+01
4.5790E+00;7.4723E+01
4.5800E+00;7.4686E+01
4.5810E+00;7.4649E+01
4.5820E+00;7.4612E+01
4.5830E+00;7.4574E+01
4.5840E+00;7.4537E+01
4.5850E+00;7.4500E+01
4.5860E+00;7.4463E+01
4.5870E+00;7.4426E+01
4.5880E+00;7.4389E+01
4.5890E+00;7.4351E+01
4.5900E+00;7.4314E+01
4.5910E+00;7.4277E+01
4.5920E+00;7.4240E+01
4.5930E+00;7.4203E+01
4.5940E+00;7.4166E+01
4.5950E+00;7.4128E+01
4.5960E+00;7.4091E+01
4.5970E+00;7.4054E+01
4.5980E+00;7.4017E+01
4.5990E+00;7.3980E+01
4.6000E+00;7.3943E+01
4.6010E+00;7.3905E+01
4.6020E+00;7.3868E+01
4.6030E+00;7.3831E+01
4.6040E+00;7.3794E+01
4.6050E+00;7.3757E+01
4.6060E+00;7.3720E+01
4.6070E+00;7.3682E+01
4.6080E+00;7.3645E+01
4.6090E+00;7.3608E+01
4.6100E+00;7.3571E+01
4.6110E+00;7.3534E+01
4.6120E+00;7.3496E+01
4.6130E+00;7.3459E+01
4.6140E+00;7.3422E+01
4.6150E+00;7.3385E+01
4.6160E+00;7.3348E+01
4.6170E+00;7.3311E+01
4.6180E+00;7.3273E+01
4.6190E+00;7.3236E+01
4.6200E+00;7.3199E+01
4.6210E+00;7.3162E+01
4.6220E+00;7.3125E+01
4.6230E+00;7.3088E+01
4.6240E+00;7.3050E+01
4.6250E+00;7.3013E+01
4.6260E+00;7.2976E+01
4.6270E+00;7.2939E+01
4.6280E+00;7.2902E+01
4.6290E+00;7.2865E+01
4.6300E+00;7.2827E+01
4.6310E+00;7.2790E+01
4.6320E+00;7.2753E+01
4.6330E+00;7.2716E+01
4.6340E+00;7.2679E+01
4.6350E+00;7.2642E+01
4.6360E+00;7.2604E+01
4.6370E+00;7.2567E+01
4.6380E+00;7.2530E+01
4.6390E+00;7.2493E+01
4.6400E+00;7.2456E+01
4.6410E+00;7.2418E+01
4.6420E+00;7.2381E+01
4.6430E+00;7.2344E+01
4.6440E+00;7.2307E+01
4.6450E+00;7.2270E+01
4.6460E+00;7.2233E+01
4.6470E+00;7.2195E+01
4.6480E+00;7.2158E+01
4.6490E+00;7.2121E+01
4.6500E+00;7.2084E+01
4.6510E+00;7.2047E+01
4.6520E+00;7.2010E+01
4.6530E+00;7.1972E+01
4.6540E+00;7.1935E+01
4.6550E+00;7.1898E+01
4.6560E+00;7.1861E+01
4.6570E+00;7.1824E+01
4.6580E+00;7.1787E+01
4.6590E+00;7.1749E+01
4.6600E+00;7.1712E+01
4.6610E+00;7.1675E+01
4.6620E+00;7.1638E+01
4.6630E+00;7.1601E+01
4.6640E+00;7.1564E+01
4.6650E+00;7.1526E+01
4.6660E+00;7.1489E+01
4.6670E+00;7.1452E+01
4.6680E+00;7.1415E+01
4.6690E+00;7.1378E+01
4.6700E+00;7.1340E+01
4.6710E+00;7.1303E+01
4.6720E+00;7.1266E+01
4.6730E+00;7.1229E+01
4.6740E+00;7.1192E+01
4.6750E+00;7.1155E+01
4.6760E+00;7.1117E+01
4.6770E+00;7.1080E+01
4.6780E+00;7.1043E+01
4.6790E+00;7.1006E+01
4.6800E+00;7.0969E+01
4.6810E+00;7.0932E+01
4.6820E+00;7.0894E+01
4.6830E+00;7.0857E+01
4.6840E+00;7.0820E+01
4.6850E+00;7.0783E+01
4.6860E+00;7.0746E+01
4.6870E+00;7.0709E+01
4.6880E+00;7.0671E+01
4.6890E+00;7.0634E+01
4.6900E+00;7.0597E+01
4.6910E+00;7.0560E+01
4.6920E+00;7.0523E+01
4.6930E+00;7.0486E+01
4.6940E+00;7.0448E+01
4.6950E+00;7.0411E+01
4.6960E+00;7.0374E+01
4.6970E+00;7.0337E+01
4.6980E+00;7.0300E+01
4.6990E+00;7.0262E+01
4.7000E+00;7.0225E+01
4.7010E+00;7.0188E+01
4.7020E+00;7.0151E+01
4.7030E+00;7.0114E+01
4.7040E+00;7.0077E+01
4.7050E+00;7.0039E+01
4.7060E+00;7.0002E+01
4.7070E+00;6.9965E+01
4.7080E+00;6.9928E+01
4.7090E+00;6.9891E+01
4.7100E+00;6.9854E+01
4.7110E+00;6.9816E+01
4.7120E+00;6.9779E+01
4.7130E+00;6.9742E+01
4.7140E+00;6.9705E+01
4.7150E+00;6.9668E+01
4.7160E+00;6.9631E+01
4.7170E+00;6.9593E+01
4.7180E+00;6.9556E+01
4.7190E+00;6.9519E+01
4.7200E+00;6.9482E+01
4.7210E+00;6.9445E+01
4.7220E+00;6.9407E+01
4.7230E+00;6.9370E+01
4.7240E+00;6.9333E+01
4.7250E+00;6.9296E+01
4.7260E+00;6.9259E+01
4.7270E+00;6.9222E+01
4.7280E+00;6.9184E+01
4.7290E+00;6.9147E+01
4.7300E+00;6.9110E+01
4.7310E+00;6.9073E+01
4.7320E+00;6.9036E+01
4.7330E+00;6.8999E+01
4.7340E+00;6.8961E+01
4.7350E+00;6.8924E+01
4.7360E+00;6.8887E+01
4.7370E+00;6.8850E+01
4.7380E+00;6.8813E+01
4.7390E+00;6.8776E+01
4.7400E+00;6.8738E+01
4.7410E+00;6.8701E+01
4.7420E+00;6.8664E+01
4.7430E+00;6.8627E+01
4.7440E+00;6.8590E+01
4.7450E+00;6.8553E+01
4.7460E+00;6.8515E+01
4.7470E+00;6.8478E+01
4.7480E+00;6.8441E+01
4.7490E+00;6.8404E+01
4.7500E+00;6.8367E+01
4.7510E+00;6.8330E+01
4.7520E+00;6.8292E+01
4.7530E+00;6.8255E+01
4.7540E+00;6.8218E+01
4.7550E+00;6.8181E+01
4.7560E+00;6.8144E+01
4.7570E+00;6.8106E+01
4.7580E+00;6.8069E+01
4.7590E+00;6.8032E+01
4.7600E+00;6.7995E+01
4.7610E+00;6.7958E+01
4.7620E+00;6.7921E+01
4.7630E+00;6.7883E+01
4.7640E+00;6.7846E+01
4.7650E+00;6.7809E+01
4.7660E+00;6.7772E+01
4.7670E+00;6.7735E+01
4.7680E+00;6.7698E+01
4.7690E+00;6.7660E+01
4.7700E+00;6.7623E+01
4.7710E+00;6.7586E+01
4.7720E+00;6.7549E+01
4.7730E+00;6.7512E+01
4.7740E+00;6.7475E+01
4.7750E+00;6.7437E+01
4.7760E+00;6.7400E+01
4.7770E+00;6.7363E+01
4.7780E+00;6.7326E+01
4.7790E+00;6.7289E+01
4.7800E+00;6.7251E+01
4.7810E+00;6.7214E+01
4.7820E+00;6.7177E+01
4.7830E+00;6.7140E+01
4.7840E+00;6.7103E+01
4.7850E+00;6.7066E+01
4.7860E+00;6.7028E+01
4.7870E+00;6.6991E+01
4.7880E+00;6.6954E+01
4.7890E+00;6.6917E+01
4.7900E+00;6.6880E+01
4.7910E+00;6.6843E+01
4.7920E+00;6.6805E+01
4.7930E+00;6.6768E+01
4.7940E+00;6.6731E+01
4.7950E+00;6.6694E+01
4.7960E+00;6.6657E+01
4.7970E+00;6.6620E+01
4.7980E+00;6.6582E+01
4.7990E+00;6.6545E+01
4.8000E+00;6.6508E+01
4.8010E+00;6.6471E+01
4.8020E+00;6.6434E+01
4.8030E+00;6.6397E+01
4.8040E+00;6.6359E+01
4.8050E+00;6.6322E+01
4.8060E+00;6.6285E+01
4.8070E+00;6.6248E+01
4.8080E+00;6.6211E+01
4.8090E+00;6.6174E+01
4.8100E+00;6.6136E+01
4.8110E+00;6.6099E+01
4.8120E+00;6.6062E+01
4.8130E+00;6.6025E+01
4.8140E+00;6.5988E+01
4.8150E+00;6.5950E+01
4.8160E+00;6.5913E+01
4.8170E+00;6.5876E+01
4.8180E+00;6.5839E+01
4.8190E+00;6.5802E+01
4.8200E+00;6.5765E+01
4.8210E+00;6.5727E+01
4.8220E+00;6.5690E+01
4.8230E+00;6.5653E+01
4.8240E+00;6.5616E+01
4.8250E+00;6.5579E+01
4.8260E+00;6.5542E+01
4.8270E+00;6.5504E+01
4.8280E+00;6.5467E+01
4.8290E+00;6.5430E+01
4.8300E+00;6.5393E+01
4.8310E+00;6.5356E+01
4.8320E+00;6.5319E+01
4.8330E+00;6.5281E+01
4.8340E+00;6.5244E+01
4.8350E+00;6.5207E+01
4.8360E+00;6.5170E+01
4.8370E+00;6.5133E+01
4.8380E+00;6.5096E+01
4.8390E+00;6.5058E+01
4.8400E+00;6.5021E+01
4.8410E+00;6.4984E+01
4.8420E+00;6.4947E+01
4.8430E+00;6.4910E+01
4.8440E+00;6.4873E+01
4.8450E+00;6.4835E+01
4.8460E+00;6.4798E+01
4.8470E+00;6.4761E+01
4.8480E+00;6.4724E+01
4.8490E+00;6.4687E+01
4.8500E+00;6.4649E+01
4.8510E+00;6.4612E+01
4.8520E+00;6.4575E+01
4.8530E+00;6.4538E+01
4.8540E+00;6.4501E+01
4.8550E+00;6.4464E+01
4.8560E+00;6.4426E+01
4.8570E+00;6.4389E+01
4.8580E+00;6.4352E+01
4.8590E+00;6.4315E+01
4.8600E+00;6.4278E+01
4.8610E+00;6.4241E+01
4.8620E+00;6.4203E+01
4.8630E+00;6.4166E+01
4.8640E+00;6.4129E+01
4.8650E+00;6.4092E+01
4.8660E+00;6.4055E+01
4.8670E+00;6.4018E+01
4.8680E+00;6.3980E+01
4.8690E+00;6.3943E+01
4.8700E+00;6.3906E+01
4.8710E+00;6.3869E+01
4.8720E+00;6.3832E+01
4.8730E+00;6.3795E+01
4.8740E+00;6.3757E+01
4.8750E+00;6.3720E+01
4.8760E+00;6.3683E+01
4.8770E+00;6.3646E+01
4.8780E+00;6.3609E+01
4.8790E+00;6.3571E+01
4.8800E+00;6.3534E+01
4.8810E+00;6.3497E+01
4.8820E+00;6.3460E+01
4.8830E+00;6.3423E+01
4.8840E+00;6.3386E+01
4.8850E+00;6.3348E+01
4.8860E+00;6.3311E+01
4.8870E+00;6.3274E+01
4.8880E+00;6.3237E+01
4.8890E+00;6.3200E+01
4.8900E+00;6.3163E+01
4.8910E+00;6.3125E+01
4.8920E+00;6.3088E+01
4.8930E+00;6.3051E+01
4.8940E+00;6.3014E+01
4.8950E+00;6.2977E+01
4.8960E+00;6.2940E+01
4.8970E+00;6.2902E+01
4.8980E+00;6.2865E+01
4.8990E+00;6.2828E+01
4.9000E+00;6.2791E+01
4.9010E+00;6.2754E+01
4.9020E+00;6.2717E+01
4.9030E+00;6.2679E+01
4.9040E+00;6.2642E+01
4.9050E+00;6.2605E+01
4.9060E+00;6.2568E+01
4.9070E+00;6.2531E+01
4.9080E+00;6.2494E+01
4.9090E+00;6.2456E+01
4.9100E+00;6.2419E+01
4.9110E+00;6.2382E+01
4.9120E+00;6.2345E+01
4.9130E+00;6.2308E+01
4.9140E+00;6.2270E+01
4.9150E+00;6.2233E+01
4.9160E+00;6.2196E+01
4.9170E+00;6.2159E+01
4.9180E+00;6.2122E+01
4.9190E+00;6.2085E+01
4.9200E+00;6.2047E+01
4.9210E+00;6.2010E+01
4.9220E+00;6.1973E+01
4.9230E+00;6.1936E+01
4.9240E+00;6.1901E+01
4.9250E+00;6.1867E+01
4.9260E+00;6.1833E+01
4.9270E+00;6.1798E+01
4.9280E+00;6.1764E+01
4.9290E+00;6.1730E+01
4.9300E+00;6.1696E+01
4.9310E+00;6.1662E+01
4.9320E+00;6.1627E+01
4.9330E+00;6.1593E+01
4.9340E+00;6.1559E+01
4.9350E+00;6.1525E+01
4.9360E+00;6.1491E+01
4.9370E+00;6.1456E+01
4.9380E+00;6.1422E+01
4.9390E+00;6.1388E+01
4.9400E+00;6.1354E+01
4.9410E+00;6.1320E+01
4.9420E+00;6.1285E+01
4.9430E+00;6.1251E+01
4.9440E+00;6.1217E+01
4.9450E+00;6.1183E+01
4.9460E+00;6.1149E+01
4.9470E+00;6.1114E+01
4.9480E+00;6.1080E+01
4.9490E+00;6.1046E+01
4.9500E+00;6.1012E+01
4.9510E+00;6.0978E+01
4.9520E+00;6.0944E+01
4.9530E+00;6.0909E+01
4.9540E+00;6.0875E+01
4.9550E+00;6.0841E+01
4.9560E+00;6.0807E+01
4.9570E+00;6.0773E+01
4.9580E+00;6.0739E+01
4.9590E+00;6.0705E+01
4.9600E+00;6.0670E+01
4.9610E+00;6.0636E+01
4.9620E+00;6.0602E+01
4.9630E+00;6.0568E+01
4.9640E+00;6.0534E+01
4.9650E+00;6.0500E+01
4.9660E+00;6.0466E+01
4.9670E+00;6.0432E+01
4.9680E+00;6.0398E+01
4.9690E+00;6.0363E+01
4.9700E+00;6.0329E+01
4.9710E+00;6.0295E+01
4.9720E+00;6.0261E+01
4.9730E+00;6.0227E+01
4.9740E+00;6.0193E+01
4.9750E+00;6.0159E+01
4.9760E+00;6.0125E+01
4.9770E+00;6.0091E+01
4.9780E+00;6.0057E+01
4.9790E+00;6.0022E+01
4.9800E+00;5.9988E+01
4.9810E+00;5.9954E+01
4.9820E+00;5.9920E+01
4.9830E+00;5.9886E+01
4.9840E+00;5.9852E+01
4.9850E+00;5.9818E+01
4.9860E+00;5.9784E+01
4.9870E+00;5.9750E+01
4.9880E+00;5.9716E+01
4.9890E+00;5.9682E+01
4.9900E+00;5.9648E+01
4.9910E+00;5.9614E+01
4.9920E+00;5.9580E+01
4.9930E+00;5.9546E+01
4.9940E+00;5.9512E+01
4.9950E+00;5.9478E+01
4.9960E+00;5.9444E+01
4.9970E+00;5.9410E+01
4.9980E+00;5.9376E+01
4.9990E+00;5.9342E+01
5.0000E+00;5.9308E+01
5.0010E+00;5.9274E+01
5.0020E+00;5.9240E+01
5.0030E+00;5.9206E+01
5.0040E+00;5.9172E+01
5.0050E+00;5.9138E+01
5.0060E+00;5.9104E+01
5.0070E+00;5.9070E+01
5.0080E+00;5.9036E+01
5.0090E+00;5.9002E+01
5.0100E+00;5.8968E+01
5.0110E+00;5.8934E+01
5.0120E+00;5.8900E+01
5.0130E+00;5.8866E+01
5.0140E+00;5.8832E+01
5.0150E+00;5.8798E+01
5.0160E+00;5.8764E+01
5.0170E+00;5.8730E+01
5.0180E+00;5.8696E+01
5.0190E+00;5.8662E+01
5.0200E+00;5.8628E+01
5.0210E+00;5.8594E+01
5.0220E+00;5.8560E+01
5.0230E+00;5.8526E+01
5.0240E+00;5.8492E+01
5.0250E+00;5.8458E+01
5.0260E+00;5.8424E+01
5.0270E+00;5.8405E+01
5.0280E+00;5.8390E+01
5.0290E+00;5.8376E+01
5.0300E+00;5.8361E+01
5.0310E+00;5.8346E+01
5.0320E+00;5.8332E+01
5.0330E+00;5.8317E+01
5.0340E+00;5.8303E+01
5.0350E+00;5.8288E+01
5.0360E+00;5.8274E+01
5.0370E+00;5.8259E+01
5.0380E+00;5.8245E+01
5.0390E+00;5.8230E+01
5.0400E+00;5.8216E+01
5.0410E+00;5.8201E+01
5.0420E+00;5.8186E+01
5.0430E+00;5.8172E+01
5.0440E+00;5.8157E+01
5.0450E+00;5.8143E+01
5.0460E+00;5.8128E+01
5.0470E+00;5.8114E+01
5.0480E+00;5.8099E+01
5.0490E+00;5.8085E+01
5.0500E+00;5.8070E+01
5.0510E+00;5.8055E+01
5.0520E+00;5.8041E+01
5.0530E+00;5.8026E+01
5.0540E+00;5.8012E+01
5.0550E+00;5.7997E+01
5.0560E+00;5.7983E+01
5.0570E+00;5.7968E+01
5.0580E+00;5.7954E+01
5.0590E+00;5.7939E+01
5.0600E+00;5.7925E+01
5.0610E+00;5.7910E+01
5.0620E+00;5.7895E+01
5.0630E+00;5.7881E+01
5.0640E+00;5.7866E+01
5.0650E+00;5.7852E+01
5.0660E+00;5.7837E+01
5.0670E+00;5.7823E+01
5.0680E+00;5.7808E+01
5.0690E+00;5.7794E+01
5.0700E+00;5.7779E+01
5.0710E+00;5.7765E+01
5.0720E+00;5.7750E+01
5.0730E+00;5.7735E+01
5.0740E+00;5.7721E+01
5.0750E+00;5.7706E+01
5.0760E+00;5.7692E+01
5.0770E+00;5.7677E+01
5.0780E+00;5.7663E+01
5.0790E+00;5.7648E+01
5.0800E+00;5.7634E+01
5.0810E+00;5.7619E+01
5.0820E+00;5.7605E+01
5.0830E+00;5.7590E+01
5.0840E+00;5.7575E+01
5.0850E+00;5.7561E+01
5.0860E+00;5.7546E+01
5.0870E+00;5.7532E+01
5.0880E+00;5.7517E+01
5.0890E+00;5.7503E+01
5.0900E+00;5.7488E+01
5.0910E+00;5.7474E+01
5.0920E+00;5.7459E+01
5.0930E+00;5.7445E+01
5.0940E+00;5.7430E+01
5.0950E+00;5.7415E+01
5.0960E+00;5.7401E+01
5.0970E+00;5.7386E+01
5.0980E+00;5.7372E+01
5.0990E+00;5.7357E+01
5.1000E+00;5.7343E+01
5.1010E+00;5.7328E+01
5.1020E+00;5.7314E+01
5.1030E+00;5.7299E+01
5.1040E+00;5.7285E+01
5.1050E+00;5.7270E+01
5.1060E+00;5.7256E+01
5.1070E+00;5.7241E+01
5.1080E+00;5.7226E+01
5.1090E+00;5.7212E+01
5.1100E+00;5.7197E+01
5.1110E+00;5.7183E+01
5.1120E+00;5.7168E+01
5.1130E+00;5.7154E+01
5.1140E+00;5.7139E+01
5.1150E+00;5.7125E+01
5.1160E+00;5.7110E+01
5.1170E+00;5.7096E+01
5.1180E+00;5.7081E+01
5.1190E+00;5.7067E+01
5.1200E+00;5.7052E+01
5.1210E+00;5.7037E+01
5.1220E+00;5.7023E+01
5.1230E+00;5.7008E+01
5.1240E+00;5.6994E+01
5.1250E+00;5.6979E+01
5.1260E+00;5.6965E+01
5.1270E+00;5.6950E+01
5.1280E+00;5.6936E+01
5.1290E+00;5.6921E+01
5.1300E+00;5.6907E+01
5.1310E+00;5.6892E+01
5.1320E+00;5.6878E+01
5.1330E+00;5.6863E+01
5.1340E+00;5.6848E+01
5.1350E+00;5.6834E+01
5.1360E+00;5.6819E+01
5.1370E+00;5.6805E+01
5.1380E+00;5.6790E+01
5.1390E+00;5.6776E+01
5.1400E+00;5.6761E+01
5.1410E+00;5.6747E+01
5.1420E+00;5.6732E+01
5.1430E+00;5.6718E+01
5.1440E+00;5.6703E+01
5.1450E+00;5.6689E+01
5.1460E+00;5.6674E+01
5.1470E+00;5.6659E+01
5.1480E+00;5.6645E+01
5.1490E+00;5.6630E+01
5.1500E+00;5.6616E+01
5.1510E+00;5.6601E+01
5.1520E+00;5.6587E+01
5.1530E+00;5.6572E+01
5.1540E+00;5.6558E+01
5.1550E+00;5.6543E+01
5.1560E+00;5.6529E+01
5.1570E+00;5.6514E+01
5.1580E+00;5.6500E+01
5.1590E+00;5.6485E+01
5.1600E+00;5.6471E+01
5.1610E+00;5.6456E+01
5.1620E+00;5.6441E+01
5.1630E+00;5.6427E+01
5.1640E+00;5.6412E+01
5.1650E+00;5.6398E+01
5.1660E+00;5.6383E+01
5.1670E+00;5.6369E+01
5.1680E+00;5.6354E+01
5.1690E+00;5.6340E+01
5.1700E+00;5.6325E+01
5.1710E+00;5.6311E+01
5.1720E+00;5.6296E+01
5.1730E+00;5.6282E+01
5.1740E+00;5.6267E+01
5.1750E+00;5.6253E+01
5.1760E+00;5.6238E+01
5.1770E+00;5.6224E+01
5.1780E+00;5.6209E+01
5.1790E+00;5.6194E+01
5.1800E+00;5.6180E+01
5.1810E+00;5.6165E+01
5.1820E+00;5.6151E+01
5.1830E+00;5.6136E+01
5.1840E+00;5.6122E+01
5.1850E+00;5.6107E+01
5.1860E+00;5.6093E+01
5.1870E+00;5.6078E+01
5.1880E+00;5.6064E+01
5.1890E+00;5.6049E+01
5.1900E+00;5.6035E+01
5.1910E+00;5.6020E+01
5.1920E+00;5.6006E+01
5.1930E+00;5.5991E+01
5.1940E+00;5.5977E+01
5.1950E+00;5.5963E+01
5.1960E+00;5.5949E+01
5.1970E+00;5.5936E+01
5.1980E+00;5.5922E+01
5.1990E+00;5.5908E+01
5.2000E+00;5.5894E+01
5.2010E+00;5.5880E+01
5.2020E+00;5.5866E+01
5.2030E+00;5.5853E+01
5.2040E+00;5.5839E+01
5.2050E+00;5.5825E+01
5.2060E+00;5.5811E+01
5.2070E+00;5.5797E+01
5.2080E+00;5.5783E+01
5.2090E+00;5.5769E+01
5.2100E+00;5.5756E+01
5.2110E+00;5.5742E+01
5.2120E+00;5.5728E+01
5.2130E+00;5.5714E+01
5.2140E+00;5.5700E+01
5.2150E+00;5.5686E+01
5.2160E+00;5.5672E+01
5.2170E+00;5.5659E+01
5.2180E+00;5.5645E+01
5.2190E+00;5.5631E+01
5.2200E+00;5.5617E+01
5.2210E+00;5.5603E+01
5.2220E+00;5.5589E+01
5.2230E+00;5.5575E+01
5.2240E+00;5.5562E+01
5.2250E+00;5.5548E+01
5.2260E+00;5.5534E+01
5.2270E+00;5.5520E+01
5.2280E+00;5.5506E+01
5.2290E+00;5.5492E+01
5.2300E+00;5.5479E+01
5.2310E+00;5.5465E+01
5.2320E+00;5.5451E+01
5.2330E+00;5.5437E+01
5.2340E+00;5.5423E+01
5.2350E+00;5.5409E+01
5.2360E+00;5.5395E+01
5.2370E+00;5.5382E+01
5.2380E+00;5.5368E+01
5.2390E+00;5.5354E+01
5.2400E+00;5.5340E+01
5.2410E+00;5.5326E+01
5.2420E+00;5.5312E+01
5.2430E+00;5.5298E+01
5.2440E+00;5.5285E+01
5.2450E+00;5.5271E+01
5.2460E+00;5.5257E+01
5.2470E+00;5.5243E+01
5.2480E+00;5.5229E+01
5.2490E+00;5.5215E+01
5.2500E+00;5.5201E+01
5.2510E+00;5.5188E+01
5.2520E+00;5.5174E+01
5.2530E+00;5.5160E+01
5.2540E+00;5.5146E+01
5.2550E+00;5.5132E+01
5.2560E+00;5.5118E+01
5.2570E+00;5.5105E+01
5.2580E+00;5.5091E+01
5.2590E+00;5.5077E+01
5.2600E+00;5.5063E+01
5.2610E+00;5.5049E+01
5.2620E+00;5.5035E+01
5.2630E+00;5.5021E+01
5.2640E+00;5.5008E+01
5.2650E+00;5.4994E+01
5.2660E+00;5.4980E+01
5.2670E+00;5.4966E+01
5.2680E+00;5.4952E+01
5.2690E+00;5.4938E+01
5.2700E+00;5.4924E+01
5.2710E+00;5.4911E+01
5.2720E+00;5.4897E+01
5.2730E+00;5.4883E+01
5.2740E+00;5.4869E+01
5.2750E+00;5.4855E+01
5.2760E+00;5.4841E+01
5.2770E+00;5.4827E+01
5.2780E+00;5.4814E+01
5.2790E+00;5.4800E+01
5.2800E+00;5.4786E+01
5.2810E+00;5.4772E+01
5.2820E+00;5.4758E+01
5.2830E+00;5.4744E+01
5.2840E+00;5.4731E+01
5.2850E+00;5.4717E+01
5.2860E+00;5.4703E+01
5.2870E+00;5.4689E+01
5.2880E+00;5.4675E+01
5.2890E+00;5.4661E+01
5.2900E+00;5.4647E+01
5.2910E+00;5.4634E+01
5.2920E+00;5.4620E+01
5.2930E+00;5.4606E+01
5.2940E+00;5.4592E+01
5.2950E+00;5.4578E+01
5.2960E+00;5.4564E+01
5.2970E+00;5.4550E+01
5.2980E+00;5.4537E+01
5.2990E+00;5.4523E+01
5.3000E+00;5.4509E+01
5.3010E+00;5.4495E+01
5.3020E+00;5.4481E+01
5.3030E+00;5.4467E+01
5.3040E+00;5.4453E+01
5.3050E+00;5.4440E+01
5.3060E+00;5.4426E+01
5.3070E+00;5.4412E+01
5.3080E+00;5.4398E+01
5.3090E+00;5.4384E+01
5.3100E+00;5.4370E+01
5.3110E+00;5.4357E+01
5.3120E+00;5.4343E+01
5.3130E+00;5.4329E+01
5.3140E+00;5.4315E+01
5.3150E+00;5.4301E+01
5.3160E+00;5.4287E+01
5.3170E+00;5.4273E+01
5.3180E+00;5.4260E+01
5.3190E+00;5.4246E+01
5.3200E+00;5.4232E+01
5.3210E+00;5.4218E+01
5.3220E+00;5.4204E+01
5.3230E+00;5.4190E+01
5.3240E+00;5.4176E+01
5.3250E+00;5.4163E+01
5.3260E+00;5.4149E+01
5.3270E+00;5.4135E+01
5.3280E+00;5.4121E+01
5.3290E+00;5.4107E+01
5.3300E+00;5.4093E+01
5.3310E+00;5.4080E+01
5.3320E+00;5.4066E+01
5.3330E+00;5.4052E+01
5.3340E+00;5.4038E+01
5.3350E+00;5.4024E+01
5.3360E+00;5.4010E+01
5.3370E+00;5.3996E+01
5.3380E+00;5.3983E+01
5.3390E+00;5.3969E+01
5.3400E+00;5.3955E+01
5.3410E+00;5.3941E+01
5.3420E+00;5.3927E+01
5.3430E+00;5.3913E+01
5.3440E+00;5.3899E+01
5.3450E+00;5.3886E+01
5.3460E+00;5.3872E+01
5.3470E+00;5.3858E+01
5.3480E+00;5.3844E+01
5.3490E+00;5.3830E+01
5.3500E+00;5.3816E+01
5.3510E+00;5.3802E+01
5.3520E+00;5.3789E+01
5.3530E+00;5.3775E+01
5.3540E+00;5.3761E+01
5.3550E+00;5.3747E+01
5.3560E+00;5.3733E+01
5.3570E+00;5.3719E+01
5.3580E+00;5.3706E+01
5.3590E+00;5.3692E+01
5.3600E+00;5.3678E+01
5.3610E+00;5.3664E+01
5.3620E+00;5.3650E+01
5.3630E+00;5.3636E+01
5.3640E+00;5.3622E+01
5.3650E+00;5.3609E+01
5.3660E+00;5.3595E+01
5.3670E+00;5.3581E+01
5.3680E+00;5.3567E+01
5.3690E+00;5.3553E+01
5.3700E+00;5.3539E+01
5.3710E+00;5.3525E+01
5.3720E+00;5.3512E+01
5.3730E+00;5.3498E+01
5.3740E+00;5.3484E+01
5.3750E+00;5.3470E+01
5.3760E+00;5.3456E+01
5.3770E+00;5.3442E+01
5.3780E+00;5.3429E+01
5.3790E+00;5.3415E+01
5.3800E+00;5.3401E+01
5.3810E+00;5.3387E+01
5.3820E+00;5.3373E+01
5.3830E+00;5.3359E+01
5.3840E+00;5.3345E+01
5.3850E+00;5.3332E+01
5.3860E+00;5.3318E+01
5.3870E+00;5.3304E+01
5.3880E+00;5.3290E+01
5.3890E+00;5.3276E+01
5.3900E+00;5.3262E+01
5.3910E+00;5.3248E+01
5.3920E+00;5.3235E+01
5.3930E+00;5.3221E+01
5.3940E+00;5.3207E+01
5.3950E+00;5.3193E+01
5.3960E+00;5.3179E+01
5.3970E+00;5.3165E+01
5.3980E+00;5.3151E+01
5.3990E+00;5.3138E+01
5.4000E+00;5.3124E+01
5.4010E+00;5.3110E+01
5.4020E+00;5.3096E+01
5.4030E+00;5.3082E+01
5.4040E+00;5.3068E+01
5.4050E+00;5.3055E+01
5.4060E+00;5.3041E+01
5.4070E+00;5.3027E+01
5.4080E+00;5.3013E+01
5.4090E+00;5.2999E+01
5.4100E+00;5.2985E+01
5.4110E+00;5.2971E+01
5.4120E+00;5.2958E+01
5.4130E+00;5.2944E+01
5.4140E+00;5.2930E+01
5.4150E+00;5.2916E+01
5.4160E+00;5.2902E+01
5.4170E+00;5.2888E+01
5.4180E+00;5.2874E+01
5.4190E+00;5.2861E+01
5.4200E+00;5.2847E+01
5.4210E+00;5.2833E+01
5.4220E+00;5.2819E+01
5.4230E+00;5.2805E+01
5.4240E+00;5.2791E+01
5.4250E+00;5.2777E+01
5.4260E+00;5.2764E+01
5.4270E+00;5.2750E+01
5.4280E+00;5.2736E+01
5.4290E+00;5.2722E+01
5.4300E+00;5.2708E+01
5.4310E+00;5.2694E+01
5.4320E+00;5.2681E+01
5.4330E+00;5.2667E+01
5.4340E+00;5.2653E+01
5.4350E+00;5.2639E+01
5.4360E+00;5.2625E+01
5.4370E+00;5.2611E+01
5.4380E+00;5.2597E+01
5.4390E+00;5.2584E+01
5.4400E+00;5.2570E+01
5.4410E+00;5.2556E+01
5.4420E+00;5.2542E+01
5.4430E+00;5.2528E+01
5.4440E+00;5.2514E+01
5.4450E+00;5.2500E+01
5.4460E+00;5.2487E+01
5.4470E+00;5.2473E+01
5.4480E+00;5.2459E+01
5.4490E+00;5.2445E+01
5.4500E+00;5.2431E+01
5.4510E+00;5.2417E+01
5.4520E+00;5.2404E+01
5.4530E+00;5.2390E+01
5.4540E+00;5.2376E+01
5.4550E+00;5.2362E+01
5.4560E+00;5.2348E+01
5.4570E+00;5.2334E+01
5.4580E+00;5.2320E+01
5.4590E+00;5.2307E+01
5.4600E+00;5.2293E+01
5.4610E+00;5.2279E+01
5.4620E+00;5.2265E+01
5.4630E+00;5.2251E+01
5.4640E+00;5.2237E+01
5.4650E+00;5.2223E+01
5.4660E+00;5.2210E+01
5.4670E+00;5.2196E+01
5.4680E+00;5.2182E+01
5.4690E+00;5.2168E+01
5.4700E+00;5.2154E+01
5.4710E+00;5.2140E+01
5.4720E+00;5.2127E+01
5.4730E+00;5.2113E+01
5.4740E+00;5.2099E+01
5.4750E+00;5.2085E+01
5.4760E+00;5.2071E+01
5.4770E+00;5.2057E+01
5.4780E+00;5.2043E+01
5.4790E+00;5.2030E+01
5.4800E+00;5.2016E+01
5.4810E+00;5.2002E+01
5.4820E+00;5.1988E+01
5.4830E+00;5.1974E+01
5.4840E+00;5.1960E+01
5.4850E+00;5.1946E+01
5.4860E+00;5.1933E+01
5.4870E+00;5.1919E+01
5.4880E+00;5.1905E+01
5.4890E+00;5.1891E+01
5.4900E+00;5.1877E+01
5.4910E+00;5.1863E+01
5.4920E+00;5.1850E+01
5.4930E+00;5.1836E+01
5.4940E+00;5.1822E+01
5.4950E+00;5.1808E+01
5.4960E+00;5.1794E+01
5.4970E+00;5.1780E+01
5.4980E+00;5.1766E+01
5.4990E+00;5.1753E+01
5.5000E+00;5.1739E+01
5.5010E+00;5.1725E+01
5.5020E+00;5.1711E+01
5.5030E+00;5.1697E+01
5.5040E+00;5.1683E+01
5.5050E+00;5.1669E+01
5.5060E+00;5.1656E+01
5.5070E+00;5.1642E+01
5.5080E+00;5.1628E+01
5.5090E+00;5.1614E+01
5.5100E+00;5.1600E+01
5.5110E+00;5.1586E+01
5.5120E+00;5.1572E+01
5.5130E+00;5.1559E+01
5.5140E+00;5.1545E+01
5.5150E+00;5.1531E+01
5.5160E+00;5.1517E+01
5.5170E+00;5.1503E+01
5.5180E+00;5.1489E+01
5.5190E+00;5.1476E+01
5.5200E+00;5.1462E+01
5.5210E+00;5.1448E+01
5.5220E+00;5.1434E+01
5.5230E+00;5.1420E+01
5.5240E+00;5.1406E+01
5.5250E+00;5.1392E+01
5.5260E+00;5.1379E+01
5.5270E+00;5.1365E+01
5.5280E+00;5.1351E+01
5.5290E+00;5.1337E+01
5.5300E+00;5.1323E+01
5.5310E+00;5.1309E+01
5.5320E+00;5.1295E+01
5.5330E+00;5.1282E+01
5.5340E+00;5.1268E+01
5.5350E+00;5.1254E+01
5.5360E+00;5.1240E+01
5.5370E+00;5.1226E+01
5.5380E+00;5.1212E+01
5.5390E+00;5.1199E+01
5.5400E+00;5.1185E+01
5.5410E+00;5.1171E+01
5.5420E+00;5.1157E+01
5.5430E+00;5.1143E+01
5.5440E+00;5.1129E+01
5.5450E+00;5.1115E+01
5.5460E+00;5.1102E+01
5.5470E+00;5.1088E+01
5.5480E+00;5.1074E+01
5.5490E+00;5.1060E+01
5.5500E+00;5.1046E+01
5.5510E+00;5.1032E+01
5.5520E+00;5.1018E+01
5.5530E+00;5.1005E+01
5.5540E+00;5.0991E+01
5.5550E+00;5.0977E+01
5.5560E+00;5.0963E+01
5.5570E+00;5.0949E+01
5.5580E+00;5.0935E+01
5.5590E+00;5.0922E+01
5.5600E+00;5.0908E+01
5.5610E+00;5.0894E+01
5.5620E+00;5.0880E+01
5.5630E+00;5.0866E+01
5.5640E+00;5.0852E+01
5.5650E+00;5.0838E+01
5.5660E+00;5.0825E+01
5.5670E+00;5.0811E+01
5.5680E+00;5.0797E+01
5.5690E+00;5.0783E+01
5.5700E+00;5.0769E+01
5.5710E+00;5.0755E+01
5.5720E+00;5.0741E+01
5.5730E+00;5.0728E+01
5.5740E+00;5.0714E+01
5.5750E+00;5.0700E+01
5.5760E+00;5.0686E+01
5.5770E+00;5.0672E+01
5.5780E+00;5.0658E+01
5.5790E+00;5.0645E+01
5.5800E+00;5.0631E+01
5.5810E+00;5.0617E+01
5.5820E+00;5.0603E+01
5.5830E+00;5.0589E+01
5.5840E+00;5.0575E+01
5.5850E+00;5.0561E+01
5.5860E+00;5.0548E+01
5.5870E+00;5.0534E+01
5.5880E+00;5.0520E+01
5.5890E+00;5.0506E+01
5.5900E+00;5.0492E+01
5.5910E+00;5.0478E+01
5.5920E+00;5.0464E+01
5.5930E+00;5.0451E+01
5.5940E+00;5.0437E+01
5.5950E+00;5.0423E+01
5.5960E+00;5.0409E+01
5.5970E+00;5.0395E+01
5.5980E+00;5.0381E+01
5.5990E+00;5.0368E+01
5.6000E+00;5.0354E+01
5.6010E+00;5.0340E+01
5.6020E+00;5.0326E+01
5.6030E+00;5.0312E+01
5.6040E+00;5.0298E+01
5.6050E+00;5.0284E+01
5.6060E+00;5.0271E+01
5.6070E+00;5.0257E+01
5.6080E+00;5.0243E+01
5.6090E+00;5.0229E+01
5.6100E+00;5.0215E+01
5.6110E+00;5.0201E+01
5.6120E+00;5.0187E+01
5.6130E+00;5.0174E+01
5.6140E+00;5.0160E+01
5.6150E+00;5.0146E+01
5.6160E+00;5.0132E+01
5.6170E+00;5.0118E+01
5.6180E+00;5.0104E+01
5.6190E+00;5.0091E+01
5.6200E+00;5.0077E+01
5.6210E+00;5.0063E+01
5.6220E+00;5.0049E+01
5.6230E+00;5.0035E+01
5.6240E+00;5.0021E+01
5.6250E+00;5.0007E+01
5.6260E+00;4.9994E+01
5.6270E+00;4.9980E+01
5.6280E+00;4.9966E+01
5.6290E+00;4.9952E+01
5.6300E+00;4.9938E+01
5.6310E+00;4.9924E+01
5.6320E+00;4.9910E+01
5.6330E+00;4.9897E+01
5.6340E+00;4.9883E+01
5.6350E+00;4.9869E+01
5.6360E+00;4.9855E+01
5.6370E+00;4.9841E+01
5.6380E+00;4.9827E+01
5.6390E+00;4.9814E+01
5.6400E+00;4.9800E+01
5.6410E+00;4.9786E+01
5.6420E+00;4.9772E+01
5.6430E+00;4.9758E+01
5.6440E+00;4.9744E+01
5.6450E+00;4.9730E+01
5.6460E+00;4.9717E+01
5.6470E+00;4.9703E+01
5.6480E+00;4.9689E+01
5.6490E+00;4.9675E+01
5.6500E+00;4.9661E+01
5.6510E+00;4.9647E+01
5.6520E+00;4.9633E+01
5.6530E+00;4.9620E+01
5.6540E+00;4.9606E+01
5.6550E+00;4.9592E+01
5.6560E+00;4.9578E+01
5.6570E+00;4.9564E+01
5.6580E+00;4.9550E+01
5.6590E+00;4.9537E+01
5.6600E+00;4.9523E+01
5.6610E+00;4.9509E+01
5.6620E+00;4.9495E+01
5.6630E+00;4.9481E+01
5.6640E+00;4.9467E+01
5.6650E+00;4.9453E+01
5.6660E+00;4.9440E+01
5.6670E+00;4.9426E+01
5.6680E+00;4.9412E+01
5.6690E+00;4.9398E+01
5.6700E+00;4.9384E+01
5.6710E+00;4.9370E+01
5.6720E+00;4.9357E+01
5.6730E+00;4.9343E+01
5.6740E+00;4.9329E+01
5.6750E+00;4.9315E+01
5.6760E+00;4.9301E+01
5.6770E+00;4.9287E+01
5.6780E+00;4.9273E+01
5.6790E+00;4.9260E+01
5.6800E+00;4.9246E+01
5.6810E+00;4.9232E+01
5.6820E+00;4.9218E+01
5.6830E+00;4.9204E+01
5.6840E+00;4.9190E+01
5.6850E+00;4.9176E+01
5.6860E+00;4.9163E+01
5.6870E+00;4.9149E+01
5.6880E+00;4.9135E+01
5.6890E+00;4.9121E+01
5.6900E+00;4.9107E+01
5.6910E+00;4.9093E+01
5.6920E+00;4.9080E+01
5.6930E+00;4.9066E+01
5.6940E+00;4.9052E+01
5.6950E+00;4.9038E+01
5.6960E+00;4.9024E+01
5.6970E+00;4.9010E+01
5.6980E+00;4.8996E+01
5.6990E+00;4.8983E+01
5.7000E+00;4.8969E+01
5.7010E+00;4.8955E+01
5.7020E+00;4.8941E+01
5.7030E+00;4.8927E+01
5.7040E+00;4.8913E+01
5.7050E+00;4.8899E+01
5.7060E+00;4.8886E+01
5.7070E+00;4.8872E+01
5.7080E+00;4.8858E+01
5.7090E+00;4.8844E+01
5.7100E+00;4.8830E+01
5.7110E+00;4.8816E+01
5.7120E+00;4.8803E+01
5.7130E+00;4.8789E+01
5.7140E+00;4.8775E+01
5.7150E+00;4.8761E+01
5.7160E+00;4.8747E+01
5.7170E+00;4.8733E+01
5.7180E+00;4.8719E+01
5.7190E+00;4.8706E+01
5.7200E+00;4.8692E+01
5.7210E+00;4.8678E+01
5.7220E+00;4.8664E+01
5.7230E+00;4.8650E+01
5.7240E+00;4.8636E+01
5.7250E+00;4.8622E+01
5.7260E+00;4.8609E+01
5.7270E+00;4.8595E+01
5.7280E+00;4.8581E+01
5.7290E+00;4.8567E+01
5.7300E+00;4.8553E+01
5.7310E+00;4.8539E+01
5.7320E+00;4.8526E+01
5.7330E+00;4.8512E+01
5.7340E+00;4.8498E+01
5.7350E+00;4.8484E+01
5.7360E+00;4.8470E+01
5.7370E+00;4.8456E+01
5.7380E+00;4.8442E+01
5.7390E+00;4.8429E+01
5.7400E+00;4.8415E+01
5.7410E+00;4.8401E+01
5.7420E+00;4.8387E+01
5.7430E+00;4.8373E+01
5.7440E+00;4.8359E+01
5.7450E+00;4.8346E+01
5.7460E+00;4.8332E+01
5.7470E+00;4.8318E+01
5.7480E+00;4.8304E+01
5.7490E+00;4.8290E+01
5.7500E+00;4.8276E+01
5.7510E+00;4.8262E+01
5.7520E+00;4.8249E+01
5.7530E+00;4.8235E+01
5.7540E+00;4.8221E+01
5.7550E+00;4.8207E+01
5.7560E+00;4.8193E+01
5.7570E+00;4.8179E+01
5.7580E+00;4.8165E+01
5.7590E+00;4.8152E+01
5.7600E+00;4.8138E+01
5.7610E+00;4.8124E+01
5.7620E+00;4.8110E+01
5.7630E+00;4.8096E+01
5.7640E+00;4.8082E+01
5.7650E+00;4.8069E+01
5.7660E+00;4.8055E+01
5.7670E+00;4.8041E+01
5.7680E+00;4.8027E+01
5.7690E+00;4.8013E+01
5.7700E+00;4.7999E+01
5.7710E+00;4.7985E+01
5.7720E+00;4.7972E+01
5.7730E+00;4.7958E+01
5.7740E+00;4.7944E+01
5.7750E+00;4.7930E+01
5.7760E+00;4.7916E+01
5.7770E+00;4.7902E+01
5.7780E+00;4.7889E+01
5.7790E+00;4.7875E+01
5.7800E+00;4.7861E+01
5.7810E+00;4.7847E+01
5.7820E+00;4.7833E+01
5.7830E+00;4.7819E+01
5.7840E+00;4.7805E+01
5.7850E+00;4.7792E+01
5.7860E+00;4.7778E+01
5.7870E+00;4.7764E+01
5.7880E+00;4.7750E+01
5.7890E+00;4.7736E+01
5.7900E+00;4.7722E+01
5.7910E+00;4.7708E+01
5.7920E+00;4.7695E+01
5.7930E+00;4.7681E+01
5.7940E+00;4.7667E+01
5.7950E+00;4.7653E+01
5.7960E+00;4.7639E+01
5.7970E+00;4.7625E+01
5.7980E+00;4.7612E+01
5.7990E+00;4.7598E+01
5.8000E+00;4.7584E+01
5.8010E+00;4.7570E+01
5.8020E+00;4.7556E+01
5.8030E+00;4.7542E+01
5.8040E+00;4.7528E+01
5.8050E+00;4.7515E+01
5.8060E+00;4.7501E+01
5.8070E+00;4.7487E+01
5.8080E+00;4.7473E+01
5.8090E+00;4.7459E+01
5.8100E+00;4.7445E+01
5.8110E+00;4.7431E+01
5.8120E+00;4.7418E+01
5.8130E+00;4.7404E+01
5.8140E+00;4.7390E+01
5.8150E+00;4.7376E+01
5.8160E+00;4.7362E+01
5.8170E+00;4.7348E+01
5.8180E+00;4.7335E+01
5.8190E+00;4.7321E+01
5.8200E+00;4.7307E+01
5.8210E+00;4.7293E+01
5.8220E+00;4.7279E+01
5.8230E+00;4.7265E+01
5.8240E+00;4.7251E+01
5.8250E+00;4.7238E+01
5.8260E+00;4.7224E+01
5.8270E+00;4.7210E+01
5.8280E+00;4.7196E+01
5.8290E+00;4.7182E+01
5.8300E+00;4.7168E+01
5.8310E+00;4.7155E+01
5.8320E+00;4.7141E+01
5.8330E+00;4.7127E+01
5.8340E+00;4.7113E+01
5.8350E+00;4.7099E+01
5.8360E+00;4.7085E+01
5.8370E+00;4.7071E+01
5.8380E+00;4.7058E+01
5.8390E+00;4.7044E+01
5.8400E+00;4.7030E+01
5.8410E+00;4.7016E+01
5.8420E+00;4.7002E+01
5.8430E+00;4.6988E+01
5.8440E+00;4.6974E+01
5.8450E+00;4.6961E+01
5.8460E+00;4.6947E+01
5.8470E+00;4.6933E+01
5.8480E+00;4.6919E+01
5.8490E+00;4.6905E+01
5.8500E+00;4.6891E+01
5.8510E+00;4.6878E+01
5.8520E+00;4.6864E+01
5.8530E+00;4.6850E+01
5.8540E+00;4.6836E+01
5.8550E+00;4.6822E+01
5.8560E+00;4.6808E+01
5.8570E+00;4.6794E+01
5.8580E+00;4.6781E+01
5.8590E+00;4.6767E+01
5.8600E+00;4.6753E+01
5.8610E+00;4.6739E+01
5.8620E+00;4.6725E+01
5.8630E+00;4.6711E+01
5.8640E+00;4.6698E+01
5.8650E+00;4.6684E+01
5.8660E+00;4.6670E+01
5.8670E+00;4.6656E+01
5.8680E+00;4.6642E+01
5.8690E+00;4.6628E+01
5.8700E+00;4.6614E+01
5.8710E+00;4.6601E+01
5.8720E+00;4.6587E+01
5.8730E+00;4.6573E+01
5.8740E+00;4.6559E+01
5.8750E+00;4.6545E+01
5.8760E+00;4.6531E+01
5.8770E+00;4.6518E+01
5.8780E+00;4.6504E+01
5.8790E+00;4.6490E+01
5.8800E+00;4.6476E+01
5.8810E+00;4.6462E+01
5.8820E+00;4.6448E+01
5.8830E+00;4.6434E+01
5.8840E+00;4.6421E+01
5.8850E+00;4.6407E+01
5.8860E+00;4.6393E+01
5.8870E+00;4.6379E+01
5.8880E+00;4.6365E+01
5.8890E+00;4.6351E+01
5.8900E+00;4.6337E+01
5.8910E+00;4.6324E+01
5.8920E+00;4.6310E+01
5.8930E+00;4.6296E+01
5.8940E+00;4.6282E+01
5.8950E+00;4.6268E+01
5.8960E+00;4.6254E+01
5.8970E+00;4.6241E+01
5.8980E+00;4.6227E+01
5.8990E+00;4.6213E+01
5.9000E+00;4.6199E+01
5.9010E+00;4.6185E+01
5.9020E+00;4.6171E+01
5.9030E+00;4.6157E+01
5.9040E+00;4.6144E+01
5.9050E+00;4.6130E+01
5.9060E+00;4.6116E+01
5.9070E+00;4.6102E+01
5.9080E+00;4.6088E+01
5.9090E+00;4.6074E+01
5.9100E+00;4.6061E+01
5.9110E+00;4.6047E+01
5.9120E+00;4.6033E+01
5.9130E+00;4.6019E+01
5.9140E+00;4.6005E+01
5.9150E+00;4.5991E+01
5.9160E+00;4.5977E+01
5.9170E+00;4.5964E+01
5.9180E+00;4.5950E+01
5.9190E+00;4.5936E+01
5.9200E+00;4.5922E+01
5.9210E+00;4.5908E+01
5.9220E+00;4.5894E+01
5.9230E+00;4.5881E+01
5.9240E+00;4.5867E+01
5.9250E+00;4.5853E+01
5.9260E+00;4.5839E+01
5.9270E+00;4.5825E+01
5.9280E+00;4.5811E+01
5.9290E+00;4.5797E+01
5.9300E+00;4.5784E+01
5.9310E+00;4.5770E+01
5.9320E+00;4.5756E+01
5.9330E+00;4.5742E+01
5.9340E+00;4.5728E+01
5.9350E+00;4.5714E+01
5.9360E+00;4.5700E+01
5.9370E+00;4.5687E+01
5.9380E+00;4.5673E+01
5.9390E+00;4.5659E+01
5.9400E+00;4.5645E+01
5.9410E+00;4.5631E+01
5.9420E+00;4.5617E+01
5.9430E+00;4.5604E+01
5.9440E+00;4.5590E+01
5.9450E+00;4.5576E+01
5.9460E+00;4.5562E+01
5.9470E+00;4.5548E+01
5.9480E+00;4.5534E+01
5.9490E+00;4.5520E+01
5.9500E+00;4.5507E+01
5.9510E+00;4.5493E+01
5.9520E+00;4.5479E+01
5.9530E+00;4.5465E+01
5.9540E+00;4.5451E+01
5.9550E+00;4.5437E+01
5.9560E+00;4.5424E+01
5.9570E+00;4.5410E+01
5.9580E+00;4.5396E+01
5.9590E+00;4.5382E+01
5.9600E+00;4.5368E+01
5.9610E+00;4.5354E+01
5.9620E+00;4.5340E+01
5.9630E+00;4.5327E+01
5.9640E+00;4.5313E+01
5.9650E+00;4.5299E+01
5.9660E+00;4.5285E+01
5.9670E+00;4.5271E+01
5.9680E+00;4.5257E+01
5.9690E+00;4.5244E+01
5.9700E+00;4.5230E+01
5.9710E+00;4.5216E+01
5.9720E+00;4.5202E+01
5.9730E+00;4.5188E+01
5.9740E+00;4.5174E+01
5.9750E+00;4.5160E+01
5.9760E+00;4.5147E+01
5.9770E+00;4.5133E+01
5.9780E+00;4.5119E+01
5.9790E+00;4.5105E+01
5.9800E+00;4.5091E+01
5.9810E+00;4.5077E+01
5.9820E+00;4.5064E+01
5.9830E+00;4.5050E+01
5.9840E+00;4.5036E+01
5.9850E+00;4.5022E+01
5.9860E+00;4.5008E+01
5.9870E+00;4.4994E+01
5.9880E+00;4.4980E+01
5.9890E+00;4.4967E+01
5.9900E+00;4.4953E+01
5.9910E+00;4.4939E+01
5.9920E+00;4.4925E+01
5.9930E+00;4.4911E+01
5.9940E+00;4.4897E+01
5.9950E+00;4.4884E+01
5.9960E+00;4.4870E+01
5.9970E+00;4.4856E+01
5.9980E+00;4.4842E+01
5.9990E+00;4.4828E+01
6.0000E+00;4.4814E+01
6.0010E+00;4.4800E+01
6.0020E+00;4.4787E+01
6.0030E+00;4.4773E+01
6.0040E+00;4.4759E+01
6.0050E+00;4.4745E+01
6.0060E+00;4.4731E+01
6.0070E+00;4.4717E+01
6.0080E+00;4.4703E+01
6.0090E+00;4.4690E+01
6.0100E+00;4.4676E+01
6.0110E+00;4.4662E+01
6.0120E+00;4.4648E+01
6.0130E+00;4.4634E+01
6.0140E+00;4.4620E+01
6.0150E+00;4.4607E+01
6.0160E+00;4.4593E+01
6.0170E+00;4.4579E+01
6.0180E+00;4.4565E+01
6.0190E+00;4.4551E+01
6.0200E+00;4.4537E+01
6.0210E+00;4.4523E+01
6.0220E+00;4.4510E+01
6.0230E+00;4.4496E+01
6.0240E+00;4.4482E+01
6.0250E+00;4.4468E+01
6.0260E+00;4.4454E+01
6.0270E+00;4.4440E+01
6.0280E+00;4.4427E+01
6.0290E+00;4.4413E+01
6.0300E+00;4.4399E+01
6.0310E+00;4.4385E+01
6.0320E+00;4.4371E+01
6.0330E+00;4.4357E+01
6.0340E+00;4.4343E+01
6.0350E+00;4.4330E+01
6.0360E+00;4.4316E+01
6.0370E+00;4.4302E+01
6.0380E+00;4.4288E+01
6.0390E+00;4.4274E+01
6.0400E+00;4.4260E+01
6.0410E+00;4.4247E+01
6.0420E+00;4.4233E+01
6.0430E+00;4.4219E+01
6.0440E+00;4.4205E+01
6.0450E+00;4.4191E+01
6.0460E+00;4.4177E+01
6.0470E+00;4.4163E+01
6.0480E+00;4.4150E+01
6.0490E+00;4.4136E+01
6.0500E+00;4.4122E+01
6.0510E+00;4.4108E+01
6.0520E+00;4.4094E+01
6.0530E+00;4.4080E+01
6.0540E+00;4.4067E+01
6.0550E+00;4.4053E+01
6.0560E+00;4.4039E+01
6.0570E+00;4.4025E+01
6.0580E+00;4.4011E+01
6.0590E+00;4.3997E+01
6.0600E+00;4.3983E+01
6.0610E+00;4.3970E+01
6.0620E+00;4.3956E+01
6.0630E+00;4.3942E+01
6.0640E+00;4.3928E+01
6.0650E+00;4.3914E+01
6.0660E+00;4.3900E+01
6.0670E+00;4.3887E+01
6.0680E+00;4.3873E+01
6.0690E+00;4.3859E+01
6.0700E+00;4.3845E+01
6.0710E+00;4.3831E+01
6.0720E+00;4.3817E+01
6.0730E+00;4.3803E+01
6.0740E+00;4.3790E+01
6.0750E+00;4.3776E+01
6.0760E+00;4.3762E+01
6.0770E+00;4.3748E+01
6.0780E+00;4.3734E+01
6.0790E+00;4.3720E+01
6.0800E+00;4.3707E+01
6.0810E+00;4.3693E+01
6.0820E+00;4.3679E+01
6.0830E+00;4.3665E+01
6.0840E+00;4.3651E+01
6.0850E+00;4.3637E+01
6.0860E+00;4.3623E+01
6.0870E+00;4.3610E+01
6.0880E+00;4.3596E+01
6.0890E+00;4.3582E+01
6.0900E+00;4.3568E+01
6.0910E+00;4.3554E+01
6.0920E+00;4.3540E+01
6.0930E+00;4.3527E+01
6.0940E+00;4.3513E+01
6.0950E+00;4.3499E+01
6.0960E+00;4.3485E+01
6.0970E+00;4.3471E+01
6.0980E+00;4.3457E+01
6.0990E+00;4.3443E+01
6.1000E+00;4.3430E+01
6.1010E+00;4.3416E+01
6.1020E+00;4.3402E+01
6.1030E+00;4.3388E+01
6.1040E+00;4.3374E+01
6.1050E+00;4.3360E+01
6.1060E+00;4.3347E+01
6.1070E+00;4.3333E+01
6.1080E+00;4.3319E+01
6.1090E+00;4.3305E+01
6.1100E+00;4.3291E+01
6.1110E+00;4.3277E+01
6.1120E+00;4.3263E+01
6.1130E+00;4.3250E+01
6.1140E+00;4.3236E+01
6.1150E+00;4.3222E+01
6.1160E+00;4.3208E+01
6.1170E+00;4.3194E+01
6.1180E+00;4.3180E+01
6.1190E+00;4.3167E+01
6.1200E+00;4.3153E+01
6.1210E+00;4.3139E+01
6.1220E+00;4.3125E+01
6.1230E+00;4.3111E+01
6.1240E+00;4.3097E+01
6.1250E+00;4.3083E+01
6.1260E+00;4.3070E+01
6.1270E+00;4.3056E+01
6.1280E+00;4.3042E+01
6.1290E+00;4.3028E+01
6.1300E+00;4.3014E+01
6.1310E+00;4.3000E+01
6.1320E+00;4.2987E+01
6.1330E+00;4.2973E+01
6.1340E+00;4.2959E+01
6.1350E+00;4.2945E+01
6.1360E+00;4.2931E+01
6.1370E+00;4.2917E+01
6.1380E+00;4.2903E+01
6.1390E+00;4.2890E+01
6.1400E+00;4.2876E+01
6.1410E+00;4.2862E+01
6.1420E+00;4.2848E+01
6.1430E+00;4.2834E+01
6.1440E+00;4.2820E+01
6.1450E+00;4.2807E+01
6.1460E+00;4.2793E+01
6.1470E+00;4.2779E+01
6.1480E+00;4.2765E+01
6.1490E+00;4.2751E+01
6.1500E+00;4.2737E+01
6.1510E+00;4.2723E+01
6.1520E+00;4.2710E+01
6.1530E+00;4.2696E+01
6.1540E+00;4.2682E+01
6.1550E+00;4.2668E+01
6.1560E+00;4.2654E+01
6.1570E+00;4.2640E+01
6.1580E+00;4.2627E+01
6.1590E+00;4.2613E+01
6.1600E+00;4.2599E+01
6.1610E+00;4.2585E+01
6.1620E+00;4.2571E+01
6.1630E+00;4.2557E+01
6.1640E+00;4.2543E+01
6.1650E+00;4.2530E+01
6.1660E+00;4.2516E+01
6.1670E+00;4.2502E+01
6.1680E+00;4.2488E+01
6.1690E+00;4.2474E+01
6.1700E+00;4.2460E+01
6.1710E+00;4.2447E+01
6.1720E+00;4.2433E+01
6.1730E+00;4.2419E+01
6.1740E+00;4.2405E+01
6.1750E+00;4.2391E+01
6.1760E+00;4.2377E+01
6.1770E+00;4.2363E+01
6.1780E+00;4.2350E+01
6.1790E+00;4.2336E+01
6.1800E+00;4.2322E+01
6.1810E+00;4.2308E+01
6.1820E+00;4.2294E+01
6.1830E+00;4.2280E+01
6.1840E+00;4.2267E+01
6.1850E+00;4.2253E+01
6.1860E+00;4.2239E+01
6.1870E+00;4.2225E+01
6.1880E+00;4.2211E+01
6.1890E+00;4.2197E+01
6.1900E+00;4.2184E+01
6.1910E+00;4.2170E+01
6.1920E+00;4.2156E+01
6.1930E+00;4.2142E+01
6.1940E+00;4.2128E+01
6.1950E+00;4.2114E+01
6.1960E+00;4.2100E+01
6.1970E+00;4.2087E+01
6.1980E+00;4.2073E+01
6.1990E+00;4.2059E+01
6.2000E+00;4.2045E+01
6.2010E+00;4.2031E+01
6.2020E+00;4.2017E+01
6.2030E+00;4.2004E+01
6.2040E+00;4.1990E+01
6.2050E+00;4.1976E+01
6.2060E+00;4.1962E+01
6.2070E+00;4.1948E+01
6.2080E+00;4.1934E+01
6.2090E+00;4.1920E+01
6.2100E+00;4.1907E+01
6.2110E+00;4.1893E+01
6.2120E+00;4.1879E+01
6.2130E+00;4.1865E+01
6.2140E+00;4.1851E+01
6.2150E+00;4.1837E+01
6.2160E+00;4.1824E+01
6.2170E+00;4.1810E+01
6.2180E+00;4.1796E+01
6.2190E+00;4.1782E+01
6.2200E+00;4.1768E+01
6.2210E+00;4.1754E+01
6.2220E+00;4.1740E+01
6.2230E+00;4.1727E+01
6.2240E+00;4.1713E+01
6.2250E+00;4.1699E+01
6.2260E+00;4.1685E+01
6.2270E+00;4.1671E+01
6.2280E+00;4.1657E+01
6.2290E+00;4.1644E+01
6.2300E+00;4.1630E+01
6.2310E+00;4.1616E+01
6.2320E+00;4.1602E+01
6.2330E+00;4.1588E+01
6.2340E+00;4.1574E+01
6.2350E+00;4.1560E+01
6.2360E+00;4.1547E+01
6.2370E+00;4.1533E+01
6.2380E+00;4.1519E+01
6.2390E+00;4.1505E+01
6.2400E+00;4.1491E+01
6.2410E+00;4.1477E+01
6.2420E+00;4.1464E+01
6.2430E+00;4.1450E+01
6.2440E+00;4.1436E+01
6.2450E+00;4.1422E+01
6.2460E+00;4.1408E+01
6.2470E+00;4.1394E+01
6.2480E+00;4.1381E+01
6.2490E+00;4.1367E+01
6.2500E+00;4.1353E+01
6.2510E+00;4.1339E+01
6.2520E+00;4.1325E+01
6.2530E+00;4.1311E+01
6.2540E+00;4.1297E+01
6.2550E+00;4.1284E+01
6.2560E+00;4.1270E+01
6.2570E+00;4.1256E+01
6.2580E+00;4.1242E+01
6.2590E+00;4.1228E+01
6.2600E+00;4.1214E+01
6.2610E+00;4.1201E+01
6.2620E+00;4.1187E+01
6.2630E+00;4.1173E+01
6.2640E+00;4.1159E+01
6.2650E+00;4.1145E+01
6.2660E+00;4.1131E+01
6.2670E+00;4.1117E+01
6.2680E+00;4.1104E+01
6.2690E+00;4.1090E+01
6.2700E+00;4.1076E+01
6.2710E+00;4.1062E+01
6.2720E+00;4.1048E+01
6.2730E+00;4.1034E+01
6.2740E+00;4.1021E+01
6.2750E+00;4.1007E+01
6.2760E+00;4.0993E+01
6.2770E+00;4.0979E+01
6.2780E+00;4.0965E+01
6.2790E+00;4.0951E+01
6.2800E+00;4.0937E+01
6.2810E+00;4.0924E+01
6.2820E+00;4.0910E+01
6.2830E+00;4.0896E+01
6.2840E+00;4.0882E+01
6.2850E+00;4.0868E+01
6.2860E+00;4.0854E+01
6.2870E+00;4.0841E+01
6.2880E+00;4.0827E+01
6.2890E+00;4.0813E+01
6.2900E+00;4.0799E+01
6.2910E+00;4.0785E+01
6.2920E+00;4.0771E+01
6.2930E+00;4.0758E+01
6.2940E+00;4.0744E+01
6.2950E+00;4.0730E+01
6.2960E+00;4.0716E+01
6.2970E+00;4.0702E+01
6.2980E+00;4.0688E+01
6.2990E+00;4.0674E+01
6.3000E+00;4.0661E+01
6.3010E+00;4.0647E+01
6.3020E+00;4.0633E+01
6.3030E+00;4.0619E+01
6.3040E+00;4.0605E+01
6.3050E+00;4.0591E+01
6.3060E+00;4.0578E+01
6.3070E+00;4.0564E+01
6.3080E+00;4.0550E+01
6.3090E+00;4.0536E+01
6.3100E+00;4.0522E+01
6.3110E+00;4.0508E+01
6.3120E+00;4.0494E+01
6.3130E+00;4.0481E+01
6.3140E+00;4.0467E+01
6.3150E+00;4.0453E+01
6.3160E+00;4.0439E+01
6.3170E+00;4.0425E+01
6.3180E+00;4.0411E+01
6.3190E+00;4.0398E+01
6.3200E+00;4.0384E+01
6.3210E+00;4.0370E+01
6.3220E+00;4.0356E+01
6.3230E+00;4.0342E+01
6.3240E+00;4.0328E+01
6.3250E+00;4.0315E+01
6.3260E+00;4.0301E+01
6.3270E+00;4.0287E+01
6.3280E+00;4.0273E+01
6.3290E+00;4.0259E+01
6.3300E+00;4.0245E+01
6.3310E+00;4.0231E+01
6.3320E+00;4.0218E+01
6.3330E+00;4.0204E+01
6.3340E+00;4.0190E+01
6.3350E+00;4.0176E+01
6.3360E+00;4.0162E+01
6.3370E+00;4.0148E+01
6.3380E+00;4.0135E+01
6.3390E+00;4.0121E+01
6.3400E+00;4.0107E+01
6.3410E+00;4.0093E+01
6.3420E+00;4.0079E+01
6.3430E+00;4.0065E+01
6.3440E+00;4.0051E+01
6.3450E+00;4.0038E+01
6.3460E+00;4.0024E+01
6.3470E+00;4.0010E+01
6.3480E+00;3.9996E+01
6.3490E+00;3.9982E+01
6.3500E+00;3.9968E+01
6.3510E+00;3.9955E+01
6.3520E+00;3.9941E+01
6.3530E+00;3.9927E+01
6.3540E+00;3.9913E+01
6.3550E+00;3.9899E+01
6.3560E+00;3.9885E+01
6.3570E+00;3.9872E+01
6.3580E+00;3.9858E+01
6.3590E+00;3.9844E+01
6.3600E+00;3.9830E+01
6.3610E+00;3.9816E+01
6.3620E+00;3.9802E+01
6.3630E+00;3.9788E+01
6.3640E+00;3.9775E+01
6.3650E+00;3.9761E+01
6.3660E+00;3.9747E+01
6.3670E+00;3.9733E+01
6.3680E+00;3.9719E+01
6.3690E+00;3.9705E+01
6.3700E+00;3.9692E+01
6.3710E+00;3.9678E+01
6.3720E+00;3.9664E+01
6.3730E+00;3.9650E+01
6.3740E+00;3.9636E+01
6.3750E+00;3.9622E+01
6.3760E+00;3.9608E+01
6.3770E+00;3.9595E+01
6.3780E+00;3.9581E+01
6.3790E+00;3.9567E+01
6.3800E+00;3.9553E+01
6.3810E+00;3.9539E+01
6.3820E+00;3.9525E+01
6.3830E+00;3.9512E+01
6.3840E+00;3.9498E+01
6.3850E+00;3.9484E+01
6.3860E+00;3.9470E+01
6.3870E+00;3.9456E+01
6.3880E+00;3.9442E+01
6.3890E+00;3.9429E+01
6.3900E+00;3.9415E+01
6.3910E+00;3.9401E+01
6.3920E+00;3.9387E+01
6.3930E+00;3.9373E+01
6.3940E+00;3.9359E+01
6.3950E+00;3.9345E+01
6.3960E+00;3.9332E+01
6.3970E+00;3.9318E+01
6.3980E+00;3.9304E+01
6.3990E+00;3.9290E+01
6.4000E+00;3.9276E+01
6.4010E+00;3.9262E+01
6.4020E+00;3.9249E+01
6.4030E+00;3.9235E+01
6.4040E+00;3.9221E+01
6.4050E+00;3.9207E+01
6.4060E+00;3.9193E+01
6.4070E+00;3.9179E+01
6.4080E+00;3.9166E+01
6.4090E+00;3.9152E+01
6.4100E+00;3.9138E+01
6.4110E+00;3.9124E+01
6.4120E+00;3.9110E+01
6.4130E+00;3.9096E+01
6.4140E+00;3.9082E+01
6.4150E+00;3.9069E+01
6.4160E+00;3.9055E+01
6.4170E+00;3.9041E+01
6.4180E+00;3.9027E+01
6.4190E+00;3.9013E+01
6.4200E+00;3.8999E+01
6.4210E+00;3.8986E+01
6.4220E+00;3.8972E+01
6.4230E+00;3.8958E+01
6.4240E+00;3.8944E+01
6.4250E+00;3.8930E+01
6.4260E+00;3.8916E+01
6.4270E+00;3.8903E+01
6.4280E+00;3.8889E+01
6.4290E+00;3.8875E+01
6.4300E+00;3.8861E+01
6.4310E+00;3.8847E+01
6.4320E+00;3.8833E+01
6.4330E+00;3.8819E+01
6.4340E+00;3.8806E+01
6.4350E+00;3.8792E+01
6.4360E+00;3.8778E+01
6.4370E+00;3.8764E+01
6.4380E+00;3.8750E+01
6.4390E+00;3.8736E+01
6.4400E+00;3.8723E+01
6.4410E+00;3.8709E+01
6.4420E+00;3.8695E+01
6.4430E+00;3.8681E+01
6.4440E+00;3.8667E+01
6.4450E+00;3.8653E+01
6.4460E+00;3.8640E+01
6.4470E+00;3.8626E+01
6.4480E+00;3.8612E+01
6.4490E+00;3.8598E+01
6.4500E+00;3.8584E+01
6.4510E+00;3.8570E+01
6.4520E+00;3.8556E+01
6.4530E+00;3.8543E+01
6.4540E+00;3.8529E+01
6.4550E+00;3.8515E+01
6.4560E+00;3.8501E+01
6.4570E+00;3.8487E+01
6.4580E+00;3.8473E+01
6.4590E+00;3.8460E+01
6.4600E+00;3.8446E+01
6.4610E+00;3.8432E+01
6.4620E+00;3.8418E+01
6.4630E+00;3.8404E+01
6.4640E+00;3.8390E+01
6.4650E+00;3.8377E+01
6.4660E+00;3.8363E+01
6.4670E+00;3.8349E+01
6.4680E+00;3.8335E+01
6.4690E+00;3.8321E+01
6.4700E+00;3.8307E+01
6.4710E+00;3.8293E+01
6.4720E+00;3.8280E+01
6.4730E+00;3.8266E+01
6.4740E+00;3.8252E+01
6.4750E+00;3.8238E+01
6.4760E+00;3.8224E+01
6.4770E+00;3.8210E+01
6.4780E+00;3.8197E+01
6.4790E+00;3.8183E+01
6.4800E+00;3.8169E+01
6.4810E+00;3.8155E+01
6.4820E+00;3.8141E+01
6.4830E+00;3.8127E+01
6.4840E+00;3.8114E+01
6.4850E+00;3.8100E+01
6.4860E+00;3.8086E+01
6.4870E+00;3.8072E+01
6.4880E+00;3.8058E+01
6.4890E+00;3.8044E+01
6.4900E+00;3.8030E+01
6.4910E+00;3.8017E+01
6.4920E+00;3.8003E+01
6.4930E+00;3.7989E+01
6.4940E+00;3.7975E+01
6.4950E+00;3.7961E+01
6.4960E+00;3.7947E+01
6.4970E+00;3.7934E+01
6.4980E+00;3.7920E+01
6.4990E+00;3.7906E+01
6.5000E+00;3.7892E+01
6.5010E+00;3.7878E+01
6.5020E+00;3.7864E+01
6.5030E+00;3.7851E+01
6.5040E+00;3.7837E+01
6.5050E+00;3.7823E+01
6.5060E+00;3.7809E+01
6.5070E+00;3.7795E+01
6.5080E+00;3.7781E+01
6.5090E+00;3.7767E+01
6.5100E+00;3.7754E+01
6.5110E+00;3.7740E+01
6.5120E+00;3.7726E+01
6.5130E+00;3.7712E+01
6.5140E+00;3.7698E+01
6.5150E+00;3.7684E+01
6.5160E+00;3.7671E+01
6.5170E+00;3.7657E+01
6.5180E+00;3.7643E+01
6.5190E+00;3.7629E+01
6.5200E+00;3.7615E+01
6.5210E+00;3.7601E+01
6.5220E+00;3.7588E+01
6.5230E+00;3.7574E+01
6.5240E+00;3.7560E+01
6.5250E+00;3.7546E+01
6.5260E+00;3.7532E+01
6.5270E+00;3.7518E+01
6.5280E+00;3.7505E+01
6.5290E+00;3.7491E+01
6.5300E+00;3.7477E+01
6.5310E+00;3.7463E+01
6.5320E+00;3.7449E+01
6.5330E+00;3.7435E+01
6.5340E+00;3.7421E+01
6.5350E+00;3.7408E+01
6.5360E+00;3.7394E+01
6.5370E+00;3.7380E+01
6.5380E+00;3.7366E+01
6.5390E+00;3.7352E+01
6.5400E+00;3.7338E+01
6.5410E+00;3.7325E+01
6.5420E+00;3.7311E+01
6.5430E+00;3.7297E+01
6.5440E+00;3.7283E+01
6.5450E+00;3.7269E+01
6.5460E+00;3.7255E+01
6.5470E+00;3.7242E+01
6.5480E+00;3.7228E+01
6.5490E+00;3.7214E+01
6.5500E+00;3.7200E+01
6.5510E+00;3.7186E+01
6.5520E+00;3.7172E+01
6.5530E+00;3.7158E+01
6.5540E+00;3.7145E+01
6.5550E+00;3.7131E+01
6.5560E+00;3.7117E+01
6.5570E+00;3.7103E+01
6.5580E+00;3.7089E+01
6.5590E+00;3.7075E+01
6.5600E+00;3.7062E+01
6.5610E+00;3.7048E+01
6.5620E+00;3.7034E+01
6.5630E+00;3.7020E+01
6.5640E+00;3.7006E+01
6.5650E+00;3.6992E+01
6.5660E+00;3.6979E+01
6.5670E+00;3.6965E+01
6.5680E+00;3.6951E+01
6.5690E+00;3.6937E+01
6.5700E+00;3.6923E+01
6.5710E+00;3.6909E+01
6.5720E+00;3.6896E+01
6.5730E+00;3.6882E+01
6.5740E+00;3.6868E+01
6.5750E+00;3.6854E+01
6.5760E+00;3.6840E+01
6.5770E+00;3.6826E+01
6.5780E+00;3.6812E+01
6.5790E+00;3.6799E+01
6.5800E+00;3.6785E+01
6.5810E+00;3.6771E+01
6.5820E+00;3.6757E+01
6.5830E+00;3.6743E+01
6.5840E+00;3.6729E+01
6.5850E+00;3.6716E+01
6.5860E+00;3.6702E+01
6.5870E+00;3.6688E+01
6.5880E+00;3.6674E+01
6.5890E+00;3.6660E+01
6.5900E+00;3.6646E+01
6.5910E+00;3.6633E+01
6.5920E+00;3.6619E+01
6.5930E+00;3.6605E+01
6.5940E+00;3.6591E+01
6.5950E+00;3.6577E+01
6.5960E+00;3.6563E+01
6.5970E+00;3.6550E+01
6.5980E+00;3.6536E+01
6.5990E+00;3.6522E+01
6.6000E+00;3.6508E+01
6.6010E+00;3.6494E+01
6.6020E+00;3.6480E+01
6.6030E+00;3.6466E+01
6.6040E+00;3.6453E+01
6.6050E+00;3.6439E+01
6.6060E+00;3.6425E+01
6.6070E+00;3.6411E+01
6.6080E+00;3.6397E+01
6.6090E+00;3.6383E+01
6.6100E+00;3.6370E+01
6.6110E+00;3.6356E+01
6.6120E+00;3.6342E+01
6.6130E+00;3.6328E+01
6.6140E+00;3.6314E+01
6.6150E+00;3.6300E+01
6.6160E+00;3.6287E+01
6.6170E+00;3.6273E+01
6.6180E+00;3.6259E+01
6.6190E+00;3.6245E+01
6.6200E+00;3.6231E+01
6.6210E+00;3.6217E+01
6.6220E+00;3.6204E+01
6.6230E+00;3.6190E+01
6.6240E+00;3.6176E+01
6.6250E+00;3.6162E+01
6.6260E+00;3.6148E+01
6.6270E+00;3.6134E+01
6.6280E+00;3.6120E+01
6.6290E+00;3.6107E+01
6.6300E+00;3.6093E+01
6.6310E+00;3.6079E+01
6.6320E+00;3.6065E+01
6.6330E+00;3.6051E+01
6.6340E+00;3.6037E+01
6.6350E+00;3.6024E+01
6.6360E+00;3.6010E+01
6.6370E+00;3.5996E+01
6.6380E+00;3.5982E+01
6.6390E+00;3.5968E+01
6.6400E+00;3.5954E+01
6.6410E+00;3.5941E+01
6.6420E+00;3.5927E+01
6.6430E+00;3.5913E+01
6.6440E+00;3.5899E+01
6.6450E+00;3.5885E+01
6.6460E+00;3.5871E+01
6.6470E+00;3.5858E+01
6.6480E+00;3.5844E+01
6.6490E+00;3.5830E+01
6.6500E+00;3.5816E+01
6.6510E+00;3.5802E+01
6.6520E+00;3.5788E+01
6.6530E+00;3.5774E+01
6.6540E+00;3.5761E+01
6.6550E+00;3.5747E+01
6.6560E+00;3.5733E+01
6.6570E+00;3.5719E+01
6.6580E+00;3.5705E+01
6.6590E+00;3.5691E+01
6.6600E+00;3.5678E+01
6.6610E+00;3.5664E+01
6.6620E+00;3.5650E+01
6.6630E+00;3.5636E+01
6.6640E+00;3.5622E+01
6.6650E+00;3.5608E+01
6.6660E+00;3.5595E+01
6.6670E+00;3.5581E+01
6.6680E+00;3.5567E+01
6.6690E+00;3.5553E+01
6.6700E+00;3.5539E+01
6.6710E+00;3.5525E+01
6.6720E+00;3.5512E+01
6.6730E+00;3.5498E+01
6.6740E+00;3.5484E+01
6.6750E+00;3.5470E+01
6.6760E+00;3.5456E+01
6.6770E+00;3.5442E+01
6.6780E+00;3.5429E+01
6.6790E+00;3.5415E+01
6.6800E+00;3.5401E+01
6.6810E+00;3.5387E+01
6.6820E+00;3.5373E+01
6.6830E+00;3.5359E+01
6.6840E+00;3.5345E+01
6.6850E+00;3.5332E+01
6.6860E+00;3.5318E+01
6.6870E+00;3.5304E+01
6.6880E+00;3.5290E+01
6.6890E+00;3.5276E+01
6.6900E+00;3.5262E+01
6.6910E+00;3.5249E+01
6.6920E+00;3.5235E+01
6.6930E+00;3.5221E+01
6.6940E+00;3.5207E+01
6.6950E+00;3.5193E+01
6.6960E+00;3.5179E+01
6.6970E+00;3.5166E+01
6.6980E+00;3.5152E+01
6.6990E+00;3.5138E+01
6.7000E+00;3.5124E+01
6.7010E+00;3.5110E+01
6.7020E+00;3.5096E+01
6.7030E+00;3.5083E+01
6.7040E+00;3.5069E+01
6.7050E+00;3.5055E+01
6.7060E+00;3.5041E+01
6.7070E+00;3.5027E+01
6.7080E+00;3.5013E+01
6.7090E+00;3.5000E+01
6.7100E+00;3.4986E+01
6.7110E+00;3.4972E+01
6.7120E+00;3.4958E+01
6.7130E+00;3.4944E+01
6.7140E+00;3.4930E+01
6.7150E+00;3.4917E+01
6.7160E+00;3.4903E+01
6.7170E+00;3.4889E+01
6.7180E+00;3.4875E+01
6.7190E+00;3.4861E+01
6.7200E+00;3.4847E+01
6.7210E+00;3.4833E+01
6.7220E+00;3.4820E+01
6.7230E+00;3.4806E+01
6.7240E+00;3.4792E+01
6.7250E+00;3.4778E+01
6.7260E+00;3.4764E+01
6.7270E+00;3.4750E+01
6.7280E+00;3.4737E+01
6.7290E+00;3.4723E+01
6.7300E+00;3.4709E+01
6.7310E+00;3.4695E+01
6.7320E+00;3.4681E+01
6.7330E+00;3.4667E+01
6.7340E+00;3.4654E+01
6.7350E+00;3.4640E+01
6.7360E+00;3.4626E+01
6.7370E+00;3.4612E+01
6.7380E+00;3.4598E+01
6.7390E+00;3.4584E+01
6.7400E+00;3.4571E+01
6.7410E+00;3.4557E+01
6.7420E+00;3.4543E+01
6.7430E+00;3.4529E+01
6.7440E+00;3.4515E+01
6.7450E+00;3.4501E+01
6.7460E+00;3.4488E+01
6.7470E+00;3.4474E+01
6.7480E+00;3.4460E+01
6.7490E+00;3.4446E+01
6.7500E+00;3.4432E+01
6.7510E+00;3.4418E+01
6.7520E+00;3.4405E+01
6.7530E+00;3.4391E+01
6.7540E+00;3.4377E+01
6.7550E+00;3.4363E+01
6.7560E+00;3.4349E+01
6.7570E+00;3.4335E+01
6.7580E+00;3.4321E+01
6.7590E+00;3.4308E+01
6.7600E+00;3.4294E+01
6.7610E+00;3.4280E+01
6.7620E+00;3.4266E+01
6.7630E+00;3.4252E+01
6.7640E+00;3.4238E+01
6.7650E+00;3.4225E+01
6.7660E+00;3.4211E+01
6.7670E+00;3.4197E+01
6.7680E+00;3.4183E+01
6.7690E+00;3.4169E+01
6.7700E+00;3.4155E+01
6.7710E+00;3.4142E+01
6.7720E+00;3.4128E+01
6.7730E+00;3.4114E+01
6.7740E+00;3.4100E+01
6.7750E+00;3.4086E+01
6.7760E+00;3.4072E+01
6.7770E+00;3.4059E+01
6.7780E+00;3.4045E+01
6.7790E+00;3.4031E+01
6.7800E+00;3.4017E+01
6.7810E+00;3.4003E+01
6.7820E+00;3.3989E+01
6.7830E+00;3.3976E+01
6.7840E+00;3.3962E+01
6.7850E+00;3.3948E+01
6.7860E+00;3.3934E+01
6.7870E+00;3.3920E+01
6.7880E+00;3.3906E+01
6.7890E+00;3.3893E+01
6.7900E+00;3.3879E+01
6.7910E+00;3.3865E+01
6.7920E+00;3.3851E+01
6.7930E+00;3.3837E+01
6.7940E+00;3.3823E+01
6.7950E+00;3.3810E+01
6.7960E+00;3.3796E+01
6.7970E+00;3.3782E+01
6.7980E+00;3.3768E+01
6.7990E+00;3.3754E+01
6.8000E+00;3.3740E+01
6.8010E+00;3.3727E+01
6.8020E+00;3.3713E+01
6.8030E+00;3.3699E+01
6.8040E+00;3.3685E+01
6.8050E+00;3.3671E+01
6.8060E+00;3.3657E+01
6.8070E+00;3.3643E+01
6.8080E+00;3.3630E+01
6.8090E+00;3.3616E+01
6.8100E+00;3.3602E+01
6.8110E+00;3.3588E+01
6.8120E+00;3.3574E+01
6.8130E+00;3.3560E+01
6.8140E+00;3.3547E+01
6.8150E+00;3.3533E+01
6.8160E+00;3.3519E+01
6.8170E+00;3.3505E+01
6.8180E+00;3.3491E+01
6.8190E+00;3.3477E+01
6.8200E+00;3.3464E+01
6.8210E+00;3.3450E+01
6.8220E+00;3.3436E+01
6.8230E+00;3.3422E+01
6.8240E+00;3.3408E+01
6.8250E+00;3.3394E+01
6.8260E+00;3.3381E+01
6.8270E+00;3.3367E+01
6.8280E+00;3.3353E+01
6.8290E+00;3.3339E+01
6.8300E+00;3.3325E+01
6.8310E+00;3.3311E+01
6.8320E+00;3.3298E+01
6.8330E+00;3.3284E+01
6.8340E+00;3.3270E+01
6.8350E+00;3.3256E+01
6.8360E+00;3.3242E+01
6.8370E+00;3.3228E+01
6.8380E+00;3.3215E+01
6.8390E+00;3.3201E+01
6.8400E+00;3.3187E+01
6.8410E+00;3.3173E+01
6.8420E+00;3.3159E+01
6.8430E+00;3.3145E+01
6.8440E+00;3.3132E+01
6.8450E+00;3.3118E+01
6.8460E+00;3.3104E+01
6.8470E+00;3.3090E+01
6.8480E+00;3.3076E+01
6.8490E+00;3.3062E+01
6.8500E+00;3.3049E+01
6.8510E+00;3.3035E+01
6.8520E+00;3.3021E+01
6.8530E+00;3.3007E+01
6.8540E+00;3.2993E+01
6.8550E+00;3.2979E+01
6.8560E+00;3.2966E+01
6.8570E+00;3.2952E+01
6.8580E+00;3.2938E+01
6.8590E+00;3.2924E+01
6.8600E+00;3.2910E+01
6.8610E+00;3.2896E+01
6.8620E+00;3.2883E+01
6.8630E+00;3.2869E+01
6.8640E+00;3.2855E+01
6.8650E+00;3.2841E+01
6.8660E+00;3.2827E+01
6.8670E+00;3.2813E+01
6.8680E+00;3.2800E+01
6.8690E+00;3.2786E+01
6.8700E+00;3.2772E+01
6.8710E+00;3.2758E+01
6.8720E+00;3.2744E+01
6.8730E+00;3.2730E+01
6.8740E+00;3.2717E+01
6.8750E+00;3.2703E+01
6.8760E+00;3.2689E+01
6.8770E+00;3.2675E+01
6.8780E+00;3.2661E+01
6.8790E+00;3.2647E+01
6.8800E+00;3.2634E+01
6.8810E+00;3.2620E+01
6.8820E+00;3.2606E+01
6.8830E+00;3.2592E+01
6.8840E+00;3.2578E+01
6.8850E+00;3.2564E+01
6.8860E+00;3.2551E+01
6.8870E+00;3.2537E+01
6.8880E+00;3.2523E+01
6.8890E+00;3.2509E+01
6.8900E+00;3.2495E+01
6.8910E+00;3.2481E+01
6.8920E+00;3.2467E+01
6.8930E+00;3.2454E+01
6.8940E+00;3.2440E+01
6.8950E+00;3.2426E+01
6.8960E+00;3.2412E+01
6.8970E+00;3.2398E+01
6.8980E+00;3.2384E+01
6.8990E+00;3.2371E+01
6.9000E+00;3.2357E+01
6.9010E+00;3.2343E+01
6.9020E+00;3.2329E+01
6.9030E+00;3.2315E+01
6.9040E+00;3.2301E+01
6.9050E+00;3.2288E+01
6.9060E+00;3.2274E+01
6.9070E+00;3.2260E+01
6.9080E+00;3.2246E+01
6.9090E+00;3.2232E+01
6.9100E+00;3.2218E+01
6.9110E+00;3.2205E+01
6.9120E+00;3.2191E+01
6.9130E+00;3.2177E+01
6.9140E+00;3.2163E+01
6.9150E+00;3.2149E+01
6.9160E+00;3.2135E+01
6.9170E+00;3.2122E+01
6.9180E+00;3.2108E+01
6.9190E+00;3.2094E+01
6.9200E+00;3.2080E+01
6.9210E+00;3.2066E+01
6.9220E+00;3.2052E+01
6.9230E+00;3.2039E+01
6.9240E+00;3.2025E+01
6.9250E+00;3.2011E+01
6.9260E+00;3.1997E+01
6.9270E+00;3.1983E+01
6.9280E+00;3.1969E+01
6.9290E+00;3.1956E+01
6.9300E+00;3.1942E+01
6.9310E+00;3.1928E+01
6.9320E+00;3.1914E+01
6.9330E+00;3.1900E+01
6.9340E+00;3.1886E+01
6.9350E+00;3.1873E+01
6.9360E+00;3.1859E+01
6.9370E+00;3.1845E+01
6.9380E+00;3.1831E+01
6.9390E+00;3.1817E+01
6.9400E+00;3.1803E+01
6.9410E+00;3.1790E+01
6.9420E+00;3.1776E+01
6.9430E+00;3.1762E+01
6.9440E+00;3.1748E+01
6.9450E+00;3.1734E+01
6.9460E+00;3.1720E+01
6.9470E+00;3.1707E+01
6.9480E+00;3.1693E+01
6.9490E+00;3.1679E+01
6.9500E+00;3.1665E+01
6.9510E+00;3.1651E+01
6.9520E+00;3.1637E+01
6.9530E+00;3.1624E+01
6.9540E+00;3.1610E+01
6.9550E+00;3.1596E+01
6.9560E+00;3.1582E+01
6.9570E+00;3.1568E+01
6.9580E+00;3.1554E+01
6.9590E+00;3.1541E+01
6.9600E+00;3.1527E+01
6.9610E+00;3.1513E+01
6.9620E+00;3.1499E+01
6.9630E+00;3.1485E+01
6.9640E+00;3.1471E+01
6.9650E+00;3.1458E+01
6.9660E+00;3.1444E+01
6.9670E+00;3.1430E+01
6.9680E+00;3.1416E+01
6.9690E+00;3.1402E+01
6.9700E+00;3.1388E+01
6.9710E+00;3.1375E+01
6.9720E+00;3.1361E+01
6.9730E+00;3.1347E+01
6.9740E+00;3.1333E+01
6.9750E+00;3.1319E+01
6.9760E+00;3.1306E+01
6.9770E+00;3.1292E+01
6.9780E+00;3.1278E+01
6.9790E+00;3.1264E+01
6.9800E+00;3.1250E+01
6.9810E+00;3.1236E+01
6.9820E+00;3.1223E+01
6.9830E+00;3.1209E+01
6.9840E+00;3.1195E+01
6.9850E+00;3.1181E+01
6.9860E+00;3.1167E+01
6.9870E+00;3.1153E+01
6.9880E+00;3.1140E+01
6.9890E+00;3.1126E+01
6.9900E+00;3.1112E+01
6.9910E+00;3.1098E+01
6.9920E+00;3.1084E+01
6.9930E+00;3.1070E+01
6.9940E+00;3.1057E+01
6.9950E+00;3.1043E+01
6.9960E+00;3.1029E+01
6.9970E+00;3.1015E+01
6.9980E+00;3.1001E+01
6.9990E+00;3.0987E+01
7.0000E+00;3.0974E+01
7.0010E+00;3.0960E+01
7.0020E+00;3.0946E+01
7.0030E+00;3.0932E+01
7.0040E+00;3.0918E+01
7.0050E+00;3.0904E+01
7.0060E+00;3.0891E+01
7.0070E+00;3.0877E+01
7.0080E+00;3.0863E+01
7.0090E+00;3.0849E+01
7.0100E+00;3.0835E+01
7.0110E+00;3.0821E+01
7.0120E+00;3.0808E+01
7.0130E+00;3.0794E+01
7.0140E+00;3.0780E+01
7.0150E+00;3.0766E+01
7.0160E+00;3.0752E+01
7.0170E+00;3.0738E+01
7.0180E+00;3.0725E+01
7.0190E+00;3.0711E+01
7.0200E+00;3.0697E+01
7.0210E+00;3.0683E+01
7.0220E+00;3.0669E+01
7.0230E+00;3.0655E+01
7.0240E+00;3.0642E+01
7.0250E+00;3.0628E+01
7.0260E+00;3.0614E+01
7.0270E+00;3.0600E+01
7.0280E+00;3.0586E+01
7.0290E+00;3.0572E+01
7.0300E+00;3.0559E+01
7.0310E+00;3.0545E+01
7.0320E+00;3.0531E+01
7.0330E+00;3.0517E+01
7.0340E+00;3.0503E+01
7.0350E+00;3.0489E+01
7.0360E+00;3.0476E+01
7.0370E+00;3.0462E+01
7.0380E+00;3.0448E+01
7.0390E+00;3.0434E+01
7.0400E+00;3.0420E+01
7.0410E+00;3.0406E+01
7.0420E+00;3.0393E+01
7.0430E+00;3.0379E+01
7.0440E+00;3.0365E+01
7.0450E+00;3.0351E+01
7.0460E+00;3.0337E+01
7.0470E+00;3.0323E+01
7.0480E+00;3.0310E+01
7.0490E+00;3.0296E+01
7.0500E+00;3.0282E+01
7.0510E+00;3.0268E+01
7.0520E+00;3.0254E+01
7.0530E+00;3.0240E+01
7.0540E+00;3.0227E+01
7.0550E+00;3.0213E+01
7.0560E+00;3.0199E+01
7.0570E+00;3.0185E+01
7.0580E+00;3.0171E+01
7.0590E+00;3.0158E+01
7.0600E+00;3.0144E+01
7.0610E+00;3.0130E+01
7.0620E+00;3.0116E+01
7.0630E+00;3.0102E+01
7.0640E+00;3.0088E+01
7.0650E+00;3.0075E+01
7.0660E+00;3.0061E+01
7.0670E+00;3.0047E+01
7.0680E+00;3.0033E+01
7.0690E+00;3.0019E+01
7.0700E+00;3.0005E+01
7.0710E+00;2.9992E+01
7.0720E+00;2.9978E+01
7.0730E+00;2.9964E+01
7.0740E+00;2.9950E+01
7.0750E+00;2.9936E+01
7.0760E+00;2.9922E+01
7.0770E+00;2.9909E+01
7.0780E+00;2.9895E+01
7.0790E+00;2.9881E+01
7.0800E+00;2.9867E+01
7.0810E+00;2.9853E+01
7.0820E+00;2.9839E+01
7.0830E+00;2.9826E+01
7.0840E+00;2.9812E+01
7.0850E+00;2.9798E+01
7.0860E+00;2.9784E+01
7.0870E+00;2.9770E+01
7.0880E+00;2.9756E+01
7.0890E+00;2.9743E+01
7.0900E+00;2.9729E+01
7.0910E+00;2.9715E+01
7.0920E+00;2.9701E+01
7.0930E+00;2.9687E+01
7.0940E+00;2.9673E+01
7.0950E+00;2.9660E+01
7.0960E+00;2.9646E+01
7.0970E+00;2.9632E+01
7.0980E+00;2.9618E+01
7.0990E+00;2.9604E+01
7.1000E+00;2.9591E+01
7.1010E+00;2.9577E+01
7.1020E+00;2.9563E+01
7.1030E+00;2.9549E+01
7.1040E+00;2.9535E+01
7.1050E+00;2.9521E+01
7.1060E+00;2.9508E+01
7.1070E+00;2.9494E+01
7.1080E+00;2.9480E+01
7.1090E+00;2.9466E+01
7.1100E+00;2.9452E+01
7.1110E+00;2.9438E+01
7.1120E+00;2.9425E+01
7.1130E+00;2.9411E+01
7.1140E+00;2.9397E+01
7.1150E+00;2.9383E+01
7.1160E+00;2.9369E+01
7.1170E+00;2.9355E+01
7.1180E+00;2.9342E+01
7.1190E+00;2.9328E+01
7.1200E+00;2.9314E+01
7.1210E+00;2.9300E+01
7.1220E+00;2.9286E+01
7.1230E+00;2.9272E+01
7.1240E+00;2.9259E+01
7.1250E+00;2.9245E+01
7.1260E+00;2.9231E+01
7.1270E+00;2.9217E+01
7.1280E+00;2.9203E+01
7.1290E+00;2.9189E+01
7.1300E+00;2.9176E+01
7.1310E+00;2.9162E+01
7.1320E+00;2.9148E+01
7.1330E+00;2.9134E+01
7.1340E+00;2.9120E+01
7.1350E+00;2.9107E+01
7.1360E+00;2.9093E+01
7.1370E+00;2.9079E+01
7.1380E+00;2.9065E+01
7.1390E+00;2.9051E+01
7.1400E+00;2.9037E+01
7.1410E+00;2.9024E+01
7.1420E+00;2.9010E+01
7.1430E+00;2.8996E+01
7.1440E+00;2.8982E+01
7.1450E+00;2.8968E+01
7.1460E+00;2.8954E+01
7.1470E+00;2.8941E+01
7.1480E+00;2.8927E+01
7.1490E+00;2.8913E+01
7.1500E+00;2.8899E+01
7.1510E+00;2.8885E+01
7.1520E+00;2.8871E+01
7.1530E+00;2.8858E+01
7.1540E+00;2.8844E+01
7.1550E+00;2.8830E+01
7.1560E+00;2.8816E+01
7.1570E+00;2.8802E+01
7.1580E+00;2.8788E+01
7.1590E+00;2.8775E+01
7.1600E+00;2.8761E+01
7.1610E+00;2.8747E+01
7.1620E+00;2.8733E+01
7.1630E+00;2.8719E+01
7.1640E+00;2.8706E+01
7.1650E+00;2.8692E+01
7.1660E+00;2.8678E+01
7.1670E+00;2.8664E+01
7.1680E+00;2.8650E+01
7.1690E+00;2.8636E+01
7.1700E+00;2.8623E+01
7.1710E+00;2.8609E+01
7.1720E+00;2.8595E+01
7.1730E+00;2.8581E+01
7.1740E+00;2.8567E+01
7.1750E+00;2.8553E+01
7.1760E+00;2.8540E+01
7.1770E+00;2.8526E+01
7.1780E+00;2.8512E+01
7.1790E+00;2.8498E+01
7.1800E+00;2.8484E+01
7.1810E+00;2.8470E+01
7.1820E+00;2.8457E+01
7.1830E+00;2.8443E+01
7.1840E+00;2.8429E+01
7.1850E+00;2.8415E+01
7.1860E+00;2.8401E+01
7.1870E+00;2.8388E+01
7.1880E+00;2.8374E+01
7.1890E+00;2.8360E+01
7.1900E+00;2.8346E+01
7.1910E+00;2.8332E+01
7.1920E+00;2.8318E+01
7.1930E+00;2.8305E+01
7.1940E+00;2.8291E+01
7.1950E+00;2.8277E+01
7.1960E+00;2.8263E+01
7.1970E+00;2.8249E+01
7.1980E+00;2.8235E+01
7.1990E+00;2.8222E+01
7.2000E+00;2.8208E+01
7.2010E+00;2.8194E+01
7.2020E+00;2.8180E+01
7.2030E+00;2.8166E+01
7.2040E+00;2.8152E+01
7.2050E+00;2.8139E+01
7.2060E+00;2.8125E+01
7.2070E+00;2.8111E+01
7.2080E+00;2.8097E+01
7.2090E+00;2.8083E+01
7.2100E+00;2.8070E+01
7.2110E+00;2.8056E+01
7.2120E+00;2.8042E+01
7.2130E+00;2.8028E+01
7.2140E+00;2.8014E+01
7.2150E+00;2.8000E+01
7.2160E+00;2.7987E+01
7.2170E+00;2.7973E+01
7.2180E+00;2.7959E+01
7.2190E+00;2.7945E+01
7.2200E+00;2.7931E+01
7.2210E+00;2.7917E+01
7.2220E+00;2.7904E+01
7.2230E+00;2.7890E+01
7.2240E+00;2.7876E+01
7.2250E+00;2.7862E+01
7.2260E+00;2.7848E+01
7.2270E+00;2.7834E+01
7.2280E+00;2.7821E+01
7.2290E+00;2.7807E+01
7.2300E+00;2.7793E+01
7.2310E+00;2.7779E+01
7.2320E+00;2.7765E+01
7.2330E+00;2.7752E+01
7.2340E+00;2.7738E+01
7.2350E+00;2.7724E+01
7.2360E+00;2.7710E+01
7.2370E+00;2.7696E+01
7.2380E+00;2.7682E+01
7.2390E+00;2.7669E+01
7.2400E+00;2.7655E+01
7.2410E+00;2.7641E+01
7.2420E+00;2.7627E+01
7.2430E+00;2.7613E+01
7.2440E+00;2.7599E+01
7.2450E+00;2.7586E+01
7.2460E+00;2.7572E+01
7.2470E+00;2.7558E+01
7.2480E+00;2.7544E+01
7.2490E+00;2.7530E+01
7.2500E+00;2.7517E+01
7.2510E+00;2.7503E+01
7.2520E+00;2.7489E+01
7.2530E+00;2.7475E+01
7.2540E+00;2.7461E+01
7.2550E+00;2.7447E+01
7.2560E+00;2.7434E+01
7.2570E+00;2.7420E+01
7.2580E+00;2.7406E+01
7.2590E+00;2.7392E+01
7.2600E+00;2.7378E+01
7.2610E+00;2.7364E+01
7.2620E+00;2.7351E+01
7.2630E+00;2.7337E+01
7.2640E+00;2.7323E+01
7.2650E+00;2.7309E+01
7.2660E+00;2.7295E+01
7.2670E+00;2.7282E+01
7.2680E+00;2.7268E+01
7.2690E+00;2.7254E+01
7.2700E+00;2.7240E+01
7.2710E+00;2.7226E+01
7.2720E+00;2.7212E+01
7.2730E+00;2.7199E+01
7.2740E+00;2.7185E+01
7.2750E+00;2.7171E+01
7.2760E+00;2.7157E+01
7.2770E+00;2.7143E+01
7.2780E+00;2.7129E+01
7.2790E+00;2.7116E+01
7.2800E+00;2.7102E+01
7.2810E+00;2.7088E+01
7.2820E+00;2.7074E+01
7.2830E+00;2.7060E+01
7.2840E+00;2.7047E+01
7.2850E+00;2.7033E+01
7.2860E+00;2.7019E+01
7.2870E+00;2.7005E+01
7.2880E+00;2.6991E+01
7.2890E+00;2.6977E+01
7.2900E+00;2.6964E+01
7.2910E+00;2.6950E+01
7.2920E+00;2.6936E+01
7.2930E+00;2.6922E+01
7.2940E+00;2.6908E+01
7.2950E+00;2.6894E+01
7.2960E+00;2.6881E+01
7.2970E+00;2.6867E+01
7.2980E+00;2.6853E+01
7.2990E+00;2.6839E+01
7.3000E+00;2.6825E+01
7.3010E+00;2.6812E+01
7.3020E+00;2.6798E+01
7.3030E+00;2.6784E+01
7.3040E+00;2.6770E+01
7.3050E+00;2.6756E+01
7.3060E+00;2.6742E+01
7.3070E+00;2.6729E+01
7.3080E+00;2.6715E+01
7.3090E+00;2.6701E+01
7.3100E+00;2.6687E+01
7.3110E+00;2.6673E+01
7.3120E+00;2.6660E+01
7.3130E+00;2.6646E+01
7.3140E+00;2.6632E+01
7.3150E+00;2.6618E+01
7.3160E+00;2.6604E+01
7.3170E+00;2.6590E+01
7.3180E+00;2.6577E+01
7.3190E+00;2.6563E+01
7.3200E+00;2.6549E+01
7.3210E+00;2.6535E+01
7.3220E+00;2.6521E+01
7.3230E+00;2.6507E+01
7.3240E+00;2.6494E+01
7.3250E+00;2.6480E+01
7.3260E+00;2.6466E+01
7.3270E+00;2.6452E+01
7.3280E+00;2.6438E+01
7.3290E+00;2.6425E+01
7.3300E+00;2.6411E+01
7.3310E+00;2.6397E+01
7.3320E+00;2.6383E+01
7.3330E+00;2.6369E+01
7.3340E+00;2.6355E+01
7.3350E+00;2.6342E+01
7.3360E+00;2.6328E+01
7.3370E+00;2.6314E+01
7.3380E+00;2.6300E+01
7.3390E+00;2.6286E+01
7.3400E+00;2.6273E+01
7.3410E+00;2.6259E+01
7.3420E+00;2.6245E+01
7.3430E+00;2.6231E+01
7.3440E+00;2.6217E+01
7.3450E+00;2.6203E+01
7.3460E+00;2.6190E+01
7.3470E+00;2.6176E+01
7.3480E+00;2.6162E+01
7.3490E+00;2.6148E+01
7.3500E+00;2.6134E+01
7.3510E+00;2.6121E+01
7.3520E+00;2.6107E+01
7.3530E+00;2.6093E+01
7.3540E+00;2.6079E+01
7.3550E+00;2.6065E+01
7.3560E+00;2.6051E+01
7.3570E+00;2.6038E+01
7.3580E+00;2.6024E+01
7.3590E+00;2.6010E+01
7.3600E+00;2.5996E+01
7.3610E+00;2.5982E+01
7.3620E+00;2.5969E+01
7.3630E+00;2.5955E+01
7.3640E+00;2.5941E+01
7.3650E+00;2.5927E+01
7.3660E+00;2.5913E+01
7.3670E+00;2.5899E+01
7.3680E+00;2.5886E+01
7.3690E+00;2.5872E+01
7.3700E+00;2.5858E+01
7.3710E+00;2.5844E+01
7.3720E+00;2.5830E+01
7.3730E+00;2.5816E+01
7.3740E+00;2.5803E+01
7.3750E+00;2.5789E+01
7.3760E+00;2.5775E+01
7.3770E+00;2.5761E+01
7.3780E+00;2.5747E+01
7.3790E+00;2.5734E+01
7.3800E+00;2.5720E+01
7.3810E+00;2.5706E+01
7.3820E+00;2.5692E+01
7.3830E+00;2.5678E+01
7.3840E+00;2.5665E+01
7.3850E+00;2.5651E+01
7.3860E+00;2.5637E+01
7.3870E+00;2.5623E+01
7.3880E+00;2.5609E+01
7.3890E+00;2.5595E+01
7.3900E+00;2.5582E+01
7.3910E+00;2.5568E+01
7.3920E+00;2.5554E+01
7.3930E+00;2.5540E+01
7.3940E+00;2.5526E+01
7.3950E+00;2.5512E+01
7.3960E+00;2.5499E+01
7.3970E+00;2.5485E+01
7.3980E+00;2.5471E+01
7.3990E+00;2.5457E+01
7.4000E+00;2.5443E+01
